"Date","Price","Open","High","Low","Vol.","Change "
"Dec 31, 2023","2,299.63","2,291.70","2,304.62","2,277.97","210.88K","0.35"
"Dec 30, 2023","2,291.70","2,299.24","2,322.76","2,269.23","219.92K","-0.33"
"Dec 29, 2023","2,299.24","2,344.48","2,385.26","2,265.63","475.37K","-1.93"
"Dec 28, 2023","2,344.47","2,378.63","2,443.59","2,338.46","626.91K","-1.44"
"Dec 27, 2023","2,378.63","2,230.76","2,391.53","2,213.78","577.27K","6.63"
"Dec 26, 2023","2,230.74","2,271.38","2,274.71","2,184.60","429.50K","-1.79"
"Dec 25, 2023","2,271.38","2,263.57","2,303.28","2,253.25","298.17K","0.35"
"Dec 24, 2023","2,263.57","2,308.60","2,325.08","2,247.73","319.33K","-1.95"
"Dec 23, 2023","2,308.61","2,324.24","2,330.07","2,267.39","266.30K","-0.67"
"Dec 22, 2023","2,324.23","2,239.62","2,341.52","2,232.83","620.73K","3.78"
"Dec 21, 2023","2,239.62","2,202.19","2,277.72","2,183.35","471.46K","1.70"
"Dec 20, 2023","2,202.19","2,177.45","2,263.30","2,161.76","440.35K","1.14"
"Dec 19, 2023","2,177.44","2,218.82","2,254.75","2,137.80","400.94K","-1.86"
"Dec 18, 2023","2,218.80","2,197.01","2,223.30","2,123.06","388.26K","0.99"
"Dec 17, 2023","2,197.04","2,229.07","2,247.84","2,196.06","233.48K","-1.44"
"Dec 16, 2023","2,229.07","2,220.41","2,262.68","2,212.80","206.79K","0.39"
"Dec 15, 2023","2,220.41","2,315.40","2,317.42","2,213.18","349.63K","-4.11"
"Dec 14, 2023","2,315.64","2,260.18","2,331.63","2,237.39","461.60K","2.45"
"Dec 13, 2023","2,260.18","2,203.49","2,283.84","2,148.87","436.64K","2.57"
"Dec 12, 2023","2,203.49","2,225.33","2,243.34","2,168.18","377.05K","-0.98"
"Dec 11, 2023","2,225.34","2,352.26","2,355.02","2,164.16","678.03K","-5.40"
"Dec 10, 2023","2,352.26","2,340.55","2,376.57","2,324.18","206.78K","0.50"
"Dec 09, 2023","2,340.55","2,358.42","2,401.34","2,332.36","304.64K","-0.76"
"Dec 08, 2023","2,358.42","2,355.78","2,389.36","2,340.88","397.41K","0.11"
"Dec 07, 2023","2,355.80","2,233.45","2,381.65","2,224.61","518.61K","5.48"
"Dec 06, 2023","2,233.45","2,293.36","2,310.20","2,223.15","431.57K","-2.61"
"Dec 05, 2023","2,293.34","2,243.30","2,302.29","2,190.96","561.41K","2.22"
"Dec 04, 2023","2,243.54","2,192.79","2,272.26","2,191.43","601.45K","2.31"
"Dec 03, 2023","2,192.79","2,164.79","2,215.46","2,150.58","279.65K","1.29"
"Dec 02, 2023","2,164.79","2,087.21","2,179.73","2,086.29","344.20K","3.72"
"Dec 01, 2023","2,087.21","2,051.59","2,109.32","2,045.39","402.51K","1.74"
"Nov 30, 2023","2,051.56","2,028.99","2,054.33","2,021.44","252.49K","1.11"
"Nov 29, 2023","2,028.99","2,048.47","2,071.36","2,020.31","269.97K","-0.95"
"Nov 28, 2023","2,048.47","2,027.51","2,074.79","1,996.19","312.94K","1.03"
"Nov 27, 2023","2,027.51","2,062.30","2,071.13","1,987.43","354.28K","-1.70"
"Nov 26, 2023","2,062.64","2,082.91","2,092.80","2,038.28","259.79K","-0.98"
"Nov 25, 2023","2,083.09","2,080.63","2,089.64","2,065.17","154.35K","0.12"
"Nov 24, 2023","2,080.62","2,061.92","2,129.20","2,059.23","460.97K","0.91"
"Nov 23, 2023","2,061.92","2,063.05","2,088.20","2,040.66","264.01K","-0.06"
"Nov 22, 2023","2,063.05","1,934.62","2,090.01","1,930.66","506.35K","6.64"
"Nov 21, 2023","1,934.62","2,021.49","2,034.51","1,932.50","527.41K","-4.30"
"Nov 20, 2023","2,021.49","2,011.02","2,064.05","1,994.89","455.23K","0.52"
"Nov 19, 2023","2,011.01","1,961.72","2,014.93","1,943.63","269.02K","2.51"
"Nov 18, 2023","1,961.72","1,960.80","1,971.02","1,920.13","298.88K","0.05"
"Nov 17, 2023","1,960.80","1,961.77","1,990.24","1,908.24","430.92K","-0.05"
"Nov 16, 2023","1,961.76","2,058.93","2,089.44","1,940.44","585.12K","-4.72"
"Nov 15, 2023","2,058.93","1,979.40","2,060.95","1,967.97","455.57K","4.03"
"Nov 14, 2023","1,979.10","2,054.15","2,064.51","1,943.01","521.22K","-3.66"
"Nov 13, 2023","2,054.18","2,044.61","2,115.24","2,031.01","578.44K","0.47"
"Nov 12, 2023","2,044.61","2,053.40","2,065.35","2,020.76","354.64K","-0.43"
"Nov 11, 2023","2,053.42","2,077.72","2,089.24","2,033.56","405.96K","-1.17"
"Nov 10, 2023","2,077.78","2,120.16","2,135.91","2,068.79","640.31K","-2.00"
"Nov 09, 2023","2,120.16","1,888.42","2,131.31","1,882.91","1.21M","12.22"
"Nov 08, 2023","1,889.29","1,885.95","1,903.67","1,873.47","265.08K","0.18"
"Nov 07, 2023","1,885.97","1,900.98","1,906.55","1,852.05","370.10K","-0.79"
"Nov 06, 2023","1,900.98","1,891.81","1,913.13","1,870.00","359.00K","0.46"
"Nov 05, 2023","1,892.36","1,855.72","1,911.00","1,846.57","418.91K","1.97"
"Nov 04, 2023","1,855.72","1,832.31","1,868.52","1,824.40","190.18K","1.28"
"Nov 03, 2023","1,832.29","1,800.28","1,834.16","1,779.79","337.00K","1.78"
"Nov 02, 2023","1,800.27","1,846.60","1,873.02","1,789.00","398.43K","-2.51"
"Nov 01, 2023","1,846.60","1,815.12","1,857.00","1,783.98","509.01K","1.73"
"Oct 31, 2023","1,815.13","1,809.05","1,819.43","1,783.32","279.11K","0.34"
"Oct 30, 2023","1,809.05","1,794.96","1,829.47","1,778.59","304.47K","0.78"
"Oct 29, 2023","1,794.96","1,776.21","1,809.98","1,764.08","156.39K","1.06"
"Oct 28, 2023","1,776.21","1,779.54","1,801.12","1,772.08","134.10K","-0.19"
"Oct 27, 2023","1,779.54","1,803.38","1,803.63","1,751.77","298.24K","-1.31"
"Oct 26, 2023","1,803.13","1,787.00","1,864.81","1,764.43","471.17K","0.90"
"Oct 25, 2023","1,787.00","1,784.88","1,814.21","1,761.39","389.39K","0.12"
"Oct 24, 2023","1,784.88","1,763.79","1,853.31","1,757.32","750.21K","1.20"
"Oct 23, 2023","1,763.75","1,663.35","1,791.99","1,657.57","672.28K","6.04"
"Oct 22, 2023","1,663.35","1,628.94","1,667.50","1,623.29","246.68K","2.11"
"Oct 21, 2023","1,628.94","1,603.89","1,642.33","1,592.41","188.94K","1.56"
"Oct 20, 2023","1,603.89","1,566.78","1,629.26","1,561.62","343.61K","2.37"
"Oct 19, 2023","1,566.79","1,563.43","1,573.48","1,543.87","238.42K","0.21"
"Oct 18, 2023","1,563.43","1,564.99","1,583.77","1,556.15","199.43K","-0.10"
"Oct 17, 2023","1,564.99","1,599.48","1,600.49","1,553.63","250.22K","-2.16"
"Oct 16, 2023","1,599.48","1,557.79","1,635.46","1,555.13","452.69K","2.69"
"Oct 15, 2023","1,557.66","1,554.96","1,565.80","1,550.05","128.70K","0.17"
"Oct 14, 2023","1,554.96","1,552.17","1,559.94","1,545.32","107.26K","0.18"
"Oct 13, 2023","1,552.17","1,539.70","1,574.08","1,538.07","208.91K","0.81"
"Oct 12, 2023","1,539.70","1,566.88","1,568.47","1,523.78","260.59K","-1.73"
"Oct 11, 2023","1,566.88","1,567.62","1,578.16","1,549.16","279.01K","-0.05"
"Oct 10, 2023","1,567.60","1,579.77","1,593.73","1,552.34","255.41K","-0.77"
"Oct 09, 2023","1,579.74","1,632.85","1,635.13","1,550.10","372.11K","-3.25"
"Oct 08, 2023","1,632.85","1,633.58","1,641.30","1,616.80","159.27K","-0.04"
"Oct 07, 2023","1,633.58","1,640.59","1,643.25","1,630.18","107.55K","-0.73"
"Oct 06, 2023","1,645.62","1,611.58","1,659.99","1,611.58","238.24K","2.11"
"Oct 05, 2023","1,611.58","1,646.61","1,654.03","1,609.54","253.05K","-2.15"
"Oct 04, 2023","1,647.05","1,656.88","1,657.61","1,630.48","243.08K","-0.59"
"Oct 03, 2023","1,656.88","1,662.79","1,670.45","1,644.05","216.11K","-0.36"
"Oct 02, 2023","1,662.79","1,732.90","1,742.42","1,638.04","412.81K","-4.05"
"Oct 01, 2023","1,732.89","1,670.92","1,741.94","1,668.94","245.32K","3.71"
"Sep 30, 2023","1,670.92","1,667.71","1,693.68","1,666.25","147.60K","0.19"
"Sep 29, 2023","1,667.72","1,652.89","1,686.63","1,648.47","273.45K","0.90"
"Sep 28, 2023","1,652.89","1,598.53","1,667.61","1,598.16","354.03K","3.40"
"Sep 27, 2023","1,598.49","1,594.05","1,633.50","1,585.28","307.59K","0.28"
"Sep 26, 2023","1,594.04","1,588.62","1,597.67","1,580.60","141.61K","0.34"
"Sep 25, 2023","1,588.62","1,580.55","1,596.57","1,564.70","191.41K","0.51"
"Sep 24, 2023","1,580.55","1,593.89","1,600.37","1,573.94","144.30K","-0.84"
"Sep 23, 2023","1,593.89","1,593.10","1,597.96","1,587.79","69.31K","0.05"
"Sep 22, 2023","1,593.10","1,584.03","1,601.79","1,578.78","135.12K","0.57"
"Sep 21, 2023","1,584.03","1,622.28","1,625.31","1,569.03","264.25K","-2.36"
"Sep 20, 2023","1,622.28","1,643.14","1,649.17","1,610.14","253.88K","-1.27"
"Sep 19, 2023","1,643.08","1,636.88","1,659.53","1,627.31","201.84K","0.38"
"Sep 18, 2023","1,636.92","1,622.63","1,668.87","1,609.69","302.35K","0.88"
"Sep 17, 2023","1,622.65","1,634.41","1,635.00","1,612.87","127.49K","-0.72"
"Sep 16, 2023","1,634.41","1,641.31","1,650.04","1,631.74","107.11K","-0.42"
"Sep 15, 2023","1,641.31","1,626.49","1,652.40","1,612.25","194.29K","0.91"
"Sep 14, 2023","1,626.49","1,607.63","1,639.23","1,607.08","293.64K","1.17"
"Sep 13, 2023","1,607.63","1,592.50","1,614.43","1,582.03","238.31K","0.95"
"Sep 12, 2023","1,592.50","1,551.89","1,617.39","1,549.71","354.59K","2.62"
"Sep 11, 2023","1,551.89","1,617.44","1,618.80","1,533.95","444.95K","-4.05"
"Sep 10, 2023","1,617.44","1,635.56","1,635.72","1,604.26","220.97K","-1.11"
"Sep 09, 2023","1,635.56","1,636.45","1,637.21","1,630.12","63.97K","-0.05"
"Sep 08, 2023","1,636.45","1,648.09","1,657.53","1,618.39","236.38K","-0.71"
"Sep 07, 2023","1,648.09","1,633.18","1,658.04","1,624.07","243.55K","0.91"
"Sep 06, 2023","1,633.18","1,634.46","1,667.08","1,610.49","240.73K","-0.08"
"Sep 05, 2023","1,634.46","1,630.53","1,647.67","1,610.02","219.79K","0.24"
"Sep 04, 2023","1,630.51","1,635.86","1,643.31","1,618.49","178.25K","-0.33"
"Sep 03, 2023","1,635.85","1,637.05","1,645.16","1,625.61","124.14K","-0.07"
"Sep 02, 2023","1,637.05","1,629.00","1,644.63","1,628.11","109.03K","0.49"
"Sep 01, 2023","1,629.00","1,645.82","1,654.39","1,603.67","319.19K","-1.02"
"Aug 31, 2023","1,645.82","1,705.23","1,723.95","1,634.74","355.27K","-3.48"
"Aug 30, 2023","1,705.22","1,729.69","1,730.71","1,696.99","218.44K","-1.41"
"Aug 29, 2023","1,729.69","1,653.22","1,742.83","1,640.29","528.63K","4.63"
"Aug 28, 2023","1,653.22","1,658.34","1,660.80","1,628.79","229.39K","-0.31"
"Aug 27, 2023","1,658.33","1,647.05","1,660.11","1,646.35","94.20K","0.68"
"Aug 26, 2023","1,647.05","1,653.74","1,655.58","1,644.04","84.34K","-0.40"
"Aug 25, 2023","1,653.74","1,661.18","1,676.13","1,636.77","250.86K","-0.43"
"Aug 24, 2023","1,660.89","1,679.93","1,683.03","1,642.45","246.62K","-1.13"
"Aug 23, 2023","1,679.93","1,634.30","1,697.63","1,629.86","399.71K","2.79"
"Aug 22, 2023","1,634.29","1,667.60","1,669.22","1,588.36","424.51K","-2.00"
"Aug 21, 2023","1,667.60","1,685.24","1,686.11","1,651.77","265.91K","-1.05"
"Aug 20, 2023","1,685.24","1,669.68","1,692.47","1,662.82","205.82K","0.93"
"Aug 19, 2023","1,669.67","1,661.27","1,693.88","1,654.35","243.31K","0.51"
"Aug 18, 2023","1,661.26","1,681.51","1,698.77","1,646.32","572.90K","-1.34"
"Aug 17, 2023","1,683.89","1,807.81","1,809.81","1,560.88","876.70K","-6.85"
"Aug 16, 2023","1,807.81","1,828.98","1,831.52","1,803.31","217.47K","-1.16"
"Aug 15, 2023","1,828.98","1,845.51","1,847.35","1,816.32","196.60K","-0.90"
"Aug 14, 2023","1,845.51","1,840.73","1,856.48","1,835.90","158.11K","0.26"
"Aug 13, 2023","1,840.73","1,849.94","1,861.50","1,835.51","126.51K","-0.50"
"Aug 12, 2023","1,849.94","1,848.88","1,853.54","1,846.13","66.93K","0.06"
"Aug 11, 2023","1,848.88","1,852.46","1,857.17","1,840.65","120.55K","-0.19"
"Aug 10, 2023","1,852.46","1,855.36","1,865.94","1,847.34","134.21K","-0.16"
"Aug 09, 2023","1,855.36","1,856.24","1,870.48","1,846.76","203.58K","-0.05"
"Aug 08, 2023","1,856.24","1,829.10","1,871.77","1,826.40","253.39K","1.48"
"Aug 07, 2023","1,829.11","1,830.28","1,846.41","1,805.30","243.92K","-0.06"
"Aug 06, 2023","1,830.28","1,836.48","1,838.08","1,826.12","100.32K","-0.34"
"Aug 05, 2023","1,836.48","1,830.24","1,838.62","1,827.52","103.08K","0.34"
"Aug 04, 2023","1,830.24","1,835.98","1,849.13","1,819.65","199.60K","-0.31"
"Aug 03, 2023","1,835.98","1,839.76","1,858.62","1,828.34","182.56K","-0.23"
"Aug 02, 2023","1,840.21","1,874.21","1,879.32","1,822.94","272.70K","-1.81"
"Aug 01, 2023","1,874.21","1,856.17","1,875.00","1,818.06","386.29K","0.97"
"Jul 31, 2023","1,856.17","1,861.81","1,876.03","1,851.42","177.97K","-0.30"
"Jul 30, 2023","1,861.81","1,880.55","1,884.33","1,851.63","167.77K","-1.00"
"Jul 29, 2023","1,880.55","1,874.23","1,886.26","1,869.74","79.76K","0.34"
"Jul 28, 2023","1,874.23","1,861.32","1,882.23","1,856.90","148.92K","0.69"
"Jul 27, 2023","1,861.32","1,872.00","1,885.87","1,855.40","176.21K","-0.57"
"Jul 26, 2023","1,872.00","1,857.67","1,886.92","1,849.43","286.61K","0.77"
"Jul 25, 2023","1,857.67","1,850.05","1,867.36","1,845.68","161.06K","0.41"
"Jul 24, 2023","1,850.04","1,888.85","1,890.78","1,835.14","297.13K","-2.05"
"Jul 23, 2023","1,888.85","1,866.26","1,903.95","1,858.12","164.31K","1.21"
"Jul 22, 2023","1,866.25","1,891.75","1,897.03","1,854.09","143.13K","-1.35"
"Jul 21, 2023","1,891.75","1,891.68","1,905.57","1,884.95","176.39K","0.03"
"Jul 20, 2023","1,891.23","1,888.64","1,928.36","1,879.39","321.92K","0.14"
"Jul 19, 2023","1,888.65","1,897.58","1,920.48","1,882.18","244.92K","-0.47"
"Jul 18, 2023","1,897.58","1,911.24","1,917.21","1,877.52","233.00K","-0.71"
"Jul 17, 2023","1,911.24","1,922.45","1,935.99","1,876.00","293.54K","-0.58"
"Jul 16, 2023","1,922.45","1,931.43","1,942.55","1,918.01","158.59K","-0.46"
"Jul 15, 2023","1,931.42","1,938.05","1,946.10","1,926.83","145.89K","-0.34"
"Jul 14, 2023","1,938.05","2,004.77","2,025.56","1,900.22","530.86K","-3.33"
"Jul 13, 2023","2,004.77","1,871.86","2,010.75","1,863.22","588.53K","7.10"
"Jul 12, 2023","1,871.86","1,878.33","1,901.45","1,865.11","280.91K","-0.34"
"Jul 11, 2023","1,878.33","1,880.42","1,889.83","1,863.93","191.47K","-0.11"
"Jul 10, 2023","1,880.42","1,862.91","1,903.82","1,846.71","264.83K","0.94"
"Jul 09, 2023","1,862.91","1,865.28","1,878.22","1,856.97","145.47K","-0.13"
"Jul 08, 2023","1,865.28","1,870.92","1,873.16","1,843.82","136.69K","-0.30"
"Jul 07, 2023","1,870.92","1,848.29","1,877.51","1,827.35","249.82K","1.22"
"Jul 06, 2023","1,848.36","1,910.43","1,957.58","1,847.01","483.00K","-3.25"
"Jul 05, 2023","1,910.43","1,936.21","1,942.15","1,896.43","284.34K","-1.33"
"Jul 04, 2023","1,936.19","1,955.56","1,966.03","1,931.64","226.10K","-0.99"
"Jul 03, 2023","1,955.56","1,937.57","1,974.61","1,934.51","346.33K","0.93"
"Jul 02, 2023","1,937.57","1,924.53","1,958.36","1,893.68","283.61K","0.68"
"Jul 01, 2023","1,924.53","1,933.80","1,943.20","1,909.92","189.41K","-0.48"
"Jun 30, 2023","1,933.80","1,851.92","1,943.65","1,837.49","765.42K","4.42"
"Jun 29, 2023","1,851.92","1,827.95","1,878.86","1,827.95","256.22K","1.31"
"Jun 28, 2023","1,827.95","1,889.51","1,890.11","1,821.94","356.71K","-3.26"
"Jun 27, 2023","1,889.51","1,859.00","1,911.73","1,856.19","386.05K","1.64"
"Jun 26, 2023","1,859.00","1,898.80","1,906.07","1,840.63","479.76K","-2.10"
"Jun 25, 2023","1,898.80","1,875.00","1,929.61","1,869.28","356.99K","1.27"
"Jun 24, 2023","1,875.00","1,891.98","1,904.04","1,865.77","239.37K","-0.90"
"Jun 23, 2023","1,891.97","1,872.29","1,932.23","1,864.60","428.03K","1.05"
"Jun 22, 2023","1,872.32","1,889.87","1,931.60","1,866.66","438.75K","-0.93"
"Jun 21, 2023","1,889.87","1,791.64","1,899.11","1,787.59","653.63K","5.48"
"Jun 20, 2023","1,791.61","1,737.06","1,793.35","1,715.20","359.77K","3.14"
"Jun 19, 2023","1,737.06","1,720.98","1,748.05","1,706.40","263.64K","0.93"
"Jun 18, 2023","1,720.98","1,727.79","1,746.40","1,715.90","167.46K","-0.39"
"Jun 17, 2023","1,727.79","1,717.92","1,764.06","1,714.30","227.93K","0.57"
"Jun 16, 2023","1,717.92","1,666.96","1,728.35","1,653.68","333.35K","3.06"
"Jun 15, 2023","1,666.96","1,650.96","1,678.94","1,632.50","397.40K","0.97"
"Jun 14, 2023","1,650.96","1,739.60","1,749.90","1,636.49","451.13K","-5.10"
"Jun 13, 2023","1,739.60","1,742.60","1,763.15","1,727.64","303.23K","-0.17"
"Jun 12, 2023","1,742.60","1,752.80","1,757.79","1,722.92","320.47K","-0.58"
"Jun 11, 2023","1,752.80","1,751.56","1,775.87","1,740.02","232.04K","0.07"
"Jun 10, 2023","1,751.56","1,840.41","1,844.23","1,719.16","696.59K","-4.83"
"Jun 09, 2023","1,840.41","1,845.68","1,854.72","1,828.66","215.71K","-0.29"
"Jun 08, 2023","1,845.68","1,832.10","1,860.53","1,829.38","202.78K","0.74"
"Jun 07, 2023","1,832.10","1,884.63","1,893.73","1,823.42","454.83K","-2.76"
"Jun 06, 2023","1,884.17","1,811.19","1,895.79","1,800.75","518.57K","4.03"
"Jun 05, 2023","1,811.20","1,890.00","1,890.53","1,782.82","588.61K","-4.17"
"Jun 04, 2023","1,890.04","1,892.05","1,914.12","1,884.54","183.07K","-0.11"
"Jun 03, 2023","1,892.05","1,907.10","1,907.90","1,884.17","157.10K","-0.79"
"Jun 02, 2023","1,907.10","1,861.77","1,910.01","1,847.84","329.16K","2.43"
"Jun 01, 2023","1,861.77","1,873.62","1,888.07","1,846.23","286.98K","-0.63"
"May 31, 2023","1,873.63","1,900.59","1,906.21","1,852.00","337.87K","-1.42"
"May 30, 2023","1,900.59","1,892.61","1,915.91","1,882.97","288.67K","0.42"
"May 29, 2023","1,892.61","1,908.37","1,925.74","1,878.33","338.07K","-0.83"
"May 28, 2023","1,908.35","1,829.91","1,914.92","1,824.70","401.09K","4.29"
"May 27, 2023","1,829.91","1,827.80","1,835.94","1,817.35","147.46K","0.12"
"May 26, 2023","1,827.80","1,805.62","1,837.39","1,798.10","290.89K","1.22"
"May 25, 2023","1,805.69","1,799.91","1,817.05","1,764.92","370.60K","0.32"
"May 24, 2023","1,799.91","1,854.08","1,854.08","1,781.70","441.64K","-2.92"
"May 23, 2023","1,854.08","1,817.19","1,868.89","1,815.41","428.05K","2.03"
"May 22, 2023","1,817.19","1,804.89","1,827.38","1,792.35","250.27K","0.68"
"May 21, 2023","1,804.89","1,819.66","1,827.47","1,799.03","170.05K","-0.81"
"May 20, 2023","1,819.68","1,812.32","1,828.06","1,807.08","134.46K","0.41"
"May 19, 2023","1,812.32","1,800.95","1,829.33","1,796.99","253.50K","0.63"
"May 18, 2023","1,800.99","1,822.12","1,831.51","1,774.77","311.24K","-1.14"
"May 17, 2023","1,821.73","1,823.98","1,834.44","1,785.78","376.26K","-0.12"
"May 16, 2023","1,823.98","1,817.11","1,830.01","1,797.60","325.77K","0.38"
"May 15, 2023","1,817.11","1,799.36","1,845.27","1,786.61","405.84K","0.99"
"May 14, 2023","1,799.36","1,795.11","1,822.93","1,791.86","229.74K","0.25"
"May 13, 2023","1,794.95","1,807.31","1,814.55","1,786.23","223.65K","-0.68"
"May 12, 2023","1,807.31","1,794.71","1,812.46","1,741.48","598.87K","0.70"
"May 11, 2023","1,794.71","1,840.92","1,841.04","1,774.30","548.42K","-2.51"
"May 10, 2023","1,840.92","1,846.56","1,886.83","1,797.07","685.11K","-0.31"
"May 09, 2023","1,846.56","1,847.48","1,858.57","1,832.05","318.79K","-0.05"
"May 08, 2023","1,847.48","1,871.03","1,883.54","1,813.63","667.82K","-1.26"
"May 07, 2023","1,870.99","1,896.48","1,931.39","1,870.94","441.65K","-1.34"
"May 06, 2023","1,896.48","1,993.33","2,013.10","1,868.09","658.63K","-4.86"
"May 05, 2023","1,993.33","1,877.06","1,996.64","1,875.66","589.05K","6.19"
"May 04, 2023","1,877.06","1,904.76","1,915.15","1,868.18","372.69K","-1.45"
"May 03, 2023","1,904.74","1,869.74","1,915.00","1,844.72","489.66K","1.87"
"May 02, 2023","1,869.74","1,830.75","1,878.70","1,823.25","391.27K","2.13"
"May 01, 2023","1,830.75","1,869.05","1,885.70","1,807.30","475.92K","-2.04"
"Apr 30, 2023","1,868.88","1,907.80","1,937.86","1,868.88","377.71K","-2.04"
"Apr 29, 2023","1,907.80","1,890.93","1,915.90","1,886.27","193.47K","0.88"
"Apr 28, 2023","1,891.14","1,908.79","1,922.85","1,875.03","408.45K","-0.93"
"Apr 27, 2023","1,908.81","1,866.05","1,937.55","1,862.37","771.48K","2.29"
"Apr 26, 2023","1,866.05","1,865.95","1,963.46","1,793.76","958.23K","0.01"
"Apr 25, 2023","1,865.95","1,841.88","1,877.54","1,804.20","491.98K","1.31"
"Apr 24, 2023","1,841.88","1,862.04","1,889.09","1,809.80","480.28K","-1.08"
"Apr 23, 2023","1,862.05","1,873.96","1,881.92","1,839.05","368.77K","-0.63"
"Apr 22, 2023","1,873.95","1,848.88","1,886.22","1,845.73","351.72K","1.30"
"Apr 21, 2023","1,849.81","1,942.72","1,955.35","1,831.47","769.94K","-4.78"
"Apr 20, 2023","1,942.72","1,935.97","1,977.95","1,917.71","665.65K","0.35"
"Apr 19, 2023","1,935.97","2,103.36","2,104.31","1,925.00","855.36K","-7.96"
"Apr 18, 2023","2,103.34","2,074.74","2,121.27","2,056.86","437.10K","1.38"
"Apr 17, 2023","2,074.74","2,118.61","2,119.18","2,062.17","448.14K","-2.10"
"Apr 16, 2023","2,119.29","2,090.59","2,137.56","2,073.26","342.43K","1.37"
"Apr 15, 2023","2,090.59","2,099.98","2,110.30","2,074.33","340.60K","-0.45"
"Apr 14, 2023","2,099.98","2,012.12","2,127.56","2,009.53","957.03K","4.37"
"Apr 13, 2023","2,012.11","1,916.59","2,018.73","1,899.96","721.56K","4.98"
"Apr 12, 2023","1,916.58","1,889.86","1,930.46","1,857.35","669.43K","1.41"
"Apr 11, 2023","1,889.86","1,910.35","1,935.75","1,884.64","428.26K","-1.07"
"Apr 10, 2023","1,910.36","1,858.90","1,916.53","1,847.39","457.41K","2.77"
"Apr 09, 2023","1,858.90","1,848.93","1,871.87","1,825.60","306.40K","0.54"
"Apr 08, 2023","1,848.93","1,863.45","1,879.11","1,847.72","207.67K","-0.78"
"Apr 07, 2023","1,863.46","1,872.35","1,882.56","1,844.43","298.77K","-0.47"
"Apr 06, 2023","1,872.35","1,908.95","1,908.95","1,855.89","420.80K","-1.92"
"Apr 05, 2023","1,908.96","1,870.52","1,936.10","1,864.64","583.84K","2.05"
"Apr 04, 2023","1,870.52","1,810.77","1,887.33","1,802.51","658.37K","3.30"
"Apr 03, 2023","1,810.77","1,795.01","1,838.71","1,764.26","657.58K","0.88"
"Apr 02, 2023","1,795.01","1,820.78","1,824.32","1,775.81","334.84K","-1.42"
"Apr 01, 2023","1,820.78","1,821.62","1,840.27","1,811.67","283.39K","-0.05"
"Mar 31, 2023","1,821.62","1,793.59","1,845.54","1,782.26","579.01K","1.56"
"Mar 30, 2023","1,793.59","1,793.16","1,828.91","1,766.90","607.74K","0.02"
"Mar 29, 2023","1,793.27","1,772.64","1,825.01","1,772.64","564.93K","1.16"
"Mar 28, 2023","1,772.63","1,714.65","1,792.38","1,702.95","561.33K","3.38"
"Mar 27, 2023","1,714.65","1,773.91","1,780.06","1,691.38","607.00K","-3.35"
"Mar 26, 2023","1,774.06","1,742.32","1,796.77","1,739.39","371.97K","1.82"
"Mar 25, 2023","1,742.34","1,749.28","1,761.66","1,714.43","368.84K","-0.40"
"Mar 24, 2023","1,749.26","1,813.62","1,818.53","1,728.69","602.30K","-3.57"
"Mar 23, 2023","1,814.08","1,734.32","1,852.48","1,729.38","767.73K","4.59"
"Mar 22, 2023","1,734.48","1,801.58","1,818.47","1,711.05","933.24K","-3.83"
"Mar 21, 2023","1,803.54","1,732.32","1,833.12","1,719.55","779.81K","4.11"
"Mar 20, 2023","1,732.31","1,780.12","1,802.76","1,723.90","716.26K","-2.65"
"Mar 19, 2023","1,779.47","1,758.70","1,838.84","1,758.66","574.73K","1.18"
"Mar 18, 2023","1,758.70","1,789.38","1,833.82","1,751.14","763.06K","-1.71"
"Mar 17, 2023","1,789.38","1,673.76","1,796.74","1,663.67","975.13K","6.90"
"Mar 16, 2023","1,673.85","1,649.66","1,689.09","1,634.21","660.14K","1.47"
"Mar 15, 2023","1,649.65","1,700.14","1,716.56","1,614.93","1.02M","-2.97"
"Mar 14, 2023","1,700.15","1,673.83","1,776.65","1,655.74","1.36M","1.57"
"Mar 13, 2023","1,673.93","1,580.28","1,690.18","1,565.83","1.30M","5.93"
"Mar 12, 2023","1,580.24","1,472.08","1,585.09","1,452.33","1.06M","7.42"
"Mar 11, 2023","1,471.15","1,426.74","1,475.92","1,408.58","1.43M","3.11"
"Mar 10, 2023","1,426.75","1,437.49","1,437.49","1,371.47","1.01M","-0.82"
"Mar 09, 2023","1,438.50","1,533.04","1,545.98","1,413.17","764.77K","-6.17"
"Mar 08, 2023","1,533.04","1,561.79","1,569.70","1,531.28","478.44K","-1.84"
"Mar 07, 2023","1,561.78","1,565.84","1,580.95","1,536.31","460.10K","-0.26"
"Mar 06, 2023","1,565.84","1,564.36","1,581.13","1,555.43","322.16K","0.09"
"Mar 05, 2023","1,564.37","1,566.73","1,587.95","1,556.84","313.01K","-0.15"
"Mar 04, 2023","1,566.73","1,569.45","1,577.02","1,550.10","247.02K","-0.14"
"Mar 03, 2023","1,568.89","1,647.86","1,649.19","1,547.61","783.74K","-4.76"
"Mar 02, 2023","1,647.38","1,666.09","1,677.45","1,620.20","440.63K","-1.12"
"Mar 01, 2023","1,666.09","1,604.69","1,668.55","1,595.40","497.12K","3.83"
"Feb 28, 2023","1,604.69","1,633.66","1,646.33","1,598.67","411.49K","-1.77"
"Feb 27, 2023","1,633.66","1,641.59","1,664.98","1,609.82","458.53K","-0.48"
"Feb 26, 2023","1,641.60","1,594.66","1,648.77","1,588.65","326.58K","2.94"
"Feb 25, 2023","1,594.66","1,608.24","1,608.62","1,562.10","309.29K","-0.84"
"Feb 24, 2023","1,608.24","1,650.52","1,663.82","1,579.68","548.07K","-2.56"
"Feb 23, 2023","1,650.52","1,643.39","1,678.20","1,630.94","529.75K","0.43"
"Feb 22, 2023","1,643.39","1,659.41","1,666.39","1,600.79","560.40K","-0.97"
"Feb 21, 2023","1,659.41","1,703.29","1,716.35","1,637.16","554.52K","-2.58"
"Feb 20, 2023","1,703.27","1,681.49","1,719.10","1,651.54","478.59K","1.29"
"Feb 19, 2023","1,681.52","1,691.62","1,722.28","1,670.97","427.00K","-0.60"
"Feb 18, 2023","1,691.62","1,693.96","1,708.87","1,681.17","283.51K","-0.14"
"Feb 17, 2023","1,693.96","1,640.66","1,720.06","1,631.92","617.21K","3.25"
"Feb 16, 2023","1,640.66","1,675.43","1,738.87","1,634.97","894.27K","-2.08"
"Feb 15, 2023","1,675.43","1,555.45","1,676.94","1,542.80","627.07K","7.71"
"Feb 14, 2023","1,555.46","1,505.85","1,565.20","1,494.30","705.28K","3.29"
"Feb 13, 2023","1,505.84","1,515.44","1,525.56","1,464.10","681.85K","-0.63"
"Feb 12, 2023","1,515.44","1,538.34","1,547.30","1,495.05","302.73K","-1.49"
"Feb 11, 2023","1,538.34","1,513.12","1,542.64","1,508.07","306.24K","1.62"
"Feb 10, 2023","1,513.82","1,545.35","1,554.19","1,499.49","523.33K","-2.04"
"Feb 09, 2023","1,545.35","1,650.97","1,655.96","1,530.98","702.21K","-6.40"
"Feb 08, 2023","1,650.99","1,671.39","1,694.28","1,631.15","447.57K","-1.22"
"Feb 07, 2023","1,671.40","1,613.72","1,676.83","1,613.20","481.91K","3.57"
"Feb 06, 2023","1,613.72","1,629.44","1,657.75","1,606.59","401.03K","-0.96"
"Feb 05, 2023","1,629.44","1,666.90","1,671.88","1,612.70","435.14K","-2.25"
"Feb 04, 2023","1,666.90","1,663.78","1,694.58","1,646.11","328.66K","0.19"
"Feb 03, 2023","1,663.79","1,641.70","1,673.59","1,628.73","489.79K","1.34"
"Feb 02, 2023","1,641.71","1,642.10","1,710.27","1,632.39","685.27K","-0.02"
"Feb 01, 2023","1,642.10","1,585.27","1,647.27","1,560.18","505.44K","3.59"
"Jan 31, 2023","1,585.27","1,566.50","1,602.03","1,562.04","368.94K","1.20"
"Jan 30, 2023","1,566.50","1,645.97","1,647.25","1,540.25","630.55K","-4.83"
"Jan 29, 2023","1,645.97","1,572.13","1,657.19","1,566.90","595.67K","4.63"
"Jan 28, 2023","1,573.07","1,597.61","1,605.96","1,561.24","332.62K","-1.54"
"Jan 27, 2023","1,597.60","1,602.54","1,620.15","1,560.21","533.75K","-0.31"
"Jan 26, 2023","1,602.55","1,611.20","1,629.89","1,581.76","552.26K","-0.54"
"Jan 25, 2023","1,611.20","1,555.97","1,638.97","1,523.71","681.59K","3.54"
"Jan 24, 2023","1,556.15","1,626.52","1,641.17","1,539.51","493.47K","-4.33"
"Jan 23, 2023","1,626.53","1,627.04","1,643.82","1,591.90","436.57K","-0.03"
"Jan 22, 2023","1,627.03","1,626.66","1,662.13","1,609.32","456.36K","0.09"
"Jan 21, 2023","1,625.53","1,659.96","1,678.27","1,622.89","523.34K","-2.08"
"Jan 20, 2023","1,659.98","1,551.12","1,662.26","1,543.21","472.15K","6.98"
"Jan 19, 2023","1,551.62","1,511.35","1,560.70","1,510.65","329.04K","2.67"
"Jan 18, 2023","1,511.31","1,564.66","1,604.74","1,505.37","801.71K","-3.41"
"Jan 17, 2023","1,564.67","1,576.94","1,603.32","1,544.45","536.73K","-0.78"
"Jan 16, 2023","1,576.94","1,552.69","1,598.18","1,526.40","617.00K","1.56"
"Jan 15, 2023","1,552.69","1,550.05","1,564.34","1,517.40","411.43K","0.17"
"Jan 14, 2023","1,550.02","1,450.86","1,576.83","1,449.47","1.03M","6.83"
"Jan 13, 2023","1,450.86","1,416.08","1,463.53","1,401.98","552.05K","2.46"
"Jan 12, 2023","1,416.08","1,389.84","1,435.95","1,365.78","960.62K","1.89"
"Jan 11, 2023","1,389.84","1,335.14","1,392.40","1,322.10","509.99K","4.10"
"Jan 10, 2023","1,335.13","1,320.51","1,344.42","1,316.95","487.24K","1.11"
"Jan 09, 2023","1,320.51","1,288.39","1,344.39","1,285.97","629.22K","2.49"
"Jan 08, 2023","1,288.38","1,263.91","1,289.13","1,259.15","231.75K","1.94"
"Jan 07, 2023","1,263.90","1,269.14","1,270.95","1,261.46","141.94K","-0.41"
"Jan 06, 2023","1,269.14","1,250.95","1,274.85","1,240.38","369.54K","1.45"
"Jan 05, 2023","1,250.95","1,256.92","1,259.08","1,242.93","289.49K","-0.47"
"Jan 04, 2023","1,256.92","1,214.57","1,266.97","1,212.91","504.28K","3.49"
"Jan 03, 2023","1,214.57","1,213.93","1,219.75","1,206.83","219.98K","0.05"
"Jan 02, 2023","1,213.93","1,200.52","1,220.76","1,193.77","270.72K","1.12"
"Jan 01, 2023","1,200.52","1,195.69","1,204.12","1,191.67","126.62K","0.41"