Date,Open,High,Low,Close,Adj Close,Volume,Yesterday Price,Tomorrow Price,30 Day Average,7 Day Average,10-day SMA,20-day SMA,50-day SMA,12-day EMA,26-day EMA,50-day EMA
2023-01-01,1196.713623,1203.475342,1192.885376,1200.964844,1200.964844,2399674550,1196.77124,1214.656616,1232.689005533333,1204.0451834285716,1208.8586304,1217.1518920499998,1223.3869604600002,1208.1090322457187,1221.8327256138477,1249.5316803399019
2023-01-02,1201.103271,1219.860596,1195.214966,1214.656616,1214.656616,3765758498,1200.964844,1214.778809,1231.7330647666665,1202.285505,1208.3083496000002,1211.8572631499999,1223.2437085000001,1209.1163528233003,1221.301161938748,1248.164030757945
2023-01-03,1214.744019,1219.095337,1207.491577,1214.778809,1214.778809,3392972131,1214.656616,1256.526611,1229.550472,1202.5693882857142,1207.6713745000002,1207.12976685,1222.7071997199998,1209.987499927408,1220.8180246840259,1246.8548063752808
2023-01-04,1214.718628,1264.807495,1213.168823,1256.526611,1256.526611,6404416893,1214.778809,1250.438599,1229.4454670999999,1212.0751778571428,1211.4278319999999,1206.6384033,1222.80300782,1217.1473631693452,1223.4631051518759,1247.234092831152
2023-01-05,1256.484619,1258.571533,1245.173096,1250.438599,1250.438599,4001786456,1256.526611,1269.379028,1228.7382934333334,1219.0527867142857,1213.7742554000001,1210.7473633,1223.49972902,1222.2690917586767,1225.4612898813666,1247.3597597397345
2023-01-06,1250.458984,1273.220337,1240.94751,1269.379028,1269.379028,4977252792,1250.438599,1264.270386,1229.9696777,1229.0736781428573,1219.4329956,1214.8088378999998,1224.8711377000002,1229.5167742573417,1228.714455667932,1248.2232604558233
2023-01-07,1269.4198,1270.598267,1262.271118,1264.270386,1264.270386,2565213548,1269.379028,1287.359497,1229.4081461333335,1238.7164132857142,1226.8614258,1218.7865967,1225.91053956,1234.8634837562122,1231.348228285122,1248.8525594967714
2023-01-08,1264.181885,1287.359497,1260.226807,1287.359497,1287.359497,3495088905,1264.270386,1321.53894,1230.1773030333331,1251.0585065714288,1235.4378418000001,1224.7740784,1227.28919434,1242.9397934860256,1235.4972111528907,1250.3626354772903
2023-01-09,1287.450806,1342.144165,1286.680786,1321.53894,1321.53894,7990438824,1287.359497,1336.58606,1232.0157958666666,1266.32741,1247.668457,1229.96584475,1230.87063964,1255.0319698727908,1241.8706725489728,1253.1538631056317
2023-01-10,1321.395508,1342.757202,1318.527222,1336.58606,1336.58606,5830173253,1321.53894,1387.932739,1234.4397135333334,1283.7284458571428,1261.649939,1236.11514895,1235.4353002999999,1267.5787529692843,1248.8866271749748,1256.4257139642345
2023-01-11,1336.486816,1387.932739,1323.58313,1387.932739,1387.932739,6314904311,1336.58606,1417.938477,1238.2168375333335,1302.5007498571429,1280.3467285,1244.6026794499999,1240.49048584,1286.0947508201637,1259.1863391620138,1261.5828522009313
2023-01-12,1405.35144,1432.28125,1378.422119,1417.938477,1417.938477,12230193038,1387.932739,1451.614868,1241.4631469666667,1326.429303857143,1300.6749145999997,1254.4916321,1245.18526368,1306.3784010016768,1270.9457567796424,1267.7144453303067
2023-01-13,1417.946167,1461.672729,1404.023926,1451.614868,1451.614868,7684148212,1417.938477,1550.706909,1246.2060180666667,1352.4629952857142,1324.3585205,1266.0149475,1250.13789796,1328.7224728475726,1284.3286539070764,1274.926226611471
2023-01-14,1451.428467,1563.739136,1450.988403,1550.706909,1550.706909,15444626014,1451.614868,1552.479492,1255.6844523,1393.3824985714286,1353.7765503,1282.6021911499997,1257.1735180800001,1362.8739245633305,1304.060376506552,1285.7411553325899
2023-01-15,1550.731567,1556.950806,1520.893799,1552.479492,1552.479492,6774614499,1550.706909,1576.833496,1268.4917887333334,1431.2567835714287,1383.9806396,1298.8774475,1264.1051489400002,1392.0440118612796,1322.4617924690297,1296.2014822607237
2023-01-16,1552.519287,1594.039795,1529.573608,1576.833496,1576.833496,8454485431,1552.479492,1567.846069,1281.4479207333336,1467.7274344285713,1414.7260864,1317.079541,1271.7392797999998,1420.4731632672365,1341.304140878731,1307.206659270107
2023-01-17,1577.107422,1594.000977,1553.335938,1567.846069,1567.846069,7599462786,1576.833496,1515.506958,1294.2189493666667,1500.7645785714285,1445.0836547,1335.97254025,1279.69447754,1443.145917995354,1358.0850244432695,1317.4278125928479
2023-01-18,1567.698975,1602.106689,1509.422852,1515.506958,1515.506958,10354880595,1567.846069,1552.556519,1305.8155192000002,1518.9894669999999,1467.8984008,1351.6681213,1285.6665917999999,1454.2783856883764,1369.7459084104348,1325.1956222166577
2023-01-19,1515.249634,1557.970337,1514.380005,1552.556519,1552.556519,6432638856,1515.506958,1659.75415,1316.9772827333331,1538.220615857143,1491.0001587,1369.33430785,1290.8039502000001,1469.3980985055491,1383.287435120773,1334.1117358160045
2023-01-20,1552.373657,1659.885742,1544.917847,1659.75415,1659.75415,8528894754,1552.556519,1627.118164,1331.8490885333333,1567.9547989999999,1523.3169677,1392.48345335,1298.47355468,1498.6836448893107,1403.7664510377526,1346.882026568318
2023-01-21,1659.706055,1674.179321,1626.812988,1627.118164,1627.118164,8859250310,1659.75415,1628.38208,1345.4802897,1578.8706925714284,1547.2355102,1413.79111935,1305.12985106,1518.4428016755705,1420.3110223682895,1357.8716790166193
2023-01-22,1627.365967,1658.023438,1612.085693,1628.38208,1628.38208,7517988734,1627.118164,1628.251099,1359.0877115666667,1589.7139194285714,1568.2798705,1434.4773925499999,1312.8307958799999,1535.3565368024058,1435.723693303972,1368.4799300355755
2023-01-23,1628.550781,1641.21814,1607.903076,1628.251099,1628.251099,8264507375,1628.38208,1556.604248,1372.6577962000001,1597.0592912857142,1585.9434936,1455.15100705,1319.79068602,1549.648007909728,1449.9849826147888,1378.6670347008471
2023-01-24,1627.848267,1639.723877,1551.389771,1556.604248,1556.604248,8180274691,1628.251099,1611.71106,1383.9125366,1595.453316857143,1586.5332275,1470.1548889,1325.72923582,1550.7181986928467,1457.8827059766563,1385.6449646341473
2023-01-25,1556.807495,1632.241699,1530.797852,1611.71106,1611.71106,10598973448,1556.604248,1603.105957,1396.7370931,1609.1967600000003,1592.4563843,1488.21851195,1332.53038084,1560.1017158170243,1469.2773988672743,1394.5103017073181
2023-01-26,1611.080933,1626.198242,1586.598145,1603.105957,1603.105957,8395315241,1611.71106,1598.156494,1409.7475708,1616.4181082857144,1595.0836304,1504.9048584,1339.9437499800001,1566.7177529220974,1479.1906253956245,1402.6905234835017
2023-01-27,1603.080078,1617.000854,1565.244995,1598.156494,1598.156494,8124465373,1603.105957,1572.435059,1423.3532511333333,1607.6184431428571,1598.1146729,1521.5991638,1346.2845532000001,1571.5544823186979,1488.0029119589117,1410.3558556606195
2023-01-28,1598.125366,1604.704102,1565.390137,1572.435059,1572.435059,5803653357,1598.156494,1646.15564,1435.7145752,1599.8065710000003,1603.807483,1535.8529419,1352.4475585799998,1571.6899556542828,1494.2571450730663,1416.7119028503992
2023-01-29,1572.629517,1653.724976,1568.984863,1646.15564,1646.15564,8801292300,1572.435059,1567.326538,1450.6120036,1602.3456509999999,1613.1673950999998,1552.0837769,1360.04298828,1583.1462147843931,1505.5088854380244,1425.7096964641091
2023-01-30,1646.147705,1646.651611,1546.660767,1567.326538,1567.326538,9180418120,1646.15564,1586.5354,1462.9638468666667,1593.6421422857145,1603.9246339000001,1563.6208007999999,1366.11214844,1580.712418356025,1510.0879708129855,1431.2632980929677
2023-01-31,1567.419922,1598.517578,1563.804321,1586.5354,1586.5354,6585191019,1567.326538,1641.792725,1475.8161987333335,1597.9180211428572,1599.8663575,1573.55093385,1372.35047606,1581.6082616858673,1515.750743345357,1437.3524001285377
2023-02-01,1586.488159,1644.727539,1566.8573,1641.792725,1641.792725,8116969489,1586.5354,1643.241577,1490.0540690333335,1602.215401857143,1601.207422,1584.74364625,1378.77534668,1590.8674098880417,1525.0871864308863,1445.369667770556
2023-02-02,1641.365967,1704.45813,1641.322632,1643.241577,1643.241577,10558081069,1641.792725,1664.745605,1504.3361613000002,1607.9490618571429,1602.7064698,1594.3249817,1385.45360352,1598.9249740591122,1533.8393635100797,1453.1293504854361
2023-02-03,1642.904663,1670.696899,1634.223389,1664.745605,1664.745605,8169519805,1643.241577,1667.059204,1517.9434611,1617.4617919999998,1613.5206054999999,1600.0269165000002,1393.42143798,1609.051224973095,1543.5361221389628,1461.4280271330663
2023-02-04,1664.47229,1690.099609,1648.189209,1667.059204,1667.059204,5843302512,1664.745605,1631.645874,1531.8308145999997,1630.979527,1619.0554199,1605.7559021,1403.39743408,1617.9755294387728,1552.6859800545951,1469.4919948533382
2023-02-05,1667.166504,1671.770264,1616.391846,1631.645874,1631.645874,6926696531,1667.059204,1616.24707,1543.9063761333334,1628.9067032857145,1621.9094116,1608.496521,1412.26736084,1620.0786593712694,1558.534861087588,1475.8509705061483
2023-02-06,1631.645264,1653.715454,1611.319092,1616.24707,1616.24707,6919871886,1631.645874,1672.00354,1555.6389322666664,1635.8953507142855,1623.7184692,1610.9165710500001,1420.8979980399997,1619.4891840833818,1562.8098395255445,1481.356699898064
2023-02-07,1616.009644,1673.797852,1614.863037,1672.00354,1672.00354,8030277434,1616.24707,1650.716797,1568.4604003666668,1648.105085,1633.6753173,1618.74140015,1430.98587158,1627.5683157628616,1570.8982617829115,1488.8330465687282
2023-02-08,1671.905273,1688.527222,1635.265015,1650.716797,1650.716797,7806089579,1672.00354,1546.438232,1579.4329956000001,1649.3799524285714,1634.131433,1623.6494140500001,1439.64613526,1631.129620568575,1576.8107458730663,1495.181428938582
2023-02-09,1651.082275,1655.234863,1537.182251,1546.438232,1546.438232,10524969124,1650.716797,1514.869141,1586.4280680000002,1635.5509031428571,1632.0426023999999,1617.98361815,1446.30290038,1618.1001761734096,1574.5609300306169,1497.1914996468731
2023-02-10,1546.596558,1553.325684,1504.834473,1514.869141,1514.869141,8397387897,1546.438232,1539.926758,1590.6592813999998,1614.1399797142858,1624.8759765,1612.371167,1452.23664062,1602.2184784544236,1570.139316028349,1497.8847404842509
2023-02-11,1514.941895,1541.334717,1510.146973,1539.926758,1539.926758,5064007416,1514.869141,1515.033691,1594.7255574333333,1595.9782017142857,1614.6893797999999,1607.9484009,1458.6319873,1592.6351368460507,1567.90134876699,1499.5334470534958
2023-02-12,1539.776001,1545.554199,1501.462036,1515.033691,1515.033691,5319698775,1539.926758,1507.165894,1596.8395181999997,1579.3193184285715,1601.8685912,1602.2875305,1464.5096899199998,1580.6964528697354,1563.985225969435,1500.1412997572804
2023-02-13,1514.916992,1524.731445,1470.023926,1507.165894,1507.165894,9363855114,1515.033691,1556.875122,1595.3881510333335,1563.7362932857143,1586.1106201,1599.8156128,1470.27376708,1569.3840591974683,1559.7763865642917,1500.4167740413086
2023-02-14,1506.992065,1562.034302,1497.194458,1556.875122,1556.875122,9249575045,1507.165894,1673.745972,1595.5346720333332,1547.2893764285714,1575.0922119,1597.0738159,1476.87178222,1567.4596073209348,1559.561478078048,1502.630826902434
2023-02-15,1556.765137,1674.289795,1545.689697,1673.745972,1673.745972,10015035156,1556.875122,1640.067627,1598.7650878999998,1550.5792585714285,1579.3022217,1600.60581665,1486.0908691400002,1583.8113557330985,1568.0195887389332,1509.3412247493973
2023-02-16,1673.867432,1732.801147,1638.145508,1640.067627,1640.067627,12704861676,1673.745972,1694.783325,1601.1724731666666,1563.9548864285716,1581.6842774000002,1602.7013733,1495.0925,1592.4661666972372,1573.3564804619753,1514.4677503278524
2023-02-17,1640.280151,1716.78186,1636.173828,1694.783325,1694.783325,9802443159,1640.067627,1691.819458,1607.1483520666666,1589.6569127142855,1583.9622559,1608.8187866,1504.9562597599997,1608.2072679745854,1582.351061538866,1521.5389493346033
2023-02-18,1694.741821,1705.309082,1683.670166,1691.819458,1691.819458,5491437195,1694.783325,1681.436157,1611.7904500333336,1611.3558698571428,1588.072522,1611.1019775,1514.8079931599998,1621.070681824649,1590.4598316470979,1528.2166163410895
2023-02-19,1691.680176,1718.947632,1673.906616,1681.436157,1681.436157,6959144003,1691.819458,1702.675171,1612.5131836,1635.1276507142854,1601.5723145,1616.80745845,1524.5012915,1630.357678005472,1597.1988187102759,1534.225225778694
2023-02-20,1682.337036,1716.48938,1659.295044,1702.675171,1702.675171,7703604237,1681.436157,1658.036377,1615.0317505,1663.0575474285713,1620.3529174999999,1622.614447,1534.53549804,1641.4834461584762,1605.011881842848,1540.8311059834514
2023-02-21,1702.797852,1714.285645,1642.396729,1658.036377,1658.036377,8721608198,1702.675171,1643.231689,1616.0202270666666,1677.5091552857143,1632.1638794,1623.4266296,1543.40309326,1644.0300509033261,1608.9396222248592,1545.4273911213554
2023-02-22,1658.140991,1663.996826,1604.803345,1643.231689,1643.231689,9189387004,1658.036377,1651.073853,1616.5195800666665,1673.149972,1644.9836791999999,1623.4261351999999,1551.9721508599998,1643.9072259951222,1611.479775319314,1549.2628537832632
2023-02-23,1643.298584,1674.601563,1632.566162,1651.073853,1651.073853,9013236167,1643.231689,1608.373169,1619.6685669,1674.7222900000002,1659.3744751,1622.7425475999999,1559.8630957,1645.0097839958726,1614.412669962328,1553.255441987841
2023-02-24,1650.895142,1661.091309,1583.147827,1608.373169,1608.373169,8909129423,1651.073853,1594.914917,1619.5573038666666,1662.3779820000002,1664.5242798,1619.80824585,1567.0217871,1639.3733816888152,1613.9652995206739,1555.416921478514
2023-02-25,1608.658325,1608.865112,1567.631714,1594.914917,1594.914917,5657686235,1608.373169,1640.817139,1619.2842692000002,1648.5344761428573,1656.6411743,1617.9716979999998,1573.5325048800003,1632.5336178905359,1612.554160074698,1556.9658624793567
2023-02-26,1594.761108,1645.273438,1590.393066,1640.817139,1640.817139,5727967432,1594.914917,1634.326416,1620.7062907,1642.7317592857144,1656.7161254999999,1619.20020145,1581.0634399399999,1633.8080057535306,1614.6477140691647,1560.2541478331075
2023-02-27,1640.763672,1662.575684,1615.387939,1634.326416,1634.326416,7239824677,1640.817139,1605.895142,1622.7693359333337,1632.9676514285713,1650.6704346000001,1617.31634525,1588.0027783199998,1633.8877611760643,1616.1053956936712,1563.1589426631817
2023-02-28,1634.502441,1644.435791,1602.428101,1605.895142,1605.895142,6323676957,1634.326416,1663.433716,1621.4273193333331,1625.5189035714286,1642.078003,1615.0752625,1593.6899023600001,1629.5812043797466,1615.3490806052512,1564.8348720489394
2023-03-01,1606.040405,1663.433716,1601.548584,1663.433716,1663.433716,7701847224,1605.895142,1647.319336,1624.630891933333,1628.4049074285715,1640.2777589000002,1620.9250367,1600.22685548,1634.7892830905548,1618.9109054493067,1568.7014933803537
2023-03-02,1663.549072,1672.051147,1622.599976,1647.319336,1647.319336,7080950926,1663.433716,1569.167603,1626.657023133333,1627.8685478571429,1634.7421754000002,1627.54754645,1605.41458742,1636.7169835381617,1621.0152336382469,1571.7845460321046
2023-03-03,1647.557739,1648.475342,1552.451538,1569.167603,1569.167603,9922240199,1647.319336,1566.92395,1624.2361857333333,1622.267752714286,1625.855298,1629.0095887,1608.43916994,1626.3247711476754,1617.1746684057841,1571.6819208151594
2023-03-04,1569.278076,1575.637207,1551.736816,1566.92395,1566.92395,4389045367,1569.167603,1564.46875,1621.6922648333334,1618.2690431428575,1618.2245241,1631.60410165,1610.7453515799998,1617.1861832788022,1613.4523929683187,1571.495333724369
2023-03-05,1567.179321,1584.208862,1559.954102,1564.46875,1564.46875,5020886238,1566.92395,1567.398682,1618.349703,1607.3621304285716,1609.5640138,1634.4692444500001,1611.0205883999997,1609.0758089282172,1609.8239749706656,1571.2197814214526
2023-03-06,1564.383179,1579.456299,1557.363525,1567.398682,1567.398682,5245153345,1564.46875,1561.933105,1615.0276856000003,1597.8010255714287,1605.4665651,1634.99542245,1611.3189722000002,1602.663943246953,1606.6813606765422,1571.0699343853173
2023-03-07,1567.424683,1579.162231,1543.127563,1561.933105,1561.933105,6854058349,1567.398682,1534.088257,1612.7039266333334,1591.5207345714284,1602.1683839000002,1629.4047791,1611.0209643800001,1596.3976604397294,1603.3666750708724,1570.711627350599
2023-03-08,1561.977905,1568.175293,1534.088257,1534.088257,1534.088257,7130327525,1561.933105,1438.660767,1609.9652995333336,1573.042811857143,1591.4954957000002,1624.1058106,1610.3458081400001,1586.8115983720788,1598.234940398956,1569.2754167486148
2023-03-09,1534.031616,1544.108398,1423.264771,1438.660767,1438.660767,9457897583,1534.088257,1429.158081,1602.1872071,1543.2344448571428,1571.9289308000002,1611.2996827000002,1608.80888432,1564.0191627763743,1586.4146312582927,1564.1532736212182
2023-03-10,1438.760132,1438.760132,1378.525391,1429.158081,1429.158081,12665194936,1438.660767,1482.616699,1594.8019165666667,1523.2330845714284,1554.2552246999999,1598.16661385,1606.34091556,1543.2713040415474,1574.7659979058267,1558.8593444988176
2023-03-11,1429.10083,1484.136963,1428.723145,1482.616699,1482.616699,14917080154,1429.158081,1590.292969,1592.6745321333333,1511.1891915714284,1536.173523,1588.22564095,1602.7981665400002,1533.9398263428477,1567.9401239128024,1555.8694368321974
2023-03-12,1482.431885,1607.152588,1461.610962,1590.292969,1590.292969,11480965122,1482.616699,1680.30896,1595.1886597333335,1514.8783657142856,1530.4708863,1582.6065308500001,1602.06166264,1542.6095405977944,1569.5958902155578,1557.2193792701505
2023-03-13,1590.831177,1699.911743,1572.074707,1680.30896,1680.30896,15711468959,1590.292969,1703.50708,1599.8680664666667,1531.0084054285715,1541.585022,1583.72016,1603.10020024,1563.7940666596724,1577.7968583477386,1562.0464216517132
2023-03-14,1680.295288,1779.917847,1665.902344,1703.50708,1703.50708,16159781303,1680.30896,1656.180542,1606.150512766667,1551.233259,1555.243335,1586.73392955,1604.6053198599998,1585.2883764043381,1587.1087266182765,1567.5938984496854
2023-03-15,1705.189941,1721.079224,1616.630371,1656.180542,1656.180542,12715339905,1703.50708,1677.215454,1611.1176677,1568.6750140000001,1564.4145142,1586.9892640000003,1606.5968457400002,1596.1948634190553,1592.2251573872932,1571.0678844712663
2023-03-16,1656.332031,1693.139282,1639.261719,1677.215454,1677.215454,9364980166,1656.180542,1792.485107,1615.1290121,1602.754255,1575.3961914000001,1590.4313782499999,1607.9069336200002,1608.6595696622776,1598.5207349141604,1575.230534256707
2023-03-17,1677.296753,1799.343994,1667.131836,1792.485107,1792.485107,12467445117,1677.215454,1761.659668,1619.086983266667,1654.6581158571428,1598.4513916,1600.3098877500001,1611.69451662,1636.9404215603886,1612.888466179778,1583.7503214231106
2023-03-18,1793.592407,1840.357544,1751.262817,1761.659668,1761.659668,10317822213,1792.485107,1785.576538,1623.1400513,1694.521397142857,1621.2085327,1606.3520142,1614.9645801,1656.1279979357134,1623.9085552034983,1590.727158543773
2023-03-19,1762.963257,1843.844116,1762.963257,1785.576538,1785.576538,9170565472,1761.659668,1735.321289,1626.1664917333335,1722.419049857143,1655.9001098,1613.9145203,1619.22740968,1676.0431579456038,1635.8839613365724,1598.3683106793112
2023-03-20,1785.41626,1807.72522,1728.10376,1735.321289,1735.321289,10978325507,1785.576538,1806.760742,1627.6165527666667,1730.277954,1686.5164306,1620.38582765,1621.0107226599998,1685.162870415511,1643.249689311641,1603.739015711495
2023-03-21,1735.61792,1836.288574,1725.007324,1806.760742,1806.760742,10758627746,1735.321289,1737.717041,1631.7940389333335,1745.0284771428574,1718.9308348999998,1627.55217895,1625.7994067400002,1703.8702352746632,1655.3616191404083,1611.7006520365344
2023-03-22,1804.957031,1821.458252,1717.765137,1737.717041,1737.717041,12484103560,1806.760742,1816.405151,1632.9621012666664,1756.6765484285716,1733.6732421000002,1632.0720642,1628.82303956,1709.0774361554843,1661.4620207596374,1616.6424712115722
2023-03-23,1737.140869,1853.888062,1732.524658,1816.405151,1816.405151,11012966854,1737.717041,1752.0448,1638.2410604000002,1776.5607908571426,1747.2828612,1644.4339415999998,1632.31528808,1725.5893922854098,1672.939289666331,1624.4763017915107
2023-03-24,1815.819824,1819.935303,1730.349487,1752.0448,1752.0448,10913669383,1816.405151,1743.764771,1641.8681641,1770.783604142857,1752.1366332000002,1653.6899841,1634.4913525400002,1729.6594550107313,1678.7989570984546,1629.478987995765
2023-03-25,1751.469482,1762.674561,1716.651978,1743.764771,1743.764771,6614309912,1752.0448,1775.676758,1644.9578613666667,1768.2271902857142,1760.8950561000001,1662.65478515,1636.0717358600002,1731.829503624465,1683.61123960968,1633.9607834076958
2023-03-26,1743.842163,1797.880249,1741.182861,1775.676758,1775.676758,6990313307,1743.764771,1715.460815,1650.5346476666668,1766.812936,1770.7411865,1673.06868895,1638.2440869399998,1738.575235066855,1690.4309076385925,1639.518272607394
2023-03-27,1775.481323,1781.379272,1690.516602,1715.460815,1715.460815,8585750760,1775.676758,1772.785645,1654.5528442666666,1763.9757254285712,1763.0387573,1680.7450744500002,1639.9203857600003,1735.019170441185,1692.2849748505487,1642.4964115247512
2023-03-28,1715.327393,1791.110962,1702.564697,1772.785645,1772.785645,8346890042,1715.460815,1793.001831,1658.9517944666666,1759.122140142857,1764.151355,1692.6799438500002,1643.05115726,1740.8293972963872,1698.2479874542119,1647.605793229663
2023-03-29,1772.899902,1825.600952,1772.899902,1793.001831,1793.001831,9136176952,1772.785645,1792.737183,1664.2409749666665,1767.0199672857143,1764.8938843,1710.3969970499998,1645.47112308,1748.8559255584814,1705.2667906798256,1653.3075986324213
2023-03-30,1793.345947,1827.280273,1766.248901,1792.737183,1792.737183,9724496987,1793.001831,1822.022095,1670.4690430000003,1763.638829,1770.6354737000001,1728.57595215,1648.3115308,1755.6068882417921,1711.7460789998386,1658.7754254703657
2023-03-31,1793.620117,1844.677368,1783.142212,1822.022095,1822.022095,9149379763,1792.737183,1813.860596,1675.7553223,1773.6355854285716,1772.161609,1745.54622195,1653.82320806,1765.8246123584395,1719.9146727776283,1665.1772556479984
2023-04-01,1821.704346,1840.173096,1811.11853,1813.860596,1813.860596,5556443606,1822.022095,1795.70813,1681.3066976333334,1783.6492747142859,1779.7759644999999,1756.7246033,1659.80303716,1773.2147636879104,1726.8736300533594,1671.0079748774888
2023-04-02,1821.192139,1824.328857,1774.872437,1795.70813,1795.70813,6199721188,1813.860596,1810.297119,1688.8580485333334,1786.5108992857142,1777.7062624000002,1762.4945618000002,1664.9186645999998,1776.6752815820782,1731.9724819012586,1675.898177039156
2023-04-03,1794.922485,1839.157837,1765.518921,1810.297119,1810.297119,9643826401,1795.70813,1871.005127,1696.9704874999998,1800.0589427142859,1783.5314943,1767.83406375,1670.82393316,1781.8478719540662,1737.7743068715358,1681.1687237827184
2023-04-04,1810.14209,1886.594604,1802.955444,1871.005127,1871.005127,10398322335,1810.297119,1909.114014,1707.1883667333334,1814.0902972857143,1796.2555299,1778.5752929999999,1678.1007178200002,1795.5643727303636,1747.643256510681,1688.6132886147689
2023-04-05,1870.965088,1937.497559,1865.941895,1909.114014,1909.114014,10319231689,1871.005127,1872.922607,1718.5788777999999,1830.6777519999998,1809.5992555,1790.1702209999999,1685.14549566,1813.0335483103077,1759.6040533617418,1697.2603758847779
2023-04-06,1909.143555,1909.271729,1857.085083,1872.922607,1872.922607,8263191830,1909.114014,1865.636108,1728.9451945333335,1842.1328125714285,1825.3454347,1794.192096,1689.12902836,1822.2472496471833,1767.998020297909,1704.149090830473
2023-04-07,1872.734131,1882.299194,1845.993896,1865.636108,1865.636108,8356130492,1872.922607,1849.498169,1739.9967895666666,1848.3633858571427,1834.6304810000001,1799.3909179999998,1693.6403979800002,1828.9224586245396,1775.2304712388047,1710.4819150331994
2023-04-08,1864.679077,1879.107788,1848.875488,1849.498169,1849.498169,5016362733,1865.636108,1859.387817,1753.6913696333331,1853.4544677142856,1840.2801147999999,1802.5869995500002,1696.7346948600002,1832.0879525284568,1780.7317821840784,1715.933532835819
2023-04-09,1849.672241,1873.057373,1828.700073,1859.387817,1859.387817,6361497715,1849.498169,1911.20752,1768.0323608333333,1862.5515658571428,1846.9451782,1808.79032595,1700.0860620400001,1836.287931677925,1786.5581551334058,1721.559191038336
2023-04-10,1859.741211,1917.300171,1848.164185,1911.20752,1911.20752,8380134275,1859.387817,1892.189697,1782.3187215333332,1876.9673374285715,1855.8637207,1814.0126648500002,1704.6814893,1847.8140221890133,1795.79144141982,1728.9963804093818
2023-04-11,1911.375854,1936.728271,1886.53418,1892.189697,1892.189697,8877222956,1911.20752,1920.682129,1792.3819458,1879.9937045714285,1863.6966307999999,1821.73629765,1708.4717798200002,1854.6410490830112,1802.9320529442778,1735.3961183148963
2023-04-12,1891.949707,1929.881226,1860.036865,1920.682129,1920.682129,11010714187,1892.189697,2012.634644,1800.3943847666667,1881.6462924285715,1876.1940307,1826.9501465499998,1713.7246948599998,1864.8012152240865,1811.6542808002573,1742.6622363809788
2023-04-13,1917.698364,2022.150146,1901.860352,2012.634644,2012.634644,12546950499,1920.682129,2101.635498,1810.6986368999999,1901.605154857143,1896.4277832,1839.9796387500003,1721.1127539600002,1887.5448196511502,1826.5417151113493,1753.2493896209405
2023-04-14,2013.930664,2126.31665,2011.503296,2101.635498,2101.635498,16298099411,2012.634644,2092.466797,1825.5471354333333,1935.3193534285715,1919.4908203,1857.8731751,1730.12398686,1920.481847089435,1846.9190323623604,1766.9115899495312
2023-04-15,2101.616455,2111.075439,2076.510742,2092.466797,2092.466797,8036468153,2101.635498,2120.005859,1839.3888468666667,1970.0291574285714,1937.8260985999998,1873.71267705,1739.8058594200002,1946.9410701525987,1865.1077556688522,1779.6784608142555
2023-04-16,2092.281006,2137.445068,2076.832031,2120.005859,2120.005859,7898126856,2092.466797,2076.24292,1850.3062052666667,2007.2603062857143,1962.5344238000002,1893.9399292499998,1750.3076782599999,1973.5664222829682,1883.9890966563446,1793.0246332921279
2023-04-17,2120.001221,2120.113525,2063.038574,2076.24292,2076.24292,9648882546,2120.005859,2104.537354,1860.7923136666666,2030.836792,1983.5951049999999,1909.1127929999998,1759.01619388,1989.362806547127,1898.2301206077266,1804.1312327708679
2023-04-18,2075.855225,2121.531494,2057.653809,2104.537354,2104.537354,9134015143,2076.24292,1936.403442,1871.4243408666666,2061.172171571429,2009.0990235000002,1924.6895691500001,1768.42041264,2007.081967693723,1913.512137896043,1815.9118649759318
2023-04-19,2103.946289,2104.857178,1928.582886,1936.403442,1936.403442,13779745451,2104.537354,1943.097656,1878.1270792999999,2063.4180734285715,2016.800586,1931.8728821,1775.03057864,1996.2083483562274,1915.2077900518918,1820.6370248592289
2023-04-20,1936.417969,1979.573364,1918.132813,1943.097656,1943.097656,11324135406,1936.403442,1849.999878,1882.6716431,2053.484218,2019.9895996000002,1937.9266601499999,1780.62385744,1988.0374726091154,1917.273706048048,1825.439402551024
2023-04-21,1943.409912,1955.64917,1827.78894,1849.999878,1849.999878,12044274581,1943.097656,1874.228638,1886.4144043333333,2017.5362722857142,2015.7706177,1939.73362425,1784.67746828,1966.8009195923282,1912.2904595259704,1826.4025584509839
2023-04-22,1849.286499,1886.781616,1845.849243,1874.228638,1874.228638,6970642726,1849.999878,1862.062012,1888.3418539,1986.3593924285717,2011.1252686,1943.65964965,1790.7786889800002,1952.5590301165853,1909.4710653388615,1828.278090982318
2023-04-23,1874.171509,1882.229736,1838.992432,1862.062012,1862.062012,6607451862,1874.228638,1842.757446,1892.0090943,1949.5102714285715,1996.0680054,1946.2478942999999,1796.6814502200002,1938.636411944803,1905.9592836100571,1829.6029506300702
2023-04-24,1862.085327,1888.193726,1811.792114,1842.757446,1842.757446,8438191338,1862.062012,1866.753662,1895.3088501333332,1916.1552037142858,1970.1802002000004,1944.8355102500002,1802.24722414,1923.8858017994487,1901.2776660093123,1830.118813193597
2023-04-25,1842.204346,1877.484985,1805.322876,1866.753662,1866.753662,8677255481,1842.757446,1866.564209,1898.3447469333332,1882.186104857143,1947.6088867000003,1942.71749265,1808.23432374,1915.096241830303,1898.7203323789927,1831.5554739311028
2023-04-26,1866.148926,1962.567627,1792.463867,1866.564209,1866.564209,14356524696,1866.753662,1908.786377,1903.3815267333334,1872.2090715714287,1922.2647217,1942.39957275,1814.32694582,1907.6297752410255,1896.338397313882,1832.9283655024321
2023-04-27,1866.693237,1936.94519,1863.147949,1908.786377,1908.786377,14008145806,1866.564209,1892.512817,1907.9148844666668,1867.3074602857143,1905.5190674,1944.5570862,1821.82090822,1907.8077139731754,1897.2604698832242,1835.903189482729
2023-04-28,1909.273071,1923.199219,1876.29187,1892.512817,1892.512817,7691759733,1908.786377,1908.916992,1911.2319173333335,1873.3807372857143,1884.3166137,1946.7078185999999,1830.89794922,1905.4546529003792,1896.9087918918744,1838.123174875563
2023-04-29,1892.565063,1916.973755,1887.990479,1908.916992,1908.916992,4796651246,1892.512817,1876.924316,1915.1045776333335,1878.3362164285713,1881.5679687,1949.18427735,1840.4931274399999,1905.987320454167,1897.7982881961802,1840.89940299809
2023-04-30,1908.741333,1938.417969,1876.924316,1876.924316,1876.924316,6539641957,1908.916992,1831.954834,1916.9346516666667,1880.4594027142855,1874.9506347,1947.47011715,1848.37927978,1901.5160889996798,1896.2520680335,1842.3121446844393
2023-05-01,1868.891113,1886.206421,1809.193237,1831.954834,1831.954834,8625783201,1876.924316,1870.789307,1917.5377929333333,1878.9161724285714,1873.1461303,1944.4583739999998,1853.2125170800002,1890.8143574612675,1891.4893099569445,1841.9059756379909
2023-05-02,1831.726563,1879.759521,1824.327026,1870.789307,1870.789307,7536785767,1831.954834,1904.651855,1920.0404988333332,1879.492693142857,1872.8021972,1941.9637329000002,1857.02212402,1887.7335804672264,1889.9559764045782,1843.0386552992463
2023-05-03,1870.687134,1915.50415,1845.871826,1904.651855,1904.651855,8306390869,1870.789307,1877.704102,1923.1856567,1884.9337854285716,1877.0611815,1936.56459345,1861.0450195199999,1890.3363919338071,1891.044560004239,1845.4548592090798
2023-05-04,1905.168945,1915.871704,1868.629761,1877.704102,1877.704102,6578438233,1904.651855,1995.060913,1923.4089558666667,1880.4934604285716,1880.5558471,1925.36802365,1865.47549072,1888.3929627132213,1890.056377929851,1846.719535396959
2023-05-05,1877.83313,1998.413574,1876.946655,1995.060913,1995.060913,9498261360,1877.704102,1900.221802,1926.2738525,1895.1431884285714,1893.3865721999998,1920.49772945,1871.8323999,1904.803416603495,1897.8344916387507,1852.5368443225684
2023-05-06,1995.479126,2017.559448,1870.605591,1900.221802,1900.221802,9623243037,1995.060913,1873.076416,1927.1838256666667,1893.9010184285714,1896.7523314999999,1909.5085266,1873.9871338,1904.098552818342,1898.0113294432877,1854.4068426628598
2023-05-07,1899.917603,1933.998413,1873.076416,1873.076416,1873.076416,6883942236,1900.221802,1849.042725,1927.4318359333333,1893.3513184285714,1893.1813353999999,1899.3502014,1876.21546876,1899.3259163847506,1896.164298817859,1855.1389827937282
2023-05-08,1872.475098,1886.162109,1818.450562,1849.042725,1849.042725,9895102899,1873.076416,1848.603149,1927.4166544666666,1895.7924457142858,1888.8343261999999,1886.57546995,1877.4847925000001,1891.5900407870968,1892.673811868388,1854.899913860641
2023-05-09,1849.061035,1860.66748,1832.906982,1848.603149,1848.603149,6129516088,1849.042725,1842.401489,1927.0571655333333,1892.6229945714283,1882.8029419000002,1882.1854552999998,1879.7504297,1884.9766728198513,1889.4093183225814,1854.6529819053217
2023-05-10,1848.213501,1886.800293,1795.668823,1842.401489,1842.401489,9945549603,1848.603149,1796.490601,1924.763631166667,1883.730085142857,1879.3506592,1877.15064695,1880.4632446399999,1878.4266445398741,1885.9272568912793,1854.1725312031524
2023-05-11,1842.492065,1842.492065,1774.132568,1796.490601,1796.490601,8353828312,1842.401489,1808.019775,1921.5736613000001,1872.1281564285714,1875.8042358999999,1874.4751830999999,1881.63871584,1865.8210993798934,1879.302319417851,1851.9104947245974
2023-05-12,1795.176636,1812.424927,1742.403809,1808.019775,1808.019775,9047198660,1796.490601,1796.114868,1917.8182495,1845.4079938571429,1869.5272827000001,1871.1647399500002,1881.47100832,1856.9285879368329,1874.0221309424546,1850.1892900295152
2023-05-13,1808.375,1816.058472,1788.475586,1796.114868,1796.114868,4647630864,1808.019775,1800.500977,1910.6009236333334,1830.5355747142858,1858.6735840000001,1867.8673827500002,1882.35240968,1847.572631023474,1868.251222576347,1848.0687244597302
2023-05-14,1796.10791,1823.490723,1793.22876,1800.500977,1800.500977,4711210241,1796.114868,1817.549927,1900.5631062666666,1820.167654857143,1850.9532715,1865.7545593,1883.4871338,1840.3308380967858,1863.232685866988,1846.2033225985645
2023-05-15,1800.371216,1845.695435,1787.536377,1817.549927,1817.549927,6748889346,1800.500977,1824.12146,1891.3992106,1815.6686837142856,1833.2021729,1863.2943725500002,1884.3245971800002,1836.826082543434,1859.8487778027666,1845.0796600260717
2023-05-16,1816.824219,1830.351563,1797.84375,1824.12146,1824.12146,5595959668,1817.549927,1821.859619,1881.5363972999999,1812.1712995714286,1825.5921387000003,1861.1722351,1886.49781008,1834.8715252290594,1857.2023098173763,1844.2577698289708
2023-05-17,1824.068359,1835.554565,1786.671997,1821.859619,1821.859619,6352161579,1824.12146,1801.728516,1873.0569539333333,1809.236746714286,1820.4704590000001,1856.8258971999999,1887.4792895599999,1832.8696935015118,1854.5843327197929,1843.3794109729329
2023-05-18,1822.068237,1831.450317,1774.195068,1801.728516,1801.728516,5673124255,1821.859619,1812.589478,1862.963326,1809.9850202857142,1815.7390380999998,1852.28668215,1887.6538232599999,1828.0787431166639,1850.6690870368454,1841.7460425426218
2023-05-19,1800.994385,1826.194214,1797.434448,1812.589478,1812.589478,4796110259,1801.728516,1820.478027,1858.836193866667,1810.637835,1812.137671,1847.4703064500002,1888.05086916,1825.6957792525618,1847.8483752563384,1840.602647854676
2023-05-20,1812.766113,1829.009644,1808.046753,1820.478027,1820.478027,2951655969,1812.589478,1804.531372,1854.7488729,1814.1182862857145,1809.9453248000002,1844.6479919999997,1888.0199877999999,1824.8930481367831,1845.8209420521653,1839.8134470368454
2023-05-21,1820.138062,1827.921997,1799.946899,1804.531372,1804.531372,3386768865,1820.478027,1817.53479,1853.2332560333334,1814.6940570000002,1810.7494018999998,1843.2768188999999,1887.83340332,1821.7604825772778,1842.7624553816345,1838.429836251087
2023-05-22,1804.841919,1826.696533,1793.223999,1817.53479,1817.53479,4534841049,1804.531372,1854.380615,1851.3434611,1814.6918945714285,1811.7009034000002,1840.61409305,1888.26993652,1821.1103760269273,1840.8937394274394,1837.610422672613
2023-05-23,1817.781128,1869.343994,1816.287964,1854.380615,1854.380615,6820047160,1817.53479,1800.099976,1851.0874145333332,1819.014631,1817.5274781,1838.1005310499997,1889.1516064400003,1826.228874330477,1841.8927672476293,1838.268077273687
2023-05-24,1854.299683,1854.299683,1780.925537,1800.099976,1800.099976,7101647419,1854.380615,1805.953735,1849.665498866667,1815.9061105714284,1817.4873780000003,1834.2203247500001,1887.7335034199998,1822.209043818096,1838.79700493299,1836.7712889884442
2023-05-25,1799.845215,1815.994751,1763.365112,1805.953735,1805.953735,6321689859,1800.099976,1828.689697,1847.6388346333333,1816.5097132857143,1816.3277588,1824.76496585,1885.67029784,1819.7082270768503,1836.3641701231388,1835.5627574594857
2023-05-26,1805.725464,1837.865845,1798.406006,1828.689697,1828.689697,5451414258,1805.953735,1831.118286,1846.3763508999998,1818.8097445714286,1816.7845825,1821.1883606,1884.78563964,1821.089991680412,1835.795690632536,1835.2932256767608
2023-05-27,1828.575684,1836.18457,1817.492065,1831.118286,1831.118286,3216737652,1828.689697,1910.914185,1843.7874145333333,1820.3297815714284,1817.7104491999999,1819.0904541,1884.0952831999998,1822.6328061911179,1835.449216215311,1835.129502552182
2023-05-28,1831.098633,1915.723267,1825.467285,1910.914185,1910.914185,6359610561,1831.118286,1893.078125,1844.4007934666665,1835.5273262857143,1828.6290161000002,1822.1840270999996,1885.3236035199998,1836.2145567771,1841.0392139030657,1838.101450883469
2023-05-29,1909.297485,1926.421753,1879.077515,1893.078125,1893.078125,5884674572,1910.914185,1901.026611,1843.8728312333333,1846.3192312857143,1836.6778808,1824.4077759,1885.99740968,1844.9627980421615,1844.893948058394,1840.2573988880388
2023-05-30,1893.09314,1916.574951,1883.934692,1901.026611,1901.026611,5363439784,1893.078125,1874.130493,1844.6762410666668,1852.982945,1844.7327392,1827.3390319999999,1885.7937915000002,1853.5880000356751,1849.0519230911054,1842.6405052453706
2023-05-31,1901.098267,1907.0354,1852.094727,1874.130493,1874.130493,5984512548,1901.026611,1862.201416,1846.0820963666665,1863.5587331428574,1851.6926512999999,1831.2210266000002,1885.4326074199998,1856.7483835686483,1850.9095949362088,1843.8754067259442
2023-06-01,1873.914673,1887.705322,1846.227417,1862.201416,1862.201416,5640027197,1874.130493,1907.256592,1845.7958333333333,1871.594116142857,1856.1593139000001,1833.93010865,1884.2629931600002,1857.5873116350099,1851.7460261261192,1844.5940737562994
2023-06-02,1862.423706,1910.278442,1851.964722,1907.256592,1907.256592,6097746022,1862.201416,1892.412476,1845.8826579000001,1882.8179582857142,1861.4469116,1839.48719485,1882.15543212,1865.22873938347,1855.8579198945547,1847.051427412915
2023-06-03,1907.420776,1908.822266,1885.485474,1892.412476,1892.412476,3472274607,1907.256592,1890.51355,1846.3729370333335,1891.5742711428572,1870.6781616,1844.0827698,1877.9709716799998,1869.41085270909,1858.5656647912544,1848.830292063389
2023-06-04,1892.398193,1912.205688,1885.651855,1890.51355,1890.51355,3747042696,1892.412476,1811.828369,1842.8880249333333,1888.6598947142854,1879.1341431,1847.7309509499999,1873.93190674,1872.6574215230762,1860.9321748067173,1850.4649296295306
2023-06-05,1890.417603,1890.640503,1780.211548,1811.828369,1811.828369,9246593033,1890.51355,1884.494873,1839.9415771666668,1877.0527867142857,1877.4480103,1847.1162964,1867.7683569399999,1863.2991057502954,1857.2948558580715,1848.949770389157
2023-06-06,1810.581421,1896.222656,1801.405273,1884.494873,1884.494873,8704411776,1811.828369,1832.395996,1840.3221924,1874.691109857143,1882.785669,1850.2480591000003,1863.9333960000001,1866.5599930194808,1859.3096719426587,1850.343695981739
2023-06-07,1884.372925,1893.809082,1822.303101,1832.395996,1832.395996,7919894455,1884.494873,1846.30188,1839.7673014333334,1868.729038857143,1874.9338500999997,1851.7814331000002,1858.4905688400002,1861.3039934780222,1857.3160663172766,1849.6398646099062
2023-06-08,1832.51355,1861.136108,1830.165039,1846.30188,1846.30188,4536041931,1832.395996,1840.22522,1839.6905924666669,1866.4576765714285,1870.2562255999997,1853.4670532,1856.6885376,1858.9959760198649,1856.500200664145,1849.5089632526551
2023-06-09,1846.077881,1854.824951,1828.544556,1840.22522,1840.22522,4610831509,1846.30188,1752.384766,1839.6180501666665,1856.8817662857143,1864.1760864999997,1854.4544128500002,1854.6310888799999,1856.1081674014242,1855.294646540875,1849.144894889806
2023-06-10,1840.391968,1844.785645,1721.443115,1752.384766,1752.384766,10788500406,1840.22522,1753.415283,1838.1478556666666,1836.8778077142856,1852.0015138000003,1851.84708255,1852.67878664,1840.1507210319742,1847.6716924267362,1845.3503800313822
2023-06-11,1752.527588,1776.847168,1741.110474,1753.415283,1753.415283,4559112981,1752.384766,1742.528687,1836.3277059333334,1817.292341,1841.1229005,1848.6411071999999,1850.26251954,1826.8068074885937,1840.6897361729038,1841.7450821085831
2023-06-12,1753.075439,1757.65979,1722.906372,1742.528687,1742.528687,6031384958,1753.415283,1739.037598,1834.5414999,1807.3923864285714,1824.65011,1843.0485108,1847.8718530400001,1813.840942798041,1833.4185473452812,1837.8542430847172
2023-06-13,1742.390137,1761.955444,1727.749878,1739.037598,1739.037598,6214125203,1742.528687,1650.519287,1832.4927206,1786.6127757142858,1809.3126221999999,1839.9953919,1845.79745608,1802.3327359060347,1826.4273659122973,1833.9790805323755
2023-06-14,1739.250122,1749.163208,1637.187744,1650.519287,1650.519287,7462905534,1739.037598,1665.519775,1826.9250326,1760.6303887142858,1785.3131959000002,1832.2236695000004,1841.4727685799999,1778.9768206897215,1813.3971378447197,1826.7845788252237
2023-06-15,1650.498169,1676.406616,1624.138306,1665.519775,1665.519775,7328564880,1650.519287,1716.668823,1821.6383097666667,1734.8043737142857,1770.6823365,1824.0651733999998,1837.4518799,1761.5218905836107,1802.4432591154812,1820.4604688712934
2023-06-16,1665.410645,1727.289551,1653.170898,1716.668823,1716.668823,6281023479,1665.519775,1727.204102,1818.1319498999999,1717.153459857143,1753.8997315000001,1818.3427002499998,1833.60952882,1754.6214186476705,1796.089597181001,1816.3902082488898
2023-06-17,1716.671753,1766.763184,1714.150879,1727.204102,1727.204102,4875187477,1716.668823,1720.577515,1815.6478027666667,1713.5562221428572,1743.3805421000002,1809.1571961000002,1830.30335452,1750.4033699326442,1790.9869679083342,1812.8927138861884
2023-06-18,1727.193726,1746.509155,1718.11145,1720.577515,1720.577515,3820038842,1727.204102,1737.659424,1812.5807373333332,1708.8651124285714,1730.8081055999999,1800.5321656,1826.5365649799999,1745.8147768660833,1785.7714528780873,1809.272510008299
2023-06-19,1720.505371,1745.134644,1705.813477,1737.659424,1737.659424,5210480121,1720.577515,1792.119995,1809.8201172333331,1708.1695034285715,1720.551526,1792.3638062500002,1823.7512671399998,1744.5601071943781,1782.207598887118,1806.464153694248
2023-06-20,1736.879761,1793.313965,1715.342529,1792.119995,1792.119995,7171072578,1737.659424,1891.007202,1809.4064046666667,1715.7527029999999,1724.5250489000002,1788.26328135,1822.9545703599997,1751.8770130106277,1782.9418504510352,1805.9016376670224
2023-06-21,1791.994995,1898.668945,1788.489258,1891.007202,1891.007202,11731457711,1792.119995,1872.942993,1811.8554850666665,1750.1081194285714,1738.2842408000001,1789.7035706499998,1823.3589282599999,1773.2816574705312,1790.9466913065141,1809.2391107781195
2023-06-22,1889.794434,1932.065552,1867.876587,1872.942993,1872.942993,8477657143,1891.007202,1892.862061,1812.4742310000001,1779.7400077142854,1751.3256714,1787.9878907000002,1822.72475102,1788.6141706289109,1797.0204914319575,1811.737302237801
2023-06-23,1872.540771,1932.531616,1865.192017,1892.862061,1892.862061,8290615074,1872.942993,1876.059692,1815.5663005,1804.9104702857144,1766.7081177,1788.01036995,1823.0279102,1804.6523076090784,1804.1198669555163,1814.9186653265147
2023-06-24,1893.771973,1905.227417,1867.811523,1876.059692,1876.059692,5026191704,1892.862061,1900.506104,1817.9031657333333,1826.1755545714284,1789.2621582,1787.2876770500002,1820.6478857799998,1815.6380590538356,1809.4487428847374,1817.3163526470435
2023-06-25,1875.849121,1929.079102,1870.850098,1900.506104,1900.506104,6937581709,1876.059692,1859.432861,1820.2970459666665,1851.8796387142859,1812.7607911,1791.7215638000002,1820.6535718199998,1828.6946813532456,1816.193732596979,1820.5786958373556
2023-06-26,1900.050293,1905.360474,1840.215088,1859.432861,1859.432861,8619702292,1900.506104,1889.703369,1821.2408651333333,1869.2758439999998,1827.0371949,1790.4684631999996,1820.38070072,1833.4236320681307,1819.3966309972027,1822.102388588832
2023-06-27,1859.346191,1911.311157,1856.838379,1889.703369,1889.703369,7686042202,1859.432861,1827.971191,1820.5338379333334,1883.216326,1843.2871215999999,1793.3338318499998,1821.1939136,1842.082053134572,1824.6045375159283,1824.7534074284856
2023-06-28,1889.906494,1890.208984,1822.102783,1827.971191,1827.971191,7135265016,1889.703369,1852.227295,1818.3636068,1874.2111815714286,1854.0264892,1792.4172973999998,1820.78127444,1839.9111512677148,1824.853919255489,1824.8795950195256
2023-06-29,1828.059326,1876.530273,1828.059326,1852.227295,1852.227295,5677228612,1827.971191,1933.188965,1816.7369629333334,1871.251796142857,1865.4832763000002,1793.0174011499998,1820.97779056,1841.8059426111433,1826.8815767180454,1825.9520538422894
2023-06-30,1852.008423,1945.274292,1831.281006,1933.188965,1933.188965,12895131248,1852.227295,1924.565918,1818.7055786666667,1877.0127824285717,1879.5901732999998,1802.0576111000003,1823.71175784,1855.8648691325059,1834.7561980722644,1830.1574229072978
2023-07-01,1933.323853,1942.701538,1910.848633,1924.565918,1924.565918,5136809625,1933.188965,1937.438354,1820.7843953999998,1883.9422432857143,1882.9460448999998,1810.6151428500002,1826.0426807,1866.4342612659666,1841.4087699187633,1833.8597168325018
2023-07-02,1924.44812,1958.160767,1895.906982,1937.438354,1937.438354,6343966490,1924.565918,1955.38916,1821.7904541333335,1889.2182790000002,1889.395581,1820.3606262,1828.8691504199999,1877.357967840433,1848.5220724432993,1837.9216241724037
2023-07-03,1937.883789,1974.775024,1934.688843,1955.38916,1955.38916,7858509087,1937.438354,1936.633545,1823.8896769333332,1902.9263217142855,1895.6482909,1831.1782042999998,1831.96691408,1889.3627666342127,1856.4381530030548,1842.5281942048584
2023-07-04,1955.52417,1966.365356,1932.611328,1936.633545,1936.633545,5683423776,1955.38916,1910.588013,1825.4270101,1909.6306325714286,1901.7056762,1845.4839172,1834.34858644,1896.635194075103,1862.378552410236,1846.2186001183934
2023-07-05,1936.796753,1942.432495,1897.124756,1910.588013,1910.588013,6034088075,1936.633545,1848.636475,1828.7189982333332,1921.4330357142858,1902.7138671,1857.7373291,1836.0779175,1898.7817816020104,1865.9496235650333,1848.742890819633
2023-07-06,1910.417114,1956.012329,1847.850708,1848.636475,1848.636475,8905008384,1910.588013,1870.602539,1827.5237183,1920.9200614285712,1901.6342284999998,1864.3357117000003,1836.61345462,1891.0671190478552,1864.6671681157716,1848.7387176502357
2023-07-07,1847.512573,1876.963257,1832.025391,1870.602539,1870.602539,6468885150,1848.636475,1865.539551,1828.7972697333332,1911.9791434285712,1899.7241454999998,1871.50563355,1837.9909350799999,1887.9187221174159,1865.106825218307,1849.59612240905
2023-07-08,1871.002075,1872.501587,1844.641724,1865.539551,1865.539551,4299007854,1870.602539,1863.009766,1829.438525433333,1903.546805285714,1903.4809815,1878.75373535,1839.04993654,1884.4757727147366,1865.138878979914,1850.221354902813
2023-07-09,1865.594971,1878.668945,1857.748291,1863.009766,1863.009766,4392863807,1865.539551,1880.556396,1830.1980103,1892.9141498571428,1904.5592285999999,1885.0212524499998,1839.90057132,1881.1733101432387,1864.9811669073276,1850.7228612203498
2023-07-10,1863.240234,1905.460815,1848.777222,1880.556396,1880.556396,6336468234,1863.009766,1878.33606,1834.4703979666667,1882.2237550000002,1899.2959717,1889.4430724999997,1841.4210718,1881.0784002750481,1866.134887580859,1851.8928037607282
2023-07-11,1880.654907,1889.381714,1863.218628,1878.33606,1878.33606,4905225892,1880.556396,1872.11377,1838.6344238666668,1873.8955428571428,1894.6729859000002,1888.8095154000002,1842.6370971999997,1880.6565017711946,1867.038678130425,1852.9297942014841
2023-07-12,1878.322021,1901.148438,1865.710083,1872.11377,1872.11377,6379007000,1878.33606,2006.511475,1842.9539266333334,1868.3992224285714,1888.1405275000002,1888.7680542499998,1842.9917603000001,1879.3422353448568,1867.4146108615046,1853.6821069778966
2023-07-13,1872.040283,2011.885254,1864.496094,2006.511475,2006.511475,11114853969,1872.11377,1939.347046,1851.8697225333333,1890.952793857143,1893.2527590000002,1894.4505249499998,1847.11999028,1898.9067337533404,1877.7180822791709,1859.6754155277831
2023-07-14,2005.686157,2026.204956,1901.361206,1939.347046,1939.347046,10627449471,2006.511475,1931.466553,1861.4973145000001,1900.7734377142858,1893.5241091,1897.6148926499998,1849.7878565,1905.1283202528266,1882.283190702936,1862.7997931933603
2023-07-15,1939.129639,1946.019165,1928.187378,1931.466553,1931.466553,4380084234,1939.347046,1923.681885,1870.3622071,1910.1915808571428,1895.6119631000001,1899.1629150999997,1851.84339362,1909.180356060084,1885.926402724941,1865.4926073034246
2023-07-16,1931.64502,1942.030884,1917.294067,1923.681885,1923.681885,4329306566,1931.466553,1911.646118,1877.2626425,1918.8590264285715,1903.1165041,1902.3753663000002,1853.6946656,1911.411360512379,1888.723105115686,1867.774539762114
2023-07-17,1923.694336,1936.177612,1875.120361,1911.646118,1911.646118,6678090758,1923.681885,1897.599243,1883.4107097,1923.3004152857143,1907.2208620000001,1903.47250375,1853.70930426,1911.447477048936,1890.4211060700795,1869.4949938106588
2023-07-18,1911.697021,1916.468384,1878.718506,1897.599243,1897.599243,5814708445,1911.646118,1889.007935,1889.3114339666668,1926.0522985714285,1910.4268312,1906.9539063500001,1853.7997266200002,1909.3169795029457,1890.9528199167403,1870.5971212298489
2023-07-19,1897.797241,1919.264404,1883.067139,1889.007935,1889.007935,6018487800,1897.599243,1890.969116,1894.3563843333334,1928.4657507142858,1913.0266480999999,1908.79293835,1853.5593531,1906.1925111178773,1890.808754367352,1871.3191139267176
2023-07-20,1889.07373,1919.264404,1879.734375,1890.969116,1890.969116,7366830684,1889.007935,1892.080078,1897.6513550333334,1911.9596994285714,1914.0679200999998,1906.6819458999998,1853.89612556,1903.8504503305116,1890.8206330068074,1872.0897022433169
2023-07-21,1891.581299,1905.38623,1885.296265,1892.080078,1892.080078,4668158260,1890.969116,1864.912354,1897.6871175666668,1905.2072754285714,1915.4423218999996,1905.0576538999999,1854.4936988,1902.0396238181254,1890.9139252285252,1872.8736385475006
2023-07-22,1891.955078,1897.088013,1855.092773,1864.912354,1864.912354,4101305643,1892.080078,1889.19165,1897.4194295999998,1895.6995327142856,1914.7221802999998,1901.4313539,1853.64681404,1896.3277361537985,1888.9878829153013,1872.5614313103438
2023-07-23,1866.094238,1904.483276,1859.568848,1889.19165,1889.19165,4480604100,1864.912354,1850.002075,1897.2970825666666,1890.772356285714,1902.9901977999998,1898.1214784,1853.5823975200003,1895.2298767455218,1889.0029767734272,1873.2135967491538
2023-07-24,1888.80957,1889.761963,1836.852417,1850.002075,1850.002075,6344373569,1889.19165,1857.741943,1896.4284953333333,1881.9660644285711,1894.0557007,1893.7899049000002,1852.7721680200002,1888.2717534000572,1886.1140210865067,1872.303340994285
2023-07-25,1850.027954,1867.323242,1845.981567,1857.741943,1857.741943,4163381707,1850.002075,1872.159912,1895.0030233,1876.2721644285716,1886.6832396999998,1891.1476014,1853.6904395000001,1883.5748594923562,1884.0123856726914,1871.7323057788228
2023-07-26,1857.696533,1886.974121,1849.43689,1872.159912,1872.159912,5781548155,1857.741943,1860.357178,1895.4272583333334,1873.8653040000002,1881.5310424,1892.3237732499997,1853.4437402800002,1881.8187137243015,1883.1344246598994,1871.7490746502415
2023-07-27,1872.086304,1885.591553,1855.321533,1860.357178,1860.357178,4291339248,1872.159912,1874.744873,1894.4490519666665,1869.49217,1876.4021484,1891.8115051999998,1854.00296392,1878.516938997486,1881.4472212036105,1871.3023336051342
2023-07-28,1860.702515,1881.457275,1857.04895,1874.744873,1874.744873,3800973336,1860.357178,1881.068848,1896.0081747000002,1867.015712142857,1874.1167114,1892.2717713000002,1854.57182378,1877.936621151719,1880.950750966306,1871.437335150031
2023-07-29,1874.560425,1885.529297,1870.333862,1881.068848,1881.068848,2497302218,1874.744873,1861.643799,1896.9695597999998,1869.3237827142857,1873.3228027,1893.1747254000002,1855.38869634,1878.4185022053007,1880.9594988947279,1871.8150415363043
2023-07-30,1880.871582,1884.144165,1851.728027,1861.643799,1861.643799,4003005547,1881.068848,1856.162354,1894.5847209333335,1865.3883754285714,1870.3902710000002,1892.22909555,1857.5738769999998,1875.8377786352544,1879.528706309933,1871.4161692799787
2023-07-31,1861.755249,1875.629395,1851.915405,1856.162354,1856.162354,4391613314,1861.643799,1871.792114,1892.3046021333334,1866.2684152857144,1866.7984986000004,1891.12041025,1859.6288184199998,1872.8107902298307,1877.7978653980863,1870.8179804454699
2023-08-01,1856.190186,1873.029907,1817.920776,1871.792114,1871.792114,7634860636,1856.162354,1839.089722,1890.1163941333332,1868.2755825714285,1867.4864746000003,1891.10432745,1862.21408696,1872.6540708098569,1877.352994924154,1870.8561817613338
2023-08-02,1873.46814,1877.511475,1822.348267,1839.089722,1839.089722,6448512422,1871.792114,1835.136475,1886.2397462,1863.5512697142858,1862.4762818000004,1882.7332398000003,1864.2151294399998,1867.4903248391097,1874.5186784112536,1869.6104382412816
2023-08-03,1838.897949,1856.407593,1825.347778,1835.136475,1835.136475,4710581074,1839.089722,1827.712891,1882.8565105333334,1859.948312142857,1860.9897218,1877.5227112500002,1867.9074732,1862.5128094792467,1871.6014781585682,1868.2585181141726
2023-08-04,1834.890503,1847.912231,1817.413818,1827.712891,1827.712891,4861242484,1835.136475,1834.987915,1880.0940064666668,1853.2294575714288,1857.9868166,1872.33502815,1871.1513355200002,1857.1589758670548,1868.350471702378,1866.6684935214598
2023-08-05,1827.798584,1836.464844,1824.807983,1834.987915,1834.987915,2866049749,1827.712891,1827.462036,1879.6390544666667,1846.646467142857,1854.2696168999998,1867.90032965,1873.51771736,1853.7480434259694,1865.8791712059055,1865.4261178931672
2023-08-06,1834.845215,1836.248901,1824.986694,1827.462036,1827.462036,2963395076,1834.987915,1826.938843,1878.2010377000001,1841.763358142857,1850.9801026999999,1863.69112555,1875.52287604,1849.7040422835125,1863.0334574869496,1863.937330367945
2023-08-07,1827.239502,1842.522583,1804.716675,1826.938843,1826.938843,5837881974,1827.462036,1855.807373,1876.9143474333332,1837.5885708571427,1846.1994996999997,1860.1581055500003,1877.6501026,1846.201703932203,1860.3597823397681,1862.4864092946923
2023-08-08,1826.93103,1873.847168,1824.430054,1855.807373,1855.807373,5812855406,1826.938843,1854.297607,1876.6742676666665,1835.3050364285716,1843.6733522,1858.49807745,1880.01306158,1847.6794991734025,1860.0225668331186,1862.2244863027436
2023-08-09,1855.779419,1869.736572,1845.489746,1854.297607,1854.297607,5870081833,1855.807373,1850.753418,1875.7989747,1837.4775914285713,1842.9387329999997,1856.664502,1881.2566138200002,1848.6976696082636,1859.5984957343692,1861.9136282908712
2023-08-10,1854.348267,1863.310913,1845.442261,1850.753418,1850.753418,3760304518,1854.297607,1847.12439,1874.8795533,1839.7085832857142,1842.3978393999998,1854.598169,1880.45153814,1849.0139385916077,1858.9433047910825,1861.4759729853467
2023-08-11,1850.741699,1855.06604,1839.569214,1847.12439,1847.12439,3353025102,1850.753418,1848.889893,1874.0465739666665,1842.4816545714286,1839.931067,1853.7087708,1879.93516608,1848.7232388082834,1858.0678296213728,1860.9131658094507
2023-08-12,1847.171997,1852.281006,1845.719238,1848.889893,1848.889893,2291124840,1847.12439,1839.280151,1868.7925212333332,1844.4676514285713,1840.9110841000002,1851.6936829500003,1879.05572272,1848.7488779147013,1857.387982464234,1860.4416649149625
2023-08-13,1849.053833,1859.916382,1834.804321,1839.280151,1839.280151,3054625661,1848.889893,1844.185791,1865.4569580666664,1846.1559535714284,1841.3254516999998,1851.15758675,1878.3201319,1847.292150697055,1856.0466616150313,1859.6118016241799
2023-08-14,1839.323486,1853.836304,1834.800415,1844.185791,1844.185791,4083364724,1839.280151,1826.932739,1862.5475993333334,1848.6198032857144,1842.9727417,1850.47977915,1877.1937256400001,1846.8142492052002,1855.1680786065106,1859.0068600310747
2023-08-15,1844.164185,1845.547607,1816.325073,1826.932739,1826.932739,4483923893,1844.185791,1805.659058,1859.3226278,1844.4948555714286,1842.1672241,1848.2184205,1876.5437232,1843.7555553274772,1853.0765719689912,1857.7490513631894
2023-08-16,1827.036377,1829.361206,1798.966675,1805.659058,1805.659058,4976573383,1826.932739,1684.933472,1855.7897258,1837.5464914285715,1839.9869263,1845.4835145000002,1874.86283698,1837.8945557386346,1849.5641635268437,1855.7063065254174
2023-08-17,1805.567383,1807.714844,1551.713257,1684.933472,1684.933472,14208462072,1805.659058,1660.945068,1848.7008667666666,1813.8579277142858,1825.7863892,1835.9929444499999,1872.0020825999998,1814.362081317306,1837.3692974878181,1849.0093326224599
2023-08-18,1682.038452,1698.124268,1644.930908,1660.945068,1660.945068,9645084584,1684.933472,1669.471924,1841.0987711999999,1787.2608817142857,1806.3001587000003,1824.9867554500001,1868.17643806,1790.7594638838743,1824.3008360442761,1841.6342634215791
2023-08-19,1660.84436,1693.228149,1654.075806,1669.471924,1669.471924,4871231360,1660.945068,1684.852051,1833.7155314666666,1761.629743285714,1787.8175904,1815.3781617,1862.9020972399999,1772.0998423632782,1812.8320277447,1834.8827991305368
2023-08-20,1669.587769,1692.328735,1662.901489,1684.852051,1684.852051,4105056995,1669.471924,1667.269043,1826.8079305666665,1739.5685861428574,1771.2274537,1806.8126465499997,1858.1078199,1758.6771052304662,1803.3520294673149,1828.9992403803199
2023-08-21,1685.022339,1685.082642,1651.959839,1667.269043,1667.269043,5077248383,1684.852051,1633.892578,1820.2198202,1714.2947649999999,1753.241919,1796.586493,1852.70443368,1744.614326425779,1793.2718082475137,1822.6568796987387
2023-08-22,1667.279297,1668.638672,1596.384033,1633.892578,1633.892578,7244623133,1667.269043,1679.274414,1811.7098511333331,1686.7175991428571,1731.7421875,1786.3266358,1846.27450204,1727.5802112833512,1781.4659393402903,1815.2543580634942
2023-08-23,1634.401733,1696.593994,1629.581055,1679.274414,1679.274414,7191868448,1633.892578,1659.94458,1806.0189291,1668.66265,1715.7416138,1778.5335327500002,1841.1273194199998,1720.1485501628356,1773.896196722491,1809.921811237475
2023-08-24,1679.248291,1682.489746,1641.627075,1659.94458,1659.94458,5104531920,1679.274414,1652.935059,1799.4256836666668,1665.0928082857142,1697.3174927,1770.1451172000002,1836.11445076,1710.8864009070148,1765.4553362245288,1804.0403511889465
2023-08-25,1660.269897,1671.970703,1635.967407,1652.935059,1652.935059,5396997823,1659.94458,1646.306763,1792.1181885666665,1663.9485212857144,1679.9177247,1761.0424744,1832.20042244,1701.970809844397,1757.1205008745637,1798.1146534560467
2023-08-26,1652.927246,1654.77771,1643.712646,1646.306763,1646.306763,2423247747,1652.935059,1657.513062,1784.9831747333333,1660.6392125714285,1663.9824952,1751.9847107500002,1827.71450692,1693.4071103298745,1748.9120758468182,1792.1614028499273
2023-08-27,1646.271973,1659.26709,1645.902832,1657.513062,1657.513062,2624065031,1646.306763,1652.457397,1777.7421143666666,1656.7336427142857,1661.2404542,1743.5134217,1823.55397714,1687.8849490483553,1742.1417785248316,1786.8810757577733
2023-08-28,1657.439819,1659.328735,1627.446777,1652.457397,1652.457397,4855588534,1657.513062,1729.725708,1770.1217326666667,1654.617693285714,1660.3916871000001,1733.3459229,1819.3429297600003,1682.4345564255314,1735.4984910044739,1781.609558943743
2023-08-29,1652.27417,1742.637329,1639.576172,1729.725708,1729.725708,11304916729,1652.457397,1705.112183,1765.7244629666666,1668.3081404285715,1666.4170654999998,1727.11732795,1816.3263160000001,1689.7101182062188,1735.070877448587,1779.5748981224197
2023-08-30,1729.676636,1730.564697,1697.147217,1705.112183,1705.112183,5023904190,1729.725708,1645.63916,1760.6894572666665,1671.9992502857144,1668.4430786999997,1719.8352662000002,1812.86183846,1692.079666636031,1732.85171489684,1776.6547916470306
2023-08-31,1705.364502,1720.011963,1634.850952,1645.63916,1645.63916,6593153505,1705.112183,1628.491211,1753.1510254666669,1669.9556188571426,1666.2800904,1709.7610046999998,1808.33234626,1684.934973307411,1726.3915256452221,1771.516923739304
2023-09-01,1645.581299,1653.531738,1603.03418,1628.491211,1628.491211,6104510092,1645.63916,1637.025391,1746.1310751000003,1666.4636405714284,1665.7399537000001,1698.7410705999998,1800.7719409800002,1676.2513175678093,1719.139650486317,1765.9080722593314
2023-09-02,1628.559692,1644.03064,1627.976074,1637.025391,1637.025391,2943590996,1628.491211,1636.117676,1739.5273722999998,1665.1377302857143,1661.5150514000002,1688.6283326,1794.72550788,1670.2165596343002,1713.0571127465898,1760.8538494648478
2023-09-03,1637.043579,1645.645142,1626.089233,1636.117676,1636.117676,3151878318,1637.025391,1629.655273,1733.1408651333334,1662.0812465714284,1659.132361,1678.22492685,1788.81853034,1664.9705775367156,1707.3578952098055,1755.9622348191676
2023-09-04,1635.724731,1642.653198,1618.523682,1629.655273,1629.655273,3887968912,1636.117676,1633.629395,1726.2964437333333,1658.8238002857142,1656.8043824000001,1668.36105355,1782.9379981,1659.5374537618363,1701.6021454164866,1751.0090206301807
2023-09-05,1629.911011,1645.948364,1610.141235,1633.629395,1633.629395,4417491902,1629.655273,1632.252319,1719.8353557,1645.0957555714288,1655.5366456,1659.7595704,1777.37766364,1655.5515985677077,1696.5671268671172,1746.4058980564482
2023-09-06,1633.912109,1656.932739,1611.147705,1632.252319,1632.252319,4987397046,1633.629395,1647.598267,1713.3458049,1634.6872035714284,1653.0105712999998,1657.12551275,1772.07072516,1651.9670940188296,1691.8030670251085,1741.929287113058
2023-09-07,1632.262817,1657.303711,1623.220459,1647.598267,1647.598267,4907290296,1632.252319,1636.137817,1706.4055013666666,1634.9670760000001,1652.5246583,1656.4581727,1767.2425318,1651.2949667851635,1688.528637393619,1738.2300314223498
2023-09-08,1647.807617,1657.136353,1617.796509,1636.137817,1636.137817,4598495496,1647.598267,1635.162354,1699.1335083666665,1636.0594482857143,1643.1658691999996,1654.79146735,1762.14590582,1648.963097587446,1684.6478358829804,1734.226415170493
2023-09-09,1636.050415,1636.870728,1629.660889,1635.162354,1635.162354,2081625742,1636.137817,1616.828857,1691.9471395666667,1635.793300142857,1636.1708863,1652.3069824999998,1757.00755134,1646.8399062663004,1680.9822446323892,1730.3415500265523
2023-09-10,1635.21167,1635.433105,1604.040527,1616.828857,1616.828857,4339499949,1635.162354,1551.637695,1684.2706217999998,1633.0377545714286,1633.289856,1649.7849732,1752.0458814,1642.2228217637926,1676.2301418448048,1725.8900718686482
2023-09-11,1616.769775,1618.305786,1533.426758,1551.637695,1551.637695,7693700923,1616.828857,1592.429443,1674.3622152,1621.892386285714,1625.6045044,1645.6722290500002,1745.2948023,1628.2866484155168,1667.0010717081525,1719.0566453247795
2023-09-12,1551.497803,1619.114014,1549.493774,1592.429443,1592.429443,6813819740,1551.637695,1607.988525,1666.133858266667,1616.0066788571426,1621.1449096000001,1641.3299805,1740.14334966,1622.770155274668,1661.4772473594005,1714.0908726845921
2023-09-13,1592.892334,1615.050293,1582.217529,1607.988525,1607.988525,4979469106,1592.429443,1626.974365,1658.2606160666667,1612.5404225714285,1618.3319944999998,1638.7321777500001,1735.1482812999998,1620.4960583093343,1657.5151197772227,1709.9299963048043
2023-09-14,1608.031616,1640.522705,1607.735352,1626.974365,1626.974365,5538958553,1607.988525,1641.640381,1651.5953369333333,1609.594150857143,1618.0639036999999,1637.43414305,1730.2445703599997,1621.4927208771292,1655.2528416455764,1706.676834292851
2023-09-15,1626.870117,1652.113159,1613.248657,1641.640381,1641.640381,4348584771,1626.974365,1635.22168,1646.1280477,1610.3802314285713,1618.8650022999998,1637.20082395,1725.87023442,1624.5923608960322,1654.2445112273856,1704.126385144112
2023-09-16,1641.446411,1649.988647,1632.577881,1635.22168,1635.22168,2819575929,1641.640381,1622.896729,1644.4709879666666,1610.3887065714284,1619.1619384,1636.08625485,1721.07977056,1626.2276407581812,1652.8354126179497,1701.424239844343
2023-09-17,1635.20105,1635.512939,1616.779297,1622.896729,1622.896729,3032716258,1635.22168,1637.347046,1643.20271,1611.2555454285714,1616.6917846000001,1634.60822145,1715.9163281800002,1625.7151927953842,1650.6177323499535,1698.344729615153
2023-09-18,1623.081909,1669.015381,1609.957397,1637.347046,1637.347046,5916674789,1622.896729,1643.544678,1642.1318807333334,1623.4997384285714,1616.8127075,1629.98928835,1711.4303931200002,1627.5047086730174,1649.6347185462532,1695.9526635910295
2023-09-19,1637.312012,1659.531738,1628.413208,1643.544678,1643.544678,4405868861,1637.347046,1622.890625,1640.7549683,1630.8019148571432,1617.6509399000001,1626.9109131,1707.1780396000001,1629.9723962617838,1649.183604431716,1693.8974484698126
2023-09-20,1643.495361,1649.619141,1610.420776,1622.890625,1622.890625,5156431986,1643.544678,1584.307007,1639.2756877,1632.9307862857145,1618.2571167,1625.77348635,1702.2000098199999,1628.8828929907402,1647.2359763256632,1691.112867157271
2023-09-21,1622.591797,1625.20459,1573.305786,1584.307007,1584.307007,5191732312,1622.890625,1593.268311,1637.6228353333333,1626.8354494285716,1621.5240479,1623.5642761499998,1697.1043555200001,1622.0250643767802,1642.574571190429,1686.9244020530643
2023-09-22,1584.002563,1601.53772,1579.101318,1593.268311,1593.268311,3460791634,1584.307007,1593.857788,1634.7559652333334,1619.9251537142857,1621.6079347,1621.37642215,1692.26699224,1617.60094847266,1638.9222556207676,1683.2516141686306
2023-09-23,1593.213135,1598.001709,1588.328979,1593.857788,1593.857788,2101436678,1593.268311,1580.853394,1632.5530721666667,1614.0160262857146,1620.1948610000002,1619.2634277500001,1687.5898901799999,1613.9481545537892,1635.584146908118,1679.7459739267235
2023-09-24,1593.825684,1600.207275,1576.783325,1580.853394,1580.853394,3086456944,1593.857788,1588.322876,1630.1503500000001,1608.0098355714288,1615.5827639000001,1616.8233338,1682.5071997600003,1608.8566529301295,1631.5300170630721,1675.8678335374402
2023-09-25,1580.747437,1595.844116,1565.025513,1588.322876,1588.322876,4394930984,1580.853394,1593.417236,1628.2175537666667,1601.0063827142858,1610.2510134000001,1614.5580078500002,1677.7244165599998,1605.6976103254942,1628.3294880954372,1672.4346979477368
2023-09-26,1588.023193,1598.097778,1580.165527,1593.417236,1593.417236,3544861160,1588.322876,1597.491211,1626.0810262333332,1593.8453195714285,1606.070569,1612.6162537,1673.05398442,1603.8083219677258,1625.743395347627,1669.3359739497864
2023-09-27,1593.108276,1631.910767,1585.368896,1597.491211,1597.491211,5533036096,1593.417236,1652.88269,1624.2488200333332,1590.2168318571428,1603.5300172000002,1610.1109009,1667.88766118,1602.836458741922,1623.6506409515066,1666.518532265481
2023-09-28,1597.671997,1666.02417,1597.294678,1652.88269,1652.88269,6658092168,1597.491211,1667.943848,1621.6873861,1600.0133580000002,1605.0835816,1610.94814455,1663.85936284,1610.5358789354723,1625.8159779180617,1665.9837933531094
2023-09-29,1652.999878,1687.28125,1648.656494,1667.943848,1667.943848,5529687537,1652.88269,1671.161865,1620.4484416000003,1610.681291857143,1607.5234986,1612.58721925,1660.20317144,1619.367874176169,1628.9365608870942,1666.0606582412229
2023-09-30,1667.834473,1692.531128,1666.563843,1671.161865,1671.161865,3155292192,1667.943848,1733.810425,1621.2991984333335,1621.7247314285712,1612.3506226,1615.30386965,1656.68392094,1627.3361804567585,1632.064361191754,1666.2607055650965
2023-10-01,1671.161499,1750.595703,1670.082153,1733.810425,1733.810425,5054880180,1671.161865,1663.627563,1624.8098389,1643.5757358571427,1627.3009643999999,1624.4125061500001,1654.3823315800003,1643.7168334634111,1639.6011066590315,1668.909714170387
2023-10-02,1732.984009,1743.563599,1646.077637,1663.627563,1663.627563,8420552922,1733.810425,1656.685669,1625.6965779666668,1654.3335482857142,1634.3368896,1627.9724121499999,1650.8692798200002,1646.7800226228865,1641.3808441657698,1668.7025709872344
2023-10-03,1662.887207,1670.356323,1644.49646,1656.685669,1656.685669,4742827302,1663.627563,1647.838135,1626.3821777333333,1663.3718958571428,1640.6196776999998,1630.4072693499998,1647.11927738,1648.3039682193655,1642.5145348942315,1668.2313199289115
2023-10-04,1656.735962,1657.25354,1629.426636,1647.838135,1647.838135,5127524863,1656.685669,1611.47644,1626.9882731333335,1670.5643135714286,1647.3181517999997,1631.45045785,1643.5373853,1648.2323015702323,1642.908875642807,1667.4315871866013
2023-10-05,1647.788208,1654.379028,1609.849976,1611.47644,1611.47644,5403759057,1647.838135,1645.831543,1626.2498412999998,1664.649135,1649.6335081999998,1629.9422608,1639.6537329399998,1642.5775536363503,1640.5805470766732,1665.2372676890875
2023-10-06,1611.365723,1659.609863,1611.365723,1645.831543,1645.831543,4941208729,1611.47644,1634.51123,1626.7024821,1661.4902342857142,1654.8749389,1630.47275395,1638.87169436,1643.078167384604,1640.9695097376605,1664.4762588777508
2023-10-07,1645.810913,1648.183716,1631.158203,1634.51123,1634.51123,2578994988,1645.831543,1633.548584,1626.2662475333334,1656.2544292857144,1658.5769408,1631.053479,1638.3430176,1641.7601770177419,1640.4911186459817,1663.3011597060743
2023-10-08,1634.657349,1641.182373,1618.189209,1633.548584,1633.548584,3315554175,1634.51123,1579.806641,1626.1799397666664,1641.9313091428571,1656.6435302000002,1630.8635559,1637.6245508000002,1640.4968550150122,1639.9768568203533,1662.1343920313263
2023-10-09,1633.454834,1635.447876,1553.006958,1579.806641,1579.806641,7020801716,1633.548584,1567.713013,1624.3347493333335,1629.9568917142858,1647.8298094999998,1627.6766540499998,1635.5236426000001,1631.1598990127027,1635.5198037966236,1658.9058527751959
2023-10-10,1580.112061,1593.741333,1553.031738,1567.713013,1567.713013,5254966125,1579.806641,1566.254761,1622.6975545333335,1617.2465122857143,1637.4849243,1624.91777345,1633.5325220000002,1621.398839626133,1630.4970785524292,1655.3296629800902
2023-10-11,1567.680786,1578.223511,1548.980469,1566.254761,1566.254761,5416504273,1567.713013,1539.612427,1623.1847900666664,1605.5917445714283,1620.7293579,1624.01516115,1632.17976566,1612.9151352221124,1625.7383883633604,1651.8365295691062
2023-10-12,1566.355957,1566.878174,1523.237549,1539.612427,1539.612427,5003930677,1566.254761,1552.089478,1621.4242228666665,1595.3254569999997,1608.3278443,1621.33236695,1629.38652592,1601.6377954956336,1619.3586875216301,1647.4355843703179
2023-10-13,1539.432861,1571.75061,1537.921143,1552.089478,1552.089478,4575141511,1539.612427,1555.256836,1619.5609212999998,1581.9337334285717,1597.8682251999999,1619.24395145,1627.22942388,1594.0149774193824,1614.3757831126204,1643.6965213754033
2023-10-14,1552.263794,1560.325073,1545.73877,1555.256836,1555.256836,2429214718,1552.089478,1558.069824,1617.170337,1570.6116771428572,1588.6100953,1617.96412355,1625.27585942,1588.052186431785,1609.9966018450189,1640.2282984195053
2023-10-15,1555.07605,1565.760864,1550.554565,1558.069824,1558.069824,2923337883,1555.256836,1600.534302,1614.3846517666666,1559.8289971428571,1583.2694336999998,1616.45147095,1623.51112064,1583.4395152884333,1606.150173856499,1637.0063974618777
2023-10-16,1558.313477,1628.15625,1555.989624,1600.534302,1600.534302,8846928526,1558.069824,1565.439575,1613.2284058333332,1562.7900915714285,1578.7397096,1616.80732425,1622.3715454399999,1586.0694824748282,1605.73418334861,1635.5761192084706
2023-10-17,1600.63562,1601.294678,1554.402954,1565.439575,1565.439575,5032686973,1600.534302,1563.749878,1611.313167366667,1562.4653147142858,1571.8325441000002,1615.2047424500001,1620.631189,1582.895650555624,1602.7493975450093,1632.8256664944129
2023-10-18,1565.382813,1584.726929,1556.736328,1563.749878,1563.749878,4354138855,1565.439575,1567.457031,1608.8599284333332,1562.1074742857145,1564.8526735,1610.7481018499998,1617.3116724,1579.950147085528,1599.860544245379,1630.1168120436516
2023-10-19,1563.95813,1573.737671,1543.585083,1567.457031,1567.457031,5035110867,1563.749878,1604.66687,1606.3236735333335,1566.085274857143,1563.6177125,1605.723761,1614.5585693599999,1578.028129226216,1597.4602840049806,1627.6595657282144
2023-10-20,1567.570923,1628.609009,1562.302856,1604.66687,1604.66687,6747486127,1567.457031,1629.304443,1605.7162150333336,1573.5963308571427,1567.3130982,1602.39901125,1613.7391235599998,1582.1263970375671,1597.994105189797,1626.7578913859315
2023-10-21,1604.822266,1641.241821,1593.447998,1629.304443,1629.304443,4212179634,1604.66687,1663.429932,1607.2161295666665,1584.1745604285716,1573.6180664,1597.1737121499998,1613.7553882,1589.3845579548645,1600.3133894720343,1626.8577561551108
2023-10-22,1629.297729,1667.666626,1623.984741,1663.429932,1663.429932,5248406817,1629.304443,1765.38269,1609.5548502666668,1599.2260044285715,1585.9998169,1597.1638306,1614.2834790199997,1600.7761539618082,1604.9886889185502,1628.2919591294203
2023-10-23,1674.849243,1794.070435,1663.447998,1765.38269,1765.38269,14362295879,1663.429932,1784.4375,1615.2723469999999,1622.7757741428572,1607.3291381000001,1602.5986816500001,1616.8687793000001,1626.1002364292224,1616.8697260356946,1633.6680662223844
2023-10-24,1766.014648,1852.684448,1758.690063,1784.4375,1784.4375,15888690475,1765.38269,1787.397583,1622.0584838666666,1654.061192,1630.2472045,1609.4286499,1619.9644238399999,1650.4598154401112,1629.2821537367545,1639.5805930371928
2023-10-25,1784.905029,1814.484741,1762.147095,1787.397583,1787.397583,9439066475,1784.4375,1804.039307,1628.6943074333333,1686.0108641428571,1653.1799804000002,1618.2247070500002,1623.0397876,1671.5271642954785,1640.994407756254,1645.3773377416167
2023-10-26,1787.481934,1865.095215,1764.013062,1804.039307,1804.039307,11196672635,1787.397583,1780.045288,1635.7150431333332,1719.8083321428571,1673.5304809000002,1626.1350952500002,1626.4755273600001,1691.9136477884817,1653.0718077002352,1651.5993757517492
2023-10-27,1803.794922,1804.135864,1751.440063,1780.045288,1780.045288,7493399771,1804.039307,1776.618164,1641.8001790333333,1744.862391857143,1694.9910521999998,1633.4117981499999,1629.1244677799998,1705.4723616671768,1662.477250685403,1656.63647034972
2023-10-28,1780.084229,1800.605347,1773.436646,1776.618164,1776.618164,4226112731,1780.045288,1795.546021,1645.9246948333334,1765.907209142857,1716.2778807999998,1640.5652771500002,1631.93407472,1716.4178697183802,1670.932133153151,1661.3416348065937
2023-10-29,1776.563965,1810.488647,1766.052979,1795.546021,1795.546021,4358528382,1776.618164,1810.088623,1650.1781005999999,1784.7809361428572,1739.0867798,1651.3522461500002,1635.14174806,1728.591431454014,1680.162791512177,1666.6045519122176
2023-10-30,1795.589111,1829.249512,1779.364502,1810.088623,1810.088623,7534051038,1795.546021,1816.458984,1654.8089925333331,1791.167498,1759.6289551000002,1663.47102665,1639.00694338,1741.1294609226272,1689.7869271779416,1672.2313782293854
2023-10-31,1810.131592,1819.972656,1784.567627,1816.458984,1816.458984,6477922747,1810.088623,1847.089722,1657.5639445000002,1795.7419957142858,1778.3444091999997,1675.9812378000001,1644.30336916,1752.7186183191461,1699.170042498094,1677.8873627694095
2023-11-01,1815.87207,1858.312866,1786.409546,1847.089722,1847.089722,10628825648,1816.458984,1800.620972,1663.6793498,1804.2694441428573,1796.7103882,1691.35510255,1649.39657474,1767.237249654662,1710.1270557945315,1684.5227494059031
2023-11-02,1847.259888,1873.88501,1790.114746,1800.620972,1800.620972,9004197724,1847.089722,1832.795166,1668.4771932333335,1803.7811105714284,1800.2342164000002,1703.7816772499998,1653.24922368,1772.37320693856,1716.8303088467885,1689.0756208801815
2023-11-03,1800.916504,1835.07251,1779.635498,1832.795166,1832.795166,7622864055,1800.620972,1857.698608,1674.6424276,1811.3168074285713,1805.069983,1717.65859375,1657.3656397000002,1781.6688929480124,1725.420298265545,1694.7116814731157
2023-11-04,1833.368896,1867.261353,1825.736572,1857.698608,1857.698608,4845080427,1832.795166,1894.157715,1682.8498332000001,1822.899728,1812.1000854999998,1732.64003295,1661.68680424,1793.3657721867796,1735.218691579208,1701.1033256506407
2023-11-05,1857.39563,1911.608643,1848.620117,1894.157715,1894.157715,8867152645,1857.698608,1899.837402,1691.1273722666667,1836.9871128571428,1821.1119263,1747.3212036,1666.8655249400001,1808.872224927275,1746.9919525733408,1708.6740860172822
2023-11-06,1894.0271,1914.582642,1871.973022,1899.837402,1899.837402,8104122602,1894.157715,1888.124268,1699.971578,1849.808367,1833.0911377,1764.0410949499997,1672.4043384,1822.8668675538481,1758.3138377160562,1716.1706866440554
2023-11-07,1900.599731,1907.561401,1852.790894,1888.124268,1888.124268,9203228152,1899.837402,1889.322388,1708.4574341333334,1860.0462647142856,1844.2417481,1780.25981445,1677.41988284,1832.906467622487,1767.9294251444965,1722.9139643442884
2023-11-08,1887.119019,1904.546265,1874.545654,1889.322388,1889.322388,6751627017,1888.124268,2120.561035,1718.7746257,1866.0795027142856,1853.6193847999998,1796.3530823,1682.3354370399998,1841.5858399882584,1776.9214964671264,1729.4397848798067
2023-11-09,1888.940308,2130.885254,1884.204346,2120.561035,2120.561035,24709695029,1889.322388,2078.289795,1737.2028931,1911.785226,1884.6666259999997,1822.14779055,1692.28884524,1884.5051007592956,1802.3762770991912,1744.7778731198143
2023-11-10,2121.067383,2134.691406,2068.134277,2078.289795,2078.289795,14740624457,2120.561035,2052.713867,1754.2707275666667,1946.8558872857143,1910.8497071000002,1844.59705815,1702.168501,1914.3181306424808,1822.814315462214,1757.8567720170768
2023-11-11,2078.05835,2089.530518,2035.082153,2052.713867,2052.713867,10228351203,2078.289795,2045.187012,1771.3741089,1974.71521,1931.4121215999999,1864.0612549000002,1711.35741212,1935.6097823897915,1839.8439118724202,1769.4197953497405
2023-11-12,2053.118652,2066.003418,2019.028076,2045.187012,2045.187012,7951011698,2052.713867,2055.265381,1787.8106933666668,1996.290823857143,1955.8687256,1878.051471,1720.3839966,1952.467817714439,1855.0545118818707,1780.234196002692
2023-11-13,2045.354492,2116.010742,2031.954224,2055.265381,2055.265381,14322027970,2045.187012,1979.052612,1804.4776448666667,2018.494820857143,1978.1157471000001,1891.5928650500002,1729.87223634,1968.2828274506792,1869.8849466313618,1791.019732669253
2023-11-14,2054.765381,2065.066895,1939.280396,1979.052612,1979.052612,13087862495,2055.265381,2060.408447,1818.5104044666666,2031.4845842857144,1990.2511475,1901.1756165,1737.68683106,1969.9397173813438,1877.971440362372,1798.3935710743804
2023-11-15,1979.472656,2061.991699,1968.774658,2060.408447,2060.408447,12626326991,1979.052612,1960.881592,1833.8395426333334,2055.925449857143,2006.8762207,1913.9940735,1747.0266552799999,1983.8579834765217,1891.4852927059,1808.6686642479342
2023-11-16,2059.96582,2088.662354,1940.574219,1960.881592,1960.881592,14651619483,2060.408447,1961.280762,1847.0209432,2033.1141008571428,2012.9806397,1923.0358886999998,1754.2944628999999,1980.3231540185952,1896.6257593202777,1814.6377986695838
2023-11-17,1961.867554,1990.050537,1910.445435,1961.280762,1961.280762,11881648738,1960.881592,1963.285034,1860.2719726666667,2016.398524714286,2020.2962891,1932.2690186,1760.4624243399999,1977.3935552465036,1901.415018778035,1820.388503113914
2023-11-18,1961.671265,1971.46228,1921.062378,1963.285034,1963.285034,8064677046,1961.280762,2013.204468,1873.4662394333332,2003.6229771428573,2027.6925537,1940.65596925,1766.36924806,1975.2230135162724,1905.9979828685507,1825.9922886388588
2023-11-19,1963.180054,2015.633911,1944.900879,2013.204468,2013.204468,7716048818,1963.285034,2022.239136,1887.0841593666667,1999.054042285714,2016.956897,1950.8117614999999,1773.2101001199999,1981.0663142060766,1913.9392039893987,1833.3339427314527
2023-11-20,2011.853394,2066.409912,1996.044312,2022.239136,2022.239136,12866464824,2013.204468,1937.066772,1900.1819824666668,1994.336007285714,2011.3518311,1961.1007691,1778.9786743399998,1987.400594482065,1921.9614211753692,1840.7419895262976
2023-11-21,2022.217285,2035.035889,1937.066772,1937.066772,1937.066772,13653500841,2022.239136,2064.425293,1909.3032104666665,1988.338030142857,1999.7871216000003,1965.5996215999999,1784.4474585199998,1979.656929484824,1923.0803360512678,1844.5194319762468
2023-11-22,1933.58313,2089.51416,1933.162964,2064.425293,2064.425293,13372200584,1937.066772,2062.210693,1919.2712972333331,1988.9118652857142,2001.7109496999997,1978.7898376500002,1792.6022509999998,1992.6982161794665,1933.550332862285,1853.1431912320804
2023-11-23,2063.905518,2088.031982,2041.464233,2062.210693,2062.210693,7828437946,2064.425293,2081.1521,1928.5304036666666,2003.387451142857,2002.4054808999997,1990.260614,1800.8897021599998,2003.3924433826255,1943.080729909523,1861.3419167916068
2023-11-24,2062.411865,2132.481201,2060.999023,2081.1521,2081.1521,12141148820,2062.210693,2084.413086,1938.3222209,2020.511928,2012.6154296999998,2001.4332886,1810.28321536,2015.355467477606,1953.308238805114,1869.9619239762496
2023-11-25,2081.296143,2091.342773,2067.917236,2084.413086,2084.413086,5362623390,2081.1521,2063.286133,1947.6680135333334,2037.8159354285713,2015.0158936,2010.94605715,1819.0548462200002,2025.9797164810511,1963.019708967698,1878.3717734673771
2023-11-26,2084.17749,2094.095947,2038.600464,2063.286133,2063.286133,8054814154,2084.413086,2027.417358,1957.1093750333334,2044.970459,2025.2563476999999,2019.1184937000003,1827.6303442800001,2031.719165176274,1970.4468514886094,1885.6233169784605
2023-11-27,2062.390869,2070.606201,1988.120361,2027.417358,2027.417358,10574810069,2063.286133,2049.338135,1965.4693481666666,2045.7102049999999,2031.8700073,2026.0831482,1835.5077197599999,2031.0573486876165,1974.6668890079716,1891.1838676067562
2023-11-28,2027.517212,2074.954102,1996.814697,2049.338135,2049.338135,9910633038,2027.417358,2029.929199,1973.9290852999998,2061.748971142857,2040.4753174000002,2034.08393555,1844.8983496399999,2033.86977735106,1980.1980924147886,1897.3859957398247
2023-11-29,2049.186768,2071.994385,2020.756592,2029.929199,2029.929199,8945151861,2049.338135,2052.556152,1981.2571045000002,2056.8209577142857,2042.1477905,2029.55234375,1854.14267336,2033.26353452782,1983.8818780877673,1902.5837684166943
2023-11-30,2029.358398,2054.444336,2022.461792,2052.556152,2052.556152,8107789163,2029.929199,2087.139893,1989.1270101,2055.441737571429,2045.1794921,2028.2656616,1863.8687011800002,2036.23162952354,1988.9688613405253,1908.4650383611377
2023-12-01,2052.09668,2109.319092,2046.557007,2087.139893,2087.139893,10866891430,2052.556152,2165.704102,1997.1286824666668,2056.2971365714284,2060.1868041999996,2029.9869629,1874.8192505000002,2044.06367005838,1996.2407896115974,1915.471895405799
2023-12-02,2087.663574,2182.817871,2087.407959,2165.704102,2165.704102,9130124831,2087.139893,2193.69165,2009.2981201333334,2067.910138857143,2070.3146851,2036.0128173999997,1887.0915429799998,2062.777582664783,2008.793627566294,1925.2849231153757
2023-12-03,2165.895752,2213.175781,2151.720947,2193.69165,2193.69165,8278465782,2165.704102,2243.21582,2021.3280029333334,2086.5394984285713,2083.4627808,2042.93413085,1899.8602392599998,2082.918208408663,2022.489777376198,1935.8106771108512
2023-12-04,2193.66333,2273.069824,2193.007324,2243.21582,2243.21582,16149367134,2193.69165,2293.841797,2034.1785766666667,2117.3678501428576,2099.6691528,2056.14229125,1913.5631591800002,2107.5793794227147,2038.8398546075907,1947.865780753563
2023-12-05,2243.092529,2306.570313,2191.17627,2293.841797,2293.841797,15383072559,2243.21582,2231.661377,2047.5013794000001,2152.2969447142855,2120.6120239,2067.81395875,1927.4293090800002,2136.2351359730665,2057.7288873773987,1961.4334676651881
2023-12-06,2293.628174,2310.713135,2225.081055,2231.661377,2231.661377,12790612571,2293.841797,2357.57959,2058.5621785666667,2181.1158272857147,2137.4495483,2081.352948,1940.7537451199998,2150.9160961310563,2070.6127754975914,1972.030640580279
2023-12-07,2233.217773,2380.729736,2225.050537,2357.57959,2357.57959,14766891042,2231.661377,2358.731934,2074.2106893,2224.690604142857,2170.4657715000003,2101.1678894,1956.63033936,2182.7104798032015,2091.869576571844,1987.1502072241897
2023-12-08,2357.169189,2387.514404,2340.92041,2358.731934,2358.731934,12543458699,2357.57959,2341.175293,2089.857674166667,2263.489467142857,2201.4051514,2120.9402344,1972.45583742,2209.790703525786,2111.6371586035593,2001.7220396467706
2023-12-09,2358.686035,2401.760498,2331.666016,2341.175293,2341.175293,10613312823,2358.731934,2352.462646,2097.2114827666664,2288.5567801428574,2232.5297608,2137.33877565,1987.18600588,2230.0037172910493,2128.639983373666,2015.0339319351326
2023-12-10,2341.440186,2376.749756,2323.405762,2352.462646,2352.462646,7369608905,2341.175293,2224.578857,2106.3505778000003,2311.238351,2262.5204102,2153.84995115,2001.64916994,2248.8435524770416,2145.2194398645056,2028.2664305259118
2023-12-11,2352.496582,2354.914063,2160.358154,2224.578857,2224.578857,17989249470,2352.462646,2202.038086,2112.0794108,2308.5759277142856,2276.2643066,2168.2255554,2012.87214844,2245.1105224036505,2151.0979152078758,2035.9649570543074
2023-12-12,2224.391113,2242.55127,2166.77002,2202.038086,2202.038086,11391132228,2224.578857,2260.648682,2117.307779933333,2295.4611118571424,2279.8977050000003,2175.1061950499998,2021.60525636,2238.483993726166,2154.8712611924775,2042.4776287776679
2023-12-13,2202.600342,2283.099121,2150.754395,2260.648682,2260.648682,12576395493,2202.038086,2316.579102,2124.153889966667,2299.602155428571,2286.5934082,2185.0280945,2031.1294799999998,2241.893945768294,2162.7066256967387,2051.0333563550143
2023-12-14,2260.736084,2331.601563,2239.366211,2316.579102,2316.579102,12608711052,2260.648682,2219.337402,2135.4047729666668,2293.7449428571426,2293.9297364,2196.7994446000002,2041.7131103799998,2253.383969803941,2174.104586904388,2061.446915007759
2023-12-15,2316.110352,2316.892822,2214.263184,2219.337402,2219.337402,10259157898,2316.579102,2226.926514,2140.7024048,2273.8314382857143,2286.4792969,2203.5456604,2050.01907228,2248.1460362956423,2177.4551658003593,2067.6386988113763
2023-12-16,2220.415527,2260.809814,2213.550781,2226.926514,2226.926514,6866555430,2219.337402,2196.481201,2149.5705688666667,2257.5101841428573,2286.0058106,2211.72767945,2058.9566968,2244.881494404005,2181.119710111444,2073.885279799166
2023-12-17,2226.892578,2244.366455,2195.761719,2196.481201,2196.481201,7410453853,2226.926514,2217.273438,2157.4105835,2235.2271205714287,2269.8959717000002,2220.1808716,2067.35395754,2237.4352954187734,2182.257598325411,2078.692962983512
2023-12-18,2195.341797,2222.019287,2120.127441,2217.273438,2217.273438,10366536490,2196.481201,2177.872559,2165.8768636333334,2234.183489285714,2255.7501221,2228.5776367500002,2075.7885058800002,2234.3334712005008,2184.8513642272324,2084.1274914155315
2023-12-19,2218.240967,2253.348877,2139.723389,2177.872559,2177.872559,10619179629,2217.273438,2201.911377,2171.3658,2230.731271142857,2239.4198487000003,2235.97480475,2083.1441846,2225.647177015808,2184.334415691882,2087.8037685757067
2023-12-20,2177.239502,2263.329102,2161.21875,2201.911377,2201.911377,12652290807,2177.872559,2239.54248,2177.3548747,2222.3402275714284,2224.3647218,2243.442566,2090.85323246,2221.9955154749146,2185.636412825817,2092.2785767492087
2023-12-21,2201.790039,2278.121582,2184.856689,2239.54248,2239.54248,12616530536,2201.911377,2326.524902,2187.4373983,2211.334995857143,2225.8610841,2251.06269535,2098.70228762,2224.695048478774,2189.6294548387195,2098.0536317786514
2023-12-22,2239.598145,2341.94751,2233.532715,2326.524902,2326.524902,16137246310,2239.54248,2309.046387,2196.1740519333334,2226.647495857143,2238.3097657,2259.10373535,2109.22036622,2240.361179789732,2199.7698583321476,2107.0132894343906
2023-12-23,2326.71582,2332.072021,2270.428955,2309.046387,2309.046387,7995772945,2326.524902,2265.692139,2204.4019084,2238.378906285714,2243.1495362,2264.8714722,2118.7453906399996,2250.928134745158,2207.8644160112476,2114.936156005591
2023-12-24,2309.626709,2325.705078,2249.984375,2265.692139,2265.692139,9450799236,2309.046387,2272.561768,2210.5532430333333,2248.2661831428572,2238.0608399000002,2265.99528815,2126.9052612600003,2253.1995200151337,2212.1479510474514,2120.848155338705
2023-12-25,2265.340576,2303.551025,2254.574463,2272.561768,2272.561768,8036302656,2265.692139,2231.465332,2216.824865766667,2256.1645160000003,2243.3832764999997,2264.9312867,2134.47334232,2256.1783273974206,2216.623048599492,2126.797708776403
2023-12-26,2272.21875,2274.557373,2180.225342,2231.465332,2231.465332,10668581464,2272.561768,2378.73999,2222.430839066667,2263.820626428572,2243.8371583,2264.9214844499998,2141.10590092,2252.37632810551,2217.7224769995296,2130.902321451838
2023-12-27,2231.393066,2392.608643,2215.140381,2378.73999,2378.73999,14161342927,2231.465332,2347.566162,2234.1415934666666,2289.081856857143,2262.0630372,2265.9795044499997,2150.91821536,2271.816891473893,2229.6497001847497,2140.621445708629
2023-12-28,2380.200684,2445.017578,2338.703857,2347.566162,2347.566162,15660799060,2378.73999,2300.690674,2244.0825277,2304.5138114285714,2275.0923095999997,2265.4212158500004,2160.0830908400003,2283.4706254009866,2238.384252911805,2148.736924778879
2023-12-29,2346.84375,2386.004639,2262.97583,2300.690674,2300.690674,12536968996,2347.566162,2292.06543,2253.1079102,2300.823207428571,2287.3741211,2263.3969849,2163.68568362,2286.1198636469885,2242.9995433627823,2154.6958953365697
2023-12-30,2300.399658,2322.021484,2270.011963,2292.06543,2292.06543,6888195427,2300.690674,2281.471191,2261.0915527999996,2298.3973564285716,2296.3895264,2260.3771241000004,2167.96119632,2287.034566162836,2246.634053484058,2160.0829359116065
2023-12-31,2291.945313,2318.512939,2261.394287,2281.471191,2281.471191,6871481744,2292.06543,2352.327881,2267.5692627333333,2300.651506714286,2300.5823975,2263.2217408,2172.5363428,2286.1786622916306,2249.2145821889426,2164.843259640563
2024-01-01,2282.870361,2352.327881,2267.018066,2352.327881,2352.327881,6906765990,2281.471191,2403.938721,2273.790055366667,2312.046665714286,2303.1626954000003,2270.73623055,2178.67916018,2296.3554651698414,2256.852604323095,2172.19559773309
