Date,Price,Open,High,Low,Vol.,Change ,Yesterday Price,Tomorrow Price,30 Day Average,7 Day Average
2023-01-30,1566.50,1645.97,1647.25,1540.25,630.55,-4.83,1645.97,1585.27,1462.3363333333332,1593.2914285714287
2023-01-31,1585.27,1566.50,1602.03,1562.04,368.94,1.2,1566.50,1642.10,1475.1613333333335,1597.4514285714286
2023-02-01,1642.10,1585.27,1647.27,1560.18,505.44,3.59,1585.27,1641.71,1489.4336666666668,1601.8657142857141
2023-02-02,1641.71,1642.10,1710.27,1632.39,685.27,-0.02,1642.10,1663.79,1503.6716666666666,1607.4600000000003
2023-02-03,1663.79,1641.70,1673.59,1628.73,489.79,1.34,1641.71,1666.90,1517.234,1616.9157142857143
2023-02-04,1666.90,1663.78,1694.58,1646.11,328.66,0.19,1663.79,1629.44,1531.099,1630.32
2023-02-05,1629.44,1666.90,1671.88,1612.70,435.14,-2.25,1666.90,1613.72,1543.1090000000002,1627.9585714285715
2023-02-06,1613.72,1629.44,1657.75,1606.59,401.03,-0.96,1629.44,1671.40,1554.7696666666666,1634.7042857142856
2023-02-07,1671.40,1613.72,1676.83,1613.20,481.91,3.57,1613.72,1650.99,1567.537,1647.0085714285717
2023-02-08,1650.99,1671.39,1694.28,1631.15,447.57,-1.22,1671.40,1545.35,1578.553,1648.2785714285715
2023-02-09,1545.35,1650.97,1655.96,1530.98,702.21,-6.4,1650.99,1513.82,1585.5603333333336,1634.5128571428572
2023-02-10,1513.82,1545.35,1554.19,1499.49,523.33,-2.04,1545.35,1538.34,1589.693,1613.0885714285716
2023-02-11,1538.34,1513.12,1542.64,1508.07,306.24,1.62,1513.82,1515.44,1593.7683333333332,1594.7228571428573
2023-02-12,1515.44,1538.34,1547.30,1495.05,302.73,-1.49,1538.34,1505.84,1595.9209999999998,1578.4371428571428
2023-02-13,1505.84,1515.44,1525.56,1464.10,681.85,-0.63,1515.44,1555.46,1594.4483333333333,1563.0257142857142
2023-02-14,1555.46,1505.85,1565.20,1494.30,705.28,3.29,1505.84,1675.43,1594.5406666666668,1546.462857142857
2023-02-15,1675.43,1555.45,1676.94,1542.80,627.07,7.71,1555.46,1640.66,1597.823666666667,1549.9542857142858
2023-02-16,1640.66,1675.43,1738.87,1634.97,894.27,-2.08,1675.43,1693.96,1600.3566666666666,1563.5700000000002
2023-02-17,1693.96,1640.66,1720.06,1631.92,617.21,3.25,1640.66,1691.62,1606.445,1589.3042857142857
2023-02-18,1691.62,1693.96,1708.87,1681.17,283.51,-0.14,1693.96,1681.52,1611.1116666666667,1611.2014285714288
2023-02-19,1681.52,1691.62,1722.28,1670.97,427.00,-0.6,1691.62,1703.27,1611.8296666666668,1634.9271428571428
2023-02-20,1703.27,1681.49,1719.10,1651.54,478.59,1.29,1681.52,1659.41,1614.421,1663.1314285714286
2023-02-21,1659.41,1703.29,1716.35,1637.16,554.52,-2.58,1703.27,1643.39,1615.5003333333334,1677.9814285714285
2023-02-22,1643.39,1659.41,1666.39,1600.79,560.40,-0.97,1659.41,1650.52,1616.062333333333,1673.4042857142856
2023-02-23,1650.52,1643.39,1678.20,1630.94,529.75,0.43,1643.39,1608.24,1619.208,1674.812857142857
2023-02-24,1608.24,1650.52,1663.82,1579.68,548.07,-2.56,1650.52,1594.66,1619.1093333333333,1662.567142857143
2023-02-25,1594.66,1608.24,1608.62,1562.10,309.29,-0.84,1608.24,1641.60,1618.8463333333336,1648.7157142857143
2023-02-26,1641.60,1594.66,1648.77,1588.65,326.58,2.94,1594.66,1633.66,1620.3129999999999,1643.0128571428572
2023-02-27,1633.66,1641.59,1664.98,1609.82,458.53,-0.48,1641.60,1604.69,1622.3326666666665,1633.0685714285714
2023-02-28,1604.69,1633.66,1646.33,1598.67,411.49,-1.77,1633.66,1666.09,1620.9566666666665,1625.2514285714285
2023-03-01,1666.09,1604.69,1668.55,1595.40,497.12,3.83,1604.69,1647.38,1624.276333333333,1628.4942857142855
2023-03-02,1647.38,1666.09,1677.45,1620.20,440.63,-1.12,1666.09,1568.89,1626.3466666666668,1628.0457142857144
2023-03-03,1568.89,1647.86,1649.19,1547.61,783.74,-4.76,1647.38,1566.73,1623.9063333333334,1622.4242857142858
2023-03-04,1566.73,1569.45,1577.02,1550.10,247.02,-0.14,1568.89,1564.37,1621.407,1618.4342857142856
2023-03-05,1564.37,1566.73,1587.95,1556.84,313.01,-0.15,1566.73,1565.84,1618.093,1607.4014285714288
2023-03-06,1565.84,1564.36,1581.13,1555.43,322.16,0.09,1564.37,1561.78,1614.7243333333333,1597.7128571428573
2023-03-07,1561.78,1565.84,1580.95,1536.31,460.10,-0.26,1565.84,1533.04,1612.469,1591.5828571428572
2023-03-08,1533.04,1561.79,1569.70,1531.28,478.44,-1.84,1561.78,1438.50,1609.7796666666668,1572.5757142857144
2023-03-09,1438.50,1533.04,1545.98,1413.17,764.77,-6.17,1533.04,1426.75,1602.0163333333335,1542.7357142857143
2023-03-10,1426.75,1437.49,1437.49,1371.47,1.01,-0.82,1438.50,1471.15,1594.5416666666667,1522.43
2023-03-11,1471.15,1426.74,1475.92,1408.58,1.43,3.11,1426.75,1580.24,1592.0683333333332,1508.7757142857142
2023-03-12,1580.24,1472.08,1585.09,1452.33,1.06,7.42,1471.15,1673.93,1594.2823333333333,1511.042857142857
2023-03-13,1673.93,1580.28,1690.18,1565.83,1.30,5.93,1580.24,1700.15,1598.8020000000001,1526.4842857142855
2023-03-14,1700.15,1673.83,1776.65,1655.74,1.36,1.57,1673.93,1649.65,1604.9589999999998,1546.2514285714285
2023-03-15,1649.65,1700.14,1716.56,1614.93,1.02,-2.97,1700.15,1673.85,1609.7526666666668,1562.9099999999999
2023-03-16,1673.85,1649.66,1689.09,1634.21,660.14,1.47,1649.65,1789.38,1613.6989999999998,1596.5314285714285
2023-03-17,1789.38,1673.76,1796.74,1663.67,975.13,6.9,1673.85,1758.70,1617.4973333333332,1648.3357142857144
2023-03-18,1758.70,1789.38,1833.82,1751.14,763.06,-1.71,1789.38,1779.47,1621.432,1689.4142857142856
2023-03-19,1779.47,1758.70,1838.84,1758.66,574.73,1.18,1758.70,1732.31,1624.2823333333333,1717.8757142857144
2023-03-20,1732.31,1780.12,1802.76,1723.90,716.26,-2.65,1779.47,1803.54,1625.6386666666665,1726.2157142857143
2023-03-21,1803.54,1732.32,1833.12,1719.55,779.81,4.11,1732.31,1734.48,1629.706,1740.9857142857145
2023-03-22,1734.48,1801.58,1818.47,1711.05,933.24,-3.83,1803.54,1814.08,1630.7463333333333,1753.1042857142857
2023-03-23,1814.08,1734.32,1852.48,1729.38,767.73,4.59,1734.48,1749.26,1635.9020000000003,1773.137142857143
2023-03-24,1749.26,1813.62,1818.53,1728.69,602.30,-3.57,1814.08,1742.34,1639.431,1767.4057142857143
2023-03-25,1742.34,1749.28,1761.66,1714.43,368.84,-0.4,1749.26,1774.06,1642.4916666666666,1765.0685714285714
2023-03-26,1774.06,1742.32,1796.77,1739.39,371.97,1.82,1742.34,1714.65,1648.019,1764.2957142857142
2023-03-27,1714.65,1773.91,1780.06,1691.38,607.00,-3.35,1774.06,1772.63,1652.0186666666666,1761.7728571428572
2023-03-28,1772.63,1714.65,1792.38,1702.95,561.33,3.38,1714.65,1793.27,1656.3863333333331,1757.357142857143
2023-03-29,1793.27,1772.64,1825.01,1772.64,564.93,1.16,1772.63,1793.59,1661.7066666666667,1765.7557142857142
2023-03-30,1793.59,1793.16,1828.91,1766.90,607.74,0.02,1793.27,1821.62,1668.0033333333333,1762.8285714285714
2023-03-31,1821.62,1793.59,1845.54,1782.26,579.01,1.56,1793.59,1820.78,1673.187666666667,1773.1657142857143
2023-04-01,1820.78,1821.62,1840.27,1811.67,283.39,-0.05,1821.62,1795.01,1678.9676666666667,1784.3714285714284
2023-04-02,1795.01,1820.78,1824.32,1775.81,334.84,-1.42,1820.78,1810.77,1686.505,1787.3642857142856
2023-04-03,1810.77,1795.01,1838.71,1764.26,657.58,0.88,1795.01,1870.52,1694.6396666666667,1801.0957142857144
2023-04-04,1870.52,1810.77,1887.33,1802.51,658.37,3.3,1810.77,1908.96,1704.8446666666669,1815.0800000000002
2023-04-05,1908.96,1870.52,1936.10,1864.64,583.84,2.05,1870.52,1872.35,1716.282,1831.607142857143
2023-04-06,1872.35,1908.95,1908.95,1855.89,420.80,-1.92,1908.96,1863.46,1726.6343333333332,1842.8585714285714
2023-04-07,1863.46,1872.35,1882.56,1844.43,298.77,-0.47,1872.35,1848.93,1737.6483333333333,1848.8357142857142
2023-04-08,1848.93,1863.45,1879.11,1847.72,207.67,-0.78,1863.46,1858.90,1751.3293333333334,1852.857142857143
2023-04-09,1858.90,1848.93,1871.87,1825.60,306.40,0.54,1848.93,1910.36,1765.7343333333333,1861.9842857142855
2023-04-10,1910.36,1858.90,1916.53,1847.39,457.41,2.77,1858.90,1889.86,1780.3746666666668,1876.2114285714285
2023-04-11,1889.86,1910.35,1935.75,1884.64,428.26,-1.07,1910.36,1916.58,1790.6953333333333,1878.9742857142858
2023-04-12,1916.58,1889.86,1930.46,1857.35,669.43,1.41,1889.86,2012.11,1798.7836666666665,1880.0628571428572
2023-04-13,2012.11,1916.59,2018.73,1899.96,721.56,4.98,1916.58,2099.98,1809.1823333333334,1900.0285714285712
2023-04-14,2099.98,2012.12,2127.56,2009.53,957.03,4.37,2012.11,2090.59,1824.1933333333334,1933.817142857143
2023-04-15,2090.59,2099.98,2110.30,2074.33,340.60,-0.45,2099.98,2119.29,1838.0846666666666,1968.3400000000001
2023-04-16,2119.29,2090.59,2137.56,2073.26,342.43,1.37,2090.59,2074.74,1849.0816666666665,2005.5385714285712
2023-04-17,2074.74,2118.61,2119.18,2062.17,448.14,-2.1,2119.29,2103.34,1859.6163333333332,2029.0214285714285
2023-04-18,2103.34,2074.74,2121.27,2056.86,437.10,1.38,2074.74,1935.97,1870.412,2059.5185714285712
2023-04-19,1935.97,2103.36,2104.31,1925.00,855.36,-7.96,2103.34,1942.72,1877.2006666666668,2062.2885714285712
2023-04-20,1942.72,1935.97,1977.95,1917.71,665.65,0.35,1935.97,1849.81,1881.8400000000001,2052.3757142857144
2023-04-21,1849.81,1942.72,1955.35,1831.47,769.94,-4.78,1942.72,1873.95,1885.6843333333334,2016.637142857143
2023-04-22,1873.95,1848.88,1886.22,1845.73,351.72,1.3,1849.81,1862.05,1887.6799999999998,1985.6885714285713
2023-04-23,1862.05,1873.96,1881.92,1839.05,368.77,-0.63,1873.95,1841.88,1891.4396666666667,1948.94
2023-04-24,1841.88,1862.04,1889.09,1809.80,480.28,-1.08,1862.05,1865.95,1894.7576666666666,1915.6742857142858
2023-04-25,1865.95,1841.88,1877.54,1804.20,491.98,1.31,1841.88,1866.05,1897.8206666666667,1881.7614285714285
2023-04-26,1866.05,1865.95,1963.46,1793.76,958.23,0.01,1865.95,1908.81,1902.8673333333331,1871.7728571428572
2023-04-27,1908.81,1866.05,1937.55,1862.37,771.48,2.29,1866.05,1891.14,1907.4066666666668,1866.9285714285713
2023-04-28,1891.14,1908.79,1922.85,1875.03,408.45,-0.93,1908.81,1907.80,1910.669,1872.8328571428572
2023-04-29,1907.80,1890.93,1915.90,1886.27,193.47,0.88,1891.14,1868.88,1914.4759999999999,1877.6685714285716
2023-04-30,1868.88,1907.80,1937.86,1868.88,377.71,-2.04,1907.80,1830.75,1916.0513333333333,1878.6442857142858
2023-05-01,1830.75,1869.05,1885.70,1807.30,475.92,-2.04,1868.88,1869.74,1916.3836666666668,1877.054285714286
2023-05-02,1869.74,1830.75,1878.70,1823.25,391.27,2.13,1830.75,1904.74,1918.8746666666666,1877.5957142857144
2023-05-03,1904.74,1869.74,1915.00,1844.72,489.66,1.87,1869.74,1877.06,1922.007,1883.122857142857
2023-05-04,1877.06,1904.76,1915.15,1868.18,372.69,-1.45,1904.74,1993.33,1922.225,1878.587142857143
2023-05-05,1993.33,1877.06,1996.64,1875.66,589.05,6.19,1877.06,1896.48,1925.0373333333332,1893.185714285714
2023-05-06,1896.48,1993.33,2013.10,1868.09,658.63,-4.86,1993.33,1870.99,1925.8416666666667,1891.5685714285717
2023-05-07,1870.99,1896.48,1931.39,1870.94,441.65,-1.34,1896.48,1847.48,1926.0926666666667,1891.8700000000001
2023-05-08,1847.48,1871.03,1883.54,1813.63,667.82,-1.26,1870.99,1846.56,1926.0443333333335,1894.26
2023-05-09,1846.56,1847.48,1858.57,1832.05,318.79,-0.05,1847.48,1840.92,1925.633,1890.9485714285713
2023-05-10,1840.92,1846.56,1886.83,1797.07,685.11,-0.31,1846.56,1794.71,1923.3183333333332,1881.8314285714284
2023-05-11,1794.71,1840.92,1841.04,1774.30,548.42,-2.51,1840.92,1807.31,1920.1466666666665,1870.0671428571427
2023-05-12,1807.31,1794.71,1812.46,1741.48,598.87,0.7,1794.71,1794.95,1916.5043333333335,1843.492857142857
2023-05-13,1794.95,1807.31,1814.55,1786.23,223.65,-0.68,1807.31,1799.36,1909.2656666666667,1828.9885714285715
2023-05-14,1799.36,1795.11,1822.93,1791.86,229.74,0.25,1794.95,1817.11,1899.245,1818.7557142857142
2023-05-15,1817.11,1799.36,1845.27,1786.61,405.84,0.99,1799.36,1823.98,1890.1290000000001,1814.4171428571428
2023-05-16,1823.98,1817.11,1830.01,1797.60,325.77,0.38,1817.11,1821.73,1880.2853333333333,1811.1914285714286
2023-05-17,1821.73,1823.98,1834.44,1785.78,376.26,-0.12,1823.98,1800.99,1871.8516666666667,1808.4500000000003
2023-05-18,1800.99,1822.12,1831.51,1774.77,311.24,-1.14,1821.73,1812.32,1861.7733333333333,1809.347142857143
2023-05-19,1812.32,1800.95,1829.33,1796.99,253.50,0.63,1800.99,1819.68,1857.6516666666664,1810.0628571428572
2023-05-20,1819.68,1812.32,1828.06,1807.08,134.46,0.41,1812.32,1804.89,1853.5503333333331,1813.5957142857144
2023-05-21,1804.89,1819.66,1827.47,1799.03,170.05,-0.81,1819.68,1817.19,1852.0529999999999,1814.3857142857144
2023-05-22,1817.19,1804.89,1827.38,1792.35,250.27,0.68,1804.89,1854.08,1850.161,1814.3971428571429
2023-05-23,1854.08,1817.19,1868.89,1815.41,428.05,2.03,1817.19,1799.91,1849.8953333333334,1818.697142857143
2023-05-24,1799.91,1854.08,1854.08,1781.70,441.64,-2.92,1854.08,1805.69,1848.4963333333333,1815.5800000000002
2023-05-25,1805.69,1799.91,1817.05,1764.92,370.60,0.32,1799.91,1827.80,1846.4876666666667,1816.2514285714285
2023-05-26,1827.80,1805.62,1837.39,1798.10,290.89,1.22,1805.69,1829.91,1845.2126666666668,1818.462857142857
2023-05-27,1829.91,1827.80,1835.94,1817.35,147.46,0.12,1827.80,1908.35,1842.5826666666665,1819.9242857142856
2023-05-28,1908.35,1829.91,1914.92,1824.70,401.09,4.29,1829.91,1892.61,1843.1563333333331,1834.7042857142858
2023-05-29,1892.61,1908.37,1925.74,1878.33,338.07,-0.83,1908.35,1900.59,1842.65,1845.4785714285713
2023-05-30,1900.59,1892.61,1915.91,1882.97,288.67,0.42,1892.61,1873.63,1843.7069999999999,1852.122857142857
2023-05-31,1873.63,1900.59,1906.21,1852.00,337.87,-1.42,1900.59,1861.77,1845.1363333333331,1862.6542857142856
2023-06-01,1861.77,1873.62,1888.07,1846.23,286.98,-0.63,1873.63,1907.10,1844.8706666666667,1870.6657142857143
2023-06-02,1907.10,1861.77,1910.01,1847.84,329.16,2.43,1861.77,1892.05,1844.9493333333335,1881.9942857142855
2023-06-03,1892.05,1907.10,1907.90,1884.17,157.10,-0.79,1907.10,1890.04,1845.4489999999998,1890.8714285714286
2023-06-04,1890.04,1892.05,1914.12,1884.54,183.07,-0.11,1892.05,1811.20,1842.006,1888.2557142857142
2023-06-05,1811.20,1890.00,1890.53,1782.82,588.61,-4.17,1890.04,1884.17,1839.1633333333334,1876.6257142857144
2023-06-06,1884.17,1811.19,1895.79,1800.75,518.57,4.03,1811.20,1832.10,1839.6026666666667,1874.2800000000002
2023-06-07,1832.10,1884.63,1893.73,1823.42,454.83,-2.76,1884.17,1845.68,1839.09,1868.347142857143
2023-06-08,1845.68,1832.10,1860.53,1829.38,202.78,0.74,1832.10,1840.41,1839.0606666666667,1866.0485714285714
2023-06-09,1840.41,1845.68,1854.72,1828.66,215.71,-0.29,1845.68,1751.56,1839.043666666667,1856.5214285714287
2023-06-10,1751.56,1840.41,1844.23,1719.16,696.59,-4.83,1840.41,1752.80,1837.6053333333334,1836.4514285714286
2023-06-11,1752.80,1751.56,1775.87,1740.02,232.04,0.07,1751.56,1742.60,1835.7883333333332,1816.8457142857144
2023-06-12,1742.60,1752.80,1757.79,1722.92,320.47,-0.58,1752.80,1739.60,1834.0433333333335,1807.0457142857142
2023-06-13,1739.60,1742.60,1763.15,1727.64,303.23,-0.17,1742.60,1650.96,1832.0513333333333,1786.392857142857
2023-06-14,1650.96,1739.60,1749.90,1636.49,451.13,-5.1,1739.60,1666.96,1826.513,1760.515714285714
2023-06-15,1666.96,1650.96,1678.94,1632.50,397.40,0.97,1650.96,1717.92,1821.279,1734.984285714286
2023-06-16,1717.92,1666.96,1728.35,1653.68,333.35,3.06,1666.96,1727.79,1817.8186666666666,1717.4857142857143
2023-06-17,1727.79,1717.92,1764.06,1714.30,227.93,0.57,1717.92,1720.98,1815.3786666666667,1714.09
2023-06-18,1720.98,1727.79,1746.40,1715.90,167.46,-0.39,1727.79,1737.06,1812.334,1709.544285714286
2023-06-19,1737.06,1720.98,1748.05,1706.40,263.64,0.93,1720.98,1791.61,1809.5800000000002,1708.7528571428572
2023-06-20,1791.61,1737.06,1793.35,1715.20,359.77,3.14,1737.06,1889.87,1809.1373333333333,1716.182857142857
2023-06-21,1889.87,1791.64,1899.11,1787.59,653.63,5.48,1791.61,1872.32,1811.5600000000002,1750.3128571428572
2023-06-22,1872.32,1889.87,1931.60,1866.66,438.75,-0.93,1889.87,1891.97,1812.1680000000001,1779.6499999999999
2023-06-23,1891.97,1872.29,1932.23,1864.60,428.03,1.05,1872.32,1875.00,1815.2366666666667,1804.5142857142855
2023-06-24,1875.00,1891.98,1904.04,1865.77,239.37,-0.9,1891.97,1898.80,1817.5469999999998,1825.5442857142857
2023-06-25,1898.80,1875.00,1929.61,1869.28,356.99,1.27,1875.00,1859.00,1819.9136666666666,1850.9471428571428
2023-06-26,1859.00,1898.80,1906.07,1840.63,479.76,-2.1,1898.80,1889.51,1820.8833333333334,1868.3671428571429
2023-06-27,1889.51,1859.00,1911.73,1856.19,386.05,1.64,1859.00,1827.95,1820.2553333333335,1882.3528571428574
2023-06-28,1827.95,1889.51,1890.11,1821.94,356.71,-3.26,1889.51,1851.92,1818.1,1873.5071428571428
2023-06-29,1851.92,1827.95,1878.86,1827.95,256.22,1.31,1827.95,1933.80,1816.4776666666664,1870.5928571428572
2023-06-30,1933.80,1851.92,1943.65,1837.49,765.42,4.42,1851.92,1924.53,1818.4833333333333,1876.5685714285717
2023-07-01,1924.53,1933.80,1943.20,1909.92,189.41,-0.48,1933.80,1937.57,1820.5753333333332,1883.6442857142858
2023-07-02,1937.57,1924.53,1958.36,1893.68,283.61,0.68,1924.53,1955.56,1821.591,1889.182857142857
2023-07-03,1955.56,1937.57,1974.61,1934.51,346.33,0.93,1937.57,1936.19,1823.708,1902.9771428571428
2023-07-04,1936.19,1955.56,1966.03,1931.64,226.10,-0.99,1955.56,1910.43,1825.2463333333333,1909.6457142857141
2023-07-05,1910.43,1936.21,1942.15,1896.43,284.34,-1.33,1936.19,1848.36,1828.5539999999999,1921.4285714285713
2023-07-06,1848.36,1910.43,1957.58,1847.01,483.00,-3.25,1910.43,1870.92,1827.3603333333333,1920.92
2023-07-07,1870.92,1848.29,1877.51,1827.35,249.82,1.22,1848.36,1865.28,1828.6543333333332,1911.9371428571428
2023-07-08,1865.28,1870.92,1873.16,1843.82,136.69,-0.3,1870.92,1862.91,1829.3076666666666,1903.4728571428573
2023-07-09,1862.91,1865.28,1878.22,1856.97,145.47,-0.13,1865.28,1880.42,1830.0576666666666,1892.8071428571432
2023-07-10,1880.42,1862.91,1903.82,1846.71,264.83,0.94,1862.91,1878.33,1834.3529999999998,1882.0728571428572
2023-07-11,1878.33,1880.42,1889.83,1863.93,191.47,-0.11,1880.42,1871.86,1838.5373333333334,1873.8071428571432
2023-07-12,1871.86,1878.33,1901.45,1865.11,280.91,-0.34,1878.33,2004.77,1842.846,1868.297142857143
2023-07-13,2004.77,1871.86,2010.75,1863.22,588.53,7.1,1871.86,1938.05,1851.685,1890.6414285714286
2023-07-14,1938.05,2004.77,2025.56,1900.22,530.86,-3.33,2004.77,1931.42,1861.2546666666667,1900.2314285714285
2023-07-15,1931.42,1938.05,1946.10,1926.83,145.89,-0.34,1938.05,1922.45,1870.07,1909.68
2023-07-16,1922.45,1931.43,1942.55,1918.01,158.59,-0.46,1931.42,1911.24,1876.8876666666667,1918.185714285714
2023-07-17,1911.24,1922.45,1935.99,1876.00,293.54,-0.58,1922.45,1897.58,1883.0026666666668,1922.5885714285712
2023-07-18,1897.58,1911.24,1917.21,1877.52,233.00,-0.71,1911.24,1888.65,1888.8893333333333,1925.3385714285712
2023-07-19,1888.65,1897.58,1920.48,1882.18,244.92,-0.47,1897.58,1891.23,1893.9423333333332,1927.7371428571428
2023-07-20,1891.23,1888.64,1928.36,1879.39,321.92,0.14,1888.65,1891.75,1897.263,1911.517142857143
2023-07-21,1891.75,1891.68,1905.57,1884.95,176.39,0.03,1891.23,1866.25,1897.3256666666666,1904.9028571428573
2023-07-22,1866.25,1891.75,1897.03,1854.09,143.13,-1.35,1891.75,1888.85,1897.1233333333332,1895.5928571428574
2023-07-23,1888.85,1866.26,1903.95,1858.12,164.31,1.21,1866.25,1850.04,1897.0193333333334,1890.792857142857
2023-07-24,1850.04,1888.85,1890.78,1835.14,297.13,-2.05,1888.85,1857.67,1896.1873333333335,1882.05
2023-07-25,1857.67,1850.05,1867.36,1845.68,161.06,0.41,1850.04,1872.00,1894.8163333333332,1876.3485714285714
2023-07-26,1872.00,1857.67,1886.92,1849.43,286.61,0.77,1857.67,1861.32,1895.2496666666666,1873.97
2023-07-27,1861.32,1872.00,1885.87,1855.40,176.21,-0.57,1872.00,1874.23,1894.31,1869.6971428571428
2023-07-28,1874.23,1861.32,1882.23,1856.90,148.92,0.69,1861.32,1880.55,1895.8526666666667,1867.1942857142856
2023-07-29,1880.55,1874.23,1886.26,1869.74,79.76,0.34,1874.23,1861.81,1896.8070000000002,1869.2371428571428
2023-07-30,1861.81,1880.55,1884.33,1851.63,167.77,-1.0,1880.55,1856.17,1894.4073333333333,1865.3742857142859
2023-07-31,1856.17,1861.81,1876.03,1851.42,177.97,-0.3,1861.81,1874.21,1892.1286666666667,1866.25
2023-08-01,1874.21,1856.17,1875.00,1818.06,386.29,0.97,1856.17,1840.21,1890.0166666666667,1868.612857142857
2023-08-02,1840.21,1874.21,1879.32,1822.94,272.70,-1.81,1874.21,1835.98,1886.1716666666664,1864.0714285714287
2023-08-03,1835.98,1839.76,1858.62,1828.34,182.56,-0.23,1840.21,1830.24,1882.8313333333333,1860.4514285714286
2023-08-04,1830.24,1835.98,1849.13,1819.65,199.60,-0.31,1835.98,1836.48,1880.1583333333333,1854.1671428571428
2023-08-05,1836.48,1830.24,1838.62,1827.52,103.08,0.34,1830.24,1830.28,1879.7623333333333,1847.8714285714284
2023-08-06,1830.28,1836.48,1838.08,1826.12,100.32,-0.34,1836.48,1829.11,1878.4076666666667,1843.3671428571429
2023-08-07,1829.11,1830.28,1846.41,1805.30,243.92,-0.06,1830.28,1856.24,1877.202,1839.5014285714285
2023-08-08,1856.24,1829.10,1871.77,1826.40,253.39,1.48,1829.11,1855.36,1876.9796666666666,1836.9342857142858
2023-08-09,1855.36,1856.24,1870.48,1846.76,203.58,-0.05,1856.24,1852.46,1876.1443333333334,1839.0985714285712
2023-08-10,1852.46,1855.36,1865.94,1847.34,134.21,-0.16,1855.36,1848.88,1875.282,1841.452857142857
2023-08-11,1848.88,1852.46,1857.17,1840.65,120.55,-0.19,1852.46,1849.94,1874.5159999999998,1844.1157142857144
2023-08-12,1849.94,1848.88,1853.54,1846.13,66.93,0.06,1848.88,1840.73,1869.355,1846.0385714285715
2023-08-13,1840.73,1849.94,1861.50,1835.51,126.51,-0.5,1849.94,1845.51,1866.111,1847.5314285714287
2023-08-14,1845.51,1840.73,1856.48,1835.90,158.11,0.26,1840.73,1828.98,1863.2473333333332,1849.8742857142856
2023-08-15,1828.98,1845.51,1847.35,1816.32,196.60,-0.9,1845.51,1807.81,1860.1316666666667,1845.98
2023-08-16,1807.81,1828.98,1831.52,1803.31,217.47,-1.16,1828.98,1683.89,1856.684,1839.1871428571428
2023-08-17,1683.89,1807.81,1809.81,1560.88,876.70,-6.85,1807.81,1661.26,1849.561,1815.1057142857142
2023-08-18,1661.26,1681.51,1698.77,1646.32,572.90,-1.34,1683.89,1669.67,1841.9813333333334,1788.3028571428572
2023-08-19,1669.67,1661.27,1693.88,1654.35,243.31,0.51,1661.26,1685.24,1834.596,1762.55
2023-08-20,1685.24,1669.68,1692.47,1662.82,205.82,0.93,1669.67,1667.60,1827.7123333333334,1740.3371428571427
2023-08-21,1667.60,1685.24,1686.11,1651.77,265.91,-1.05,1685.24,1634.29,1821.0906666666667,1714.9214285714286
2023-08-22,1634.29,1667.60,1669.22,1588.36,424.51,-2.0,1667.60,1679.93,1812.6053333333334,1687.1085714285712
2023-08-23,1679.93,1634.30,1697.63,1629.86,399.71,2.79,1634.29,1660.89,1806.9350000000002,1668.84
2023-08-24,1660.89,1679.93,1683.03,1642.45,246.62,-1.13,1679.93,1653.74,1800.3756666666668,1665.554285714286
2023-08-25,1653.74,1661.18,1676.13,1636.77,250.86,-0.43,1660.89,1647.05,1793.1003333333333,1664.48
2023-08-26,1647.05,1653.74,1655.58,1644.04,84.34,-0.4,1653.74,1658.33,1785.958,1661.2485714285715
2023-08-27,1658.33,1647.05,1660.11,1646.35,94.20,0.68,1647.05,1653.22,1778.7613333333331,1657.4042857142856
2023-08-28,1653.22,1658.34,1660.80,1628.79,229.39,-0.31,1658.33,1729.69,1771.1836666666666,1655.3500000000001
2023-08-29,1729.69,1653.22,1742.83,1640.29,528.63,4.63,1653.22,1705.22,1766.7796666666666,1668.9785714285713
2023-08-30,1705.22,1729.69,1730.71,1696.99,218.44,-1.41,1729.69,1645.82,1761.748,1672.5914285714287
2023-08-31,1645.82,1705.23,1723.95,1634.74,355.27,-3.48,1705.22,1629.00,1754.135,1670.4385714285713
2023-09-01,1629.00,1645.82,1654.39,1603.67,319.19,-1.02,1645.82,1637.05,1747.0946666666669,1666.9042857142856
2023-09-02,1637.05,1629.00,1644.63,1628.11,109.03,0.49,1629.00,1635.85,1740.4636666666665,1665.4757142857143
2023-09-03,1635.85,1637.05,1645.16,1625.61,124.14,-0.07,1637.05,1630.51,1733.9840000000002,1662.2642857142857
2023-09-04,1630.51,1635.86,1643.31,1618.49,178.25,-0.33,1635.85,1634.46,1727.118333333333,1659.02
2023-09-05,1634.46,1630.53,1647.67,1610.02,219.79,0.24,1630.51,1633.18,1720.591,1645.4157142857143
2023-09-06,1633.18,1634.46,1667.08,1610.49,240.73,-0.08,1634.46,1648.09,1714.06,1635.1242857142856
2023-09-07,1648.09,1633.18,1658.04,1624.07,243.55,0.91,1633.18,1636.45,1707.1216666666667,1635.4485714285713
2023-09-08,1636.45,1648.09,1657.53,1618.39,236.38,-0.71,1648.09,1635.56,1699.8246666666666,1636.5128571428572
2023-09-09,1635.56,1636.45,1637.21,1630.12,63.97,-0.05,1636.45,1617.44,1692.5946666666669,1636.3
2023-09-10,1617.44,1635.56,1635.72,1604.26,220.97,-1.11,1635.56,1551.89,1684.88,1633.67
2023-09-11,1551.89,1617.44,1618.80,1533.95,444.95,-4.05,1617.44,1592.50,1674.945,1622.4385714285713
2023-09-12,1592.50,1551.89,1617.39,1549.71,354.59,2.62,1551.89,1607.63,1666.6706666666664,1616.4442857142858
2023-09-13,1607.63,1592.50,1614.43,1582.03,238.31,0.95,1592.50,1626.49,1658.7413333333336,1612.794285714286
2023-09-14,1626.49,1607.63,1639.23,1607.08,293.64,1.17,1607.63,1641.31,1651.9916666666666,1609.7085714285715
2023-09-15,1641.31,1626.49,1652.40,1612.25,194.29,0.91,1626.49,1634.41,1646.4416666666666,1610.402857142857
2023-09-16,1634.41,1641.31,1650.04,1631.74,107.11,-0.42,1641.31,1622.65,1644.7923333333335,1610.2385714285715
2023-09-17,1622.65,1634.41,1635.00,1612.87,127.49,-0.72,1634.41,1636.92,1643.5053333333335,1610.982857142857
2023-09-18,1636.92,1622.63,1668.87,1609.69,302.35,0.88,1622.65,1643.08,1642.4136666666668,1623.1299999999999
2023-09-19,1643.08,1636.88,1659.53,1627.31,201.84,0.38,1636.92,1622.28,1641.0083333333334,1630.3557142857142
2023-09-20,1622.28,1643.14,1649.17,1610.14,253.88,-1.27,1643.08,1584.03,1639.4976666666666,1632.4485714285713
2023-09-21,1584.03,1622.28,1625.31,1569.03,264.25,-2.36,1622.28,1593.10,1637.8223333333333,1626.3828571428571
2023-09-22,1593.10,1584.03,1601.79,1578.78,135.12,0.57,1584.03,1593.89,1634.9279999999999,1619.4957142857143
2023-09-23,1593.89,1593.10,1597.96,1587.79,69.31,0.05,1593.10,1580.55,1632.6946666666665,1613.707142857143
2023-09-24,1580.55,1593.89,1600.37,1573.94,144.30,-0.84,1593.89,1588.62,1630.255,1607.6928571428573
2023-09-25,1588.62,1580.55,1596.57,1564.70,191.41,0.51,1580.55,1594.04,1628.3073333333334,1600.7928571428572
2023-09-26,1594.04,1588.62,1597.67,1580.60,141.61,0.34,1588.62,1598.49,1626.1643333333334,1593.787142857143
2023-09-27,1598.49,1594.05,1633.50,1585.28,307.59,0.28,1594.04,1652.89,1624.3400000000001,1590.3885714285714
2023-09-28,1652.89,1598.53,1667.61,1598.16,354.03,3.4,1598.49,1667.72,1621.78,1600.2257142857143
2023-09-29,1667.72,1652.89,1686.63,1648.47,273.45,0.9,1652.89,1670.92,1620.53,1610.8857142857144
2023-09-30,1670.92,1667.71,1693.68,1666.25,147.60,0.19,1667.72,1732.89,1621.3666666666666,1621.8899999999999
2023-10-01,1732.89,1670.92,1741.94,1668.94,245.32,3.71,1670.92,1662.79,1624.8296666666668,1643.652857142857
2023-10-02,1662.79,1732.90,1742.42,1638.04,412.81,-4.05,1732.89,1656.88,1625.687666666667,1654.2485714285715
2023-10-03,1656.88,1662.79,1670.45,1644.05,216.11,-0.36,1662.79,1647.05,1626.3886666666665,1663.2257142857143
2023-10-04,1647.05,1656.88,1657.61,1630.48,243.08,-0.59,1656.88,1611.58,1626.94,1670.1628571428573
2023-10-05,1611.58,1646.61,1654.03,1609.54,253.05,-2.15,1647.05,1645.62,1626.1773333333335,1664.2614285714285
2023-10-06,1645.62,1611.58,1659.99,1611.58,238.24,2.11,1611.58,1633.58,1626.592,1661.1042857142857
2023-10-07,1633.58,1640.59,1643.25,1630.18,107.55,-0.73,1645.62,1632.85,1626.1083333333333,1655.77
2023-10-08,1632.85,1633.58,1641.30,1616.80,159.27,-0.04,1633.58,1579.74,1625.9883333333335,1641.4785714285715
2023-10-09,1579.74,1632.85,1635.13,1550.10,372.11,-3.25,1632.85,1567.60,1624.1276666666665,1629.6142857142856
2023-10-10,1567.60,1579.77,1593.73,1552.34,255.41,-0.77,1579.74,1566.88,1622.4663333333335,1616.8600000000001
2023-10-11,1566.88,1567.62,1578.16,1549.16,279.01,-0.05,1567.60,1539.70,1622.9660000000001,1605.4071428571426
2023-10-12,1539.70,1566.88,1568.47,1523.78,260.59,-1.73,1566.88,1552.17,1621.206,1595.1385714285714
2023-10-13,1552.17,1539.70,1574.08,1538.07,208.91,0.81,1539.70,1554.96,1619.3573333333334,1581.7885714285715
2023-10-14,1554.96,1552.17,1559.94,1545.32,107.26,0.18,1552.17,1557.66,1616.9730000000002,1570.5571428571432
2023-10-15,1557.66,1554.96,1565.80,1550.05,128.70,0.17,1554.96,1599.48,1614.1846666666668,1559.8157142857144
2023-10-16,1599.48,1557.79,1635.46,1555.13,452.69,2.69,1557.66,1564.99,1613.0203333333334,1562.6357142857144
2023-10-17,1564.99,1599.48,1600.49,1553.63,250.22,-2.16,1599.48,1563.43,1611.0983333333331,1562.2628571428572
2023-10-18,1563.43,1564.99,1583.77,1556.15,199.43,-0.1,1564.99,1566.79,1608.6486666666667,1561.7700000000002
2023-10-19,1566.79,1563.43,1573.48,1543.87,238.42,0.21,1563.43,1603.89,1606.1056666666666,1565.6399999999999
2023-10-20,1603.89,1566.78,1629.26,1561.62,343.61,2.37,1566.79,1628.94,1605.4926666666665,1573.0285714285715
2023-10-21,1628.94,1603.89,1642.33,1592.41,188.94,1.56,1603.89,1663.35,1606.9896666666668,1583.597142857143
2023-10-22,1663.35,1628.94,1667.50,1623.29,246.68,2.11,1628.94,1763.75,1609.3313333333333,1598.695714285714
2023-10-23,1763.75,1663.35,1791.99,1657.57,672.28,6.04,1663.35,1784.88,1614.9933333333333,1622.162857142857
2023-10-24,1784.88,1763.79,1853.31,1757.32,750.21,1.2,1763.75,1787.00,1621.8043333333333,1653.5757142857144
2023-10-25,1787.00,1784.88,1814.21,1761.39,389.39,0.12,1784.88,1803.13,1628.417,1685.5142857142857
2023-10-26,1803.13,1787.00,1864.81,1764.43,471.17,0.9,1787.00,1779.54,1635.3866666666668,1719.277142857143
2023-10-27,1779.54,1803.38,1803.63,1751.77,298.24,-1.31,1803.13,1776.21,1641.4216666666666,1744.3700000000001
2023-10-28,1776.21,1779.54,1801.12,1772.08,134.10,-0.19,1779.54,1794.96,1645.5323333333333,1765.4085714285716
2023-10-29,1794.96,1776.21,1809.98,1764.08,156.39,1.06,1776.21,1809.05,1649.7736666666667,1784.2100000000003
2023-10-30,1809.05,1794.96,1829.47,1778.59,304.47,0.78,1794.96,1815.13,1654.378,1790.6814285714286
2023-10-31,1815.13,1809.05,1819.43,1783.32,279.11,0.34,1809.05,1846.60,1657.1193333333333,1795.0028571428572
2023-11-01,1846.60,1815.12,1857.00,1783.98,509.01,1.73,1815.13,1800.27,1663.2463333333333,1803.5171428571427
2023-11-02,1800.27,1846.60,1873.02,1789.00,398.43,-2.51,1846.60,1832.29,1668.026,1803.1085714285714
2023-11-03,1832.29,1800.28,1834.16,1779.79,337.00,1.78,1800.27,1855.72,1674.2006666666666,1810.6442857142858
2023-11-04,1855.72,1832.31,1868.52,1824.40,190.18,1.28,1832.29,1892.36,1682.3386666666665,1822.0028571428572
2023-11-05,1892.36,1855.72,1911.00,1846.57,418.91,1.97,1855.72,1900.98,1690.5633333333333,1835.9171428571428
2023-11-06,1900.98,1891.81,1913.13,1870.00,359.00,0.46,1892.36,1885.97,1699.4766666666667,1849.05
2023-11-07,1885.97,1900.98,1906.55,1852.05,370.10,-0.79,1900.98,1889.29,1707.914,1859.1699999999998
2023-11-08,1889.29,1885.95,1903.67,1873.47,265.08,0.18,1885.97,2120.16,1718.2323333333334,1865.2685714285715
2023-11-09,2120.16,1888.42,2131.31,1882.91,1.21,12.22,1889.29,2077.78,1736.651,1910.967142857143
2023-11-10,2077.78,2120.16,2135.91,2068.79,640.31,-2.0,2120.16,2053.42,1753.681,1946.0371428571427
2023-11-11,2053.42,2077.72,2089.24,2033.56,405.96,-1.17,2077.78,2044.61,1770.805,1974.28
2023-11-12,2044.61,2053.40,2065.35,2020.76,354.64,-0.43,2053.42,2054.18,1787.2196666666666,1996.03
2023-11-13,2054.18,2044.61,2115.24,2031.01,578.44,0.47,2044.61,1979.10,1803.8603333333333,2017.9157142857143
2023-11-14,1979.10,2054.15,2064.51,1943.01,521.22,-3.66,2054.18,2058.93,1817.9083333333333,2031.22
2023-11-15,2058.93,1979.40,2060.95,1967.97,455.57,4.03,1979.10,1961.76,1833.2233333333331,2055.4542857142856
2023-11-16,1961.76,2058.93,2089.44,1940.44,585.12,-4.72,2058.93,1960.80,1846.449,2032.8257142857142
2023-11-17,1960.80,1961.77,1990.24,1908.24,430.92,-0.05,1961.76,1961.72,1859.6946666666668,2016.1142857142859
2023-11-18,1961.72,1960.80,1971.02,1920.13,298.88,0.05,1960.80,2011.01,1872.859,2003.0142857142857
2023-11-19,2011.01,1961.72,2014.93,1943.63,269.02,2.51,1961.72,2021.49,1886.4296666666667,1998.2142857142858
2023-11-20,2021.49,2011.02,2064.05,1994.89,455.23,0.52,2011.01,1934.62,1899.5146666666665,1993.5442857142857
2023-11-21,1934.62,2021.49,2034.51,1932.50,527.41,-4.3,2021.49,2063.05,1908.557,1987.19
2023-11-22,2063.05,1934.62,2090.01,1930.66,506.35,6.64,1934.62,2061.92,1918.5336666666667,1987.7785714285715
2023-11-23,2061.92,2063.05,2088.20,2040.66,264.01,-0.06,2063.05,2080.62,1927.7683333333334,2002.087142857143
2023-11-24,2080.62,2061.92,2129.20,2059.23,460.97,0.91,2061.92,2083.09,1937.5556666666666,2019.2042857142858
2023-11-25,2083.09,2080.63,2089.64,2065.17,154.35,0.12,2080.62,2062.64,1946.8876666666665,2036.542857142857
2023-11-26,2062.64,2082.91,2092.80,2038.28,259.79,-0.98,2083.09,2027.51,1956.3243333333332,2043.9185714285716
2023-11-27,2027.51,2062.30,2071.13,1987.43,354.28,-1.7,2062.64,2048.47,1964.701,2044.7785714285715
2023-11-28,2048.47,2027.51,2074.79,1996.19,312.94,1.03,2027.51,2028.99,1973.1513333333335,2061.042857142857
2023-11-29,2028.99,2048.47,2071.36,2020.31,269.97,-0.95,2048.47,2051.56,1980.4826666666668,2056.177142857143
2023-11-30,2051.56,2028.99,2054.33,2021.44,252.49,1.11,2028.99,2087.21,1988.3636666666666,2054.697142857143
2023-12-01,2087.21,2051.59,2109.32,2045.39,402.51,1.74,2051.56,2164.79,1996.3839999999998,2055.6385714285716
2023-12-02,2164.79,2087.21,2179.73,2086.29,344.20,3.72,2087.21,2192.79,2008.5346666666667,2067.3100000000004
2023-12-03,2192.79,2164.79,2215.46,2150.58,279.65,1.29,2164.79,2243.54,2020.5513333333333,2085.902857142857
2023-12-04,2243.54,2192.79,2272.26,2191.43,601.45,2.31,2192.79,2293.34,2033.4786666666666,2116.7642857142855
2023-12-05,2293.34,2243.30,2302.29,2190.96,561.41,2.22,2243.54,2233.45,2046.8446666666666,2151.7457142857143
2023-12-06,2233.45,2293.36,2310.20,2223.15,431.57,-2.61,2293.34,2355.80,2057.927,2180.9542857142856
2023-12-07,2355.80,2233.45,2381.65,2224.61,518.61,5.48,2233.45,2358.42,2073.588,2224.4171428571426
2023-12-08,2358.42,2355.78,2389.36,2340.88,397.41,0.11,2355.80,2340.55,2089.2256666666667,2263.1614285714286
2023-12-09,2340.55,2358.42,2401.34,2332.36,304.64,-0.76,2358.42,2352.26,2096.5719999999997,2288.27
2023-12-10,2352.26,2340.55,2376.57,2324.18,206.78,0.5,2340.55,2225.34,2105.7213333333334,2311.0514285714285
2023-12-11,2225.34,2352.26,2355.02,2164.16,678.03,-5.4,2352.26,2203.49,2111.452,2308.4514285714286
2023-12-12,2203.49,2225.33,2243.34,2168.18,377.05,-0.98,2225.34,2260.18,2116.748,2295.615714285714
2023-12-13,2260.18,2203.49,2283.84,2148.87,436.64,2.57,2203.49,2315.64,2123.614666666667,2299.434285714286
2023-12-14,2315.64,2260.18,2331.63,2237.39,461.60,2.45,2260.18,2220.41,2134.8326666666667,2293.697142857143
2023-12-15,2220.41,2315.40,2317.42,2213.18,349.63,-4.11,2315.64,2229.07,2140.215333333333,2273.9814285714283
2023-12-16,2229.07,2220.41,2262.68,2212.80,206.79,0.39,2220.41,2197.04,2149.1256666666663,2258.055714285714
2023-12-17,2197.04,2229.07,2247.84,2196.06,233.48,-1.44,2229.07,2218.80,2157.000333333333,2235.8814285714284
2023-12-18,2218.80,2197.01,2223.30,2123.06,388.26,0.99,2197.04,2177.44,2165.5696666666668,2234.947142857143
2023-12-19,2177.44,2218.82,2254.75,2137.80,400.94,-1.86,2218.80,2202.19,2171.1173333333336,2231.2257142857143
2023-12-20,2202.19,2177.45,2263.30,2161.76,440.35,1.14,2177.44,2239.62,2177.1406666666667,2222.941428571429
2023-12-21,2239.62,2202.19,2277.72,2183.35,471.46,1.7,2202.19,2324.23,2187.307333333333,2212.0814285714287
2023-12-22,2324.23,2239.62,2341.52,2232.83,620.73,3.78,2239.62,2308.61,2196.0133333333333,2226.912857142857
2023-12-23,2308.61,2324.24,2330.07,2267.39,266.30,-0.67,2324.23,2263.57,2204.2363333333333,2238.2757142857145
2023-12-24,2263.57,2308.60,2325.08,2247.73,319.33,-1.95,2308.61,2271.38,2210.334666666667,2247.7799999999997
2023-12-25,2271.38,2263.57,2303.28,2253.25,298.17,0.35,2263.57,2230.74,2216.611,2255.2914285714287
2023-12-26,2230.74,2271.38,2274.71,2184.60,429.50,-1.79,2271.38,2378.63,2222.214333333334,2262.905714285714
2023-12-27,2378.63,2230.76,2391.53,2213.78,577.27,6.63,2230.74,2344.47,2233.9183333333335,2288.1114285714284
2023-12-28,2344.47,2378.63,2443.59,2338.46,626.91,-1.44,2378.63,2299.24,2243.7850000000003,2303.09
2023-12-29,2299.24,2344.48,2385.26,2265.63,475.37,-1.93,2344.47,2291.70,2252.7933333333335,2299.52
2023-12-30,2291.70,2299.24,2322.76,2269.23,219.92,-0.33,2299.24,2299.63,2260.7980000000002,2297.1042857142857
