Date,Price,Open,High,Low,Vol.,Change,Yesterday Price,Tomorrow Price,30 Day Average,7 Day Average,10-day SMA,20-day SMA,50-day SMA,12-day EMA,26-day EMA,50-day EMA
2023-02-19,1681.52,1691.62,1722.28,1670.97,427.00,-0.6,1691.62,1703.27,1611.8296666666668,1634.9271428571428,1601.209,1616.138,1523.8570000000002,1630.0222643068137,1596.1823406530568,1526.7915607617883
2023-02-20,1703.27,1681.49,1719.10,1651.54,478.59,1.29,1681.52,1659.41,1614.421,1663.1314285714286,1620.154,1622.038,1533.9119999999998,1641.29114672115,1604.1147598639413,1533.7122838691691
2023-02-21,1659.41,1703.29,1716.35,1637.16,554.52,-2.58,1703.27,1643.39,1615.5003333333334,1677.9814285714285,1632.261,1622.9035,1542.8216,1644.078662610204,1608.2107035777235,1538.6416060703782
2023-02-22,1643.39,1659.41,1666.39,1600.79,560.40,-0.97,1659.41,1650.52,1616.062333333333,1673.4042857142856,1645.056,1622.9875000000002,1551.398,1643.9727145163265,1610.8165773867809,1542.7493862244812
2023-02-23,1650.52,1643.39,1678.20,1630.94,529.75,0.43,1643.39,1608.24,1619.208,1674.812857142857,1659.524,1622.324,1559.27,1644.9799892061224,1613.7575716544266,1546.9756848039133
2023-02-24,1608.24,1650.52,1663.82,1579.68,548.07,-2.56,1650.52,1594.66,1619.1093333333333,1662.567142857143,1664.8020000000001,1619.391,1566.4158000000002,1639.327683174411,1613.3488626429876,1549.3782069684657
2023-02-25,1594.66,1608.24,1608.62,1562.10,309.29,-0.84,1608.24,1641.60,1618.8463333333336,1648.7157142857143,1656.725,1617.652,1572.9261999999999,1632.4557319168093,1611.9645024472106,1551.1539635579377
2023-02-26,1641.60,1594.66,1648.77,1588.65,326.58,2.94,1594.66,1633.66,1620.3129999999999,1643.0128571428572,1656.819,1619.0459999999998,1580.4802000000002,1633.8625423911462,1614.159724488158,1554.7008669478223
2023-02-27,1633.66,1641.59,1664.98,1609.82,458.53,-0.48,1641.60,1604.69,1622.3326666666665,1633.0685714285714,1650.789,1617.159,1587.3858000000002,1633.8313820232777,1615.604189340887,1557.7973035381037
2023-02-28,1604.69,1633.66,1646.33,1598.67,411.49,-1.77,1633.66,1666.09,1620.9566666666665,1625.2514285714285,1642.096,1614.844,1593.0693999999996,1629.3480924812347,1614.7957308711916,1559.6362328111193
2023-03-01,1666.09,1604.69,1668.55,1595.40,497.12,3.83,1604.69,1647.38,1624.276333333333,1628.4942857142855,1640.5529999999999,1620.8809999999999,1599.6886000000002,1635.0006936379677,1618.5953063622144,1563.810890347938
2023-03-02,1647.38,1666.09,1677.45,1620.20,440.63,-1.12,1666.09,1568.89,1626.3466666666668,1628.0457142857144,1634.964,1627.559,1604.8394,1636.9052023090496,1620.7275058909393,1567.0881103342933
2023-03-03,1568.89,1647.86,1649.19,1547.61,783.74,-4.76,1647.38,1566.73,1623.9063333333334,1622.4242857142858,1625.9119999999998,1629.0865000000001,1607.8956,1626.4413250307343,1616.8876906397586,1567.158772674125
2023-03-04,1566.73,1569.45,1577.02,1550.10,247.02,-0.14,1568.89,1564.37,1621.407,1618.4342857142856,1618.246,1631.651,1610.2130000000002,1617.2549673336982,1613.1723061479247,1567.1419580594536
2023-03-05,1564.37,1566.73,1587.95,1556.84,313.01,-0.15,1566.73,1565.84,1618.093,1607.4014285714288,1609.6309999999999,1634.5774999999999,1610.5,1609.118818513129,1609.5573205073376,1567.0332538218279
2023-03-06,1565.84,1564.36,1581.13,1555.43,322.16,0.09,1564.37,1561.78,1614.7243333333333,1597.7128571428573,1605.391,1635.0965,1610.763,1602.4605387418785,1606.3190004697572,1566.9864595543054
2023-03-07,1561.78,1565.84,1580.95,1536.31,460.10,-0.26,1565.84,1533.04,1612.469,1591.5828571428572,1602.103,1629.414,1610.4597999999999,1596.201994320051,1603.019815249775,1566.782284669823
2023-03-08,1533.04,1561.79,1569.70,1531.28,478.44,-1.84,1561.78,1438.50,1609.7796666666668,1572.5757142857144,1591.2469999999998,1624.033,1609.8272,1586.4847644246586,1597.8361252312732,1565.459057820026
2023-03-09,1438.50,1533.04,1545.98,1413.17,764.77,-6.17,1533.04,1426.75,1602.0163333333335,1542.7357142857143,1571.731,1611.26,1608.371,1563.7178775900957,1586.0334492882157,1560.4802712388484
2023-03-10,1426.75,1437.49,1437.49,1371.47,1.01,-0.82,1438.50,1471.15,1594.5416666666667,1522.43,1553.937,1598.0165,1605.8736000000001,1542.6458964223887,1574.2346752668664,1555.2359468765408
2023-03-11,1471.15,1426.74,1475.92,1408.58,1.43,3.11,1426.75,1580.24,1592.0683333333332,1508.7757142857142,1534.443,1587.498,1602.0969999999998,1531.6465277420211,1566.5987733952466,1551.9384587637353
2023-03-12,1580.24,1472.08,1585.09,1452.33,1.06,7.42,1471.15,1673.93,1594.2823333333333,1511.042857142857,1527.729,1581.3465,1601.1912,1539.122446550941,1567.6092346252283,1553.0483231259418
2023-03-13,1673.93,1580.28,1690.18,1565.83,1.30,5.93,1580.24,1700.15,1598.8020000000001,1526.4842857142855,1538.2330000000002,1582.0725,1602.1291999999999,1559.8620701584887,1575.4848468752114,1557.7887810425716
2023-03-14,1700.15,1673.83,1776.65,1655.74,1.36,1.57,1673.93,1649.65,1604.9589999999998,1546.2514285714285,1551.575,1584.9105,1603.6016,1581.4448285956444,1584.7193026622328,1563.371573942863
2023-03-15,1649.65,1700.14,1716.56,1614.93,1.02,-2.97,1700.15,1673.85,1609.7526666666668,1562.9099999999999,1560.103,1584.8670000000002,1605.4716,1591.9379318886222,1589.528983946512,1566.7550416313784
2023-03-16,1673.85,1649.66,1689.09,1634.21,660.14,1.47,1649.65,1789.38,1613.6989999999998,1596.5314285714285,1570.904,1588.1475,1606.7246000000002,1604.5397885211419,1595.774985135659,1570.954843920344
2023-03-17,1789.38,1673.76,1796.74,1663.67,975.13,6.9,1673.85,1758.70,1617.4973333333332,1648.3357142857144,1593.664,1597.8835000000001,1610.4612,1632.9767441332738,1610.1160973478325,1579.520536315625
2023-03-18,1758.70,1789.38,1833.82,1751.14,763.06,-1.71,1789.38,1779.47,1621.432,1689.4142857142856,1616.23,1603.7385,1613.6832000000002,1652.3187834973855,1621.122312359104,1586.5471819503064
2023-03-19,1779.47,1758.70,1838.84,1758.66,574.73,1.18,1758.70,1732.31,1624.2823333333333,1717.8757142857144,1650.327,1611.029,1617.8112000000003,1671.8805091131724,1632.851770702874,1594.1127826581376
2023-03-20,1732.31,1780.12,1802.76,1723.90,716.26,-2.65,1779.47,1803.54,1625.6386666666665,1726.2157142857143,1680.8830000000003,1617.41,1619.5380000000002,1681.177353864992,1640.2190469471057,1599.5322813774264
2023-03-21,1803.54,1732.32,1833.12,1719.55,779.81,4.11,1732.31,1734.48,1629.706,1740.9857142857145,1714.122,1624.2825,1624.2788,1700.002376347301,1652.3168953213942,1607.5325840685077
2023-03-22,1734.48,1801.58,1818.47,1711.05,933.24,-3.83,1803.54,1814.08,1630.7463333333333,1753.1042857142857,1729.5459999999998,1628.6375,1627.263,1705.3066261400238,1658.403051223513,1612.5109141050368
2023-03-23,1814.08,1734.32,1852.48,1729.38,767.73,4.59,1734.48,1749.26,1635.9020000000003,1773.137142857143,1743.5610000000001,1640.8970000000002,1630.7025999999998,1722.0409913492508,1669.9346770588083,1620.4155841401337
2023-03-24,1749.26,1813.62,1818.53,1728.69,602.30,-3.57,1814.08,1742.34,1639.431,1767.4057142857143,1748.4720000000002,1650.0235,1632.8536000000001,1726.2285311416738,1675.810626906304,1625.4683063307166
2023-03-25,1742.34,1749.28,1761.66,1714.43,368.84,-0.4,1749.26,1774.06,1642.4916666666666,1765.0685714285714,1757.741,1658.922,1634.4245999999998,1728.7072186583393,1680.7387286169483,1630.0515100040218
2023-03-26,1774.06,1742.32,1796.77,1739.39,371.97,1.82,1742.34,1714.65,1648.019,1764.2957142857142,1767.762,1669.333,1636.5678,1735.6845696339794,1687.6514153860633,1635.6989017685698
2023-03-27,1714.65,1773.91,1780.06,1691.38,607.00,-3.35,1774.06,1772.63,1652.0186666666666,1761.7728571428572,1760.289,1676.9765,1638.272,1732.4484819979828,1689.6513105426513,1638.7950232678418
2023-03-28,1772.63,1714.65,1792.38,1702.95,561.33,3.38,1714.65,1793.27,1656.3863333333331,1757.357142857143,1761.682,1688.9560000000001,1641.4502,1738.630253998293,1695.7978801320846,1644.0434537279264
2023-03-29,1793.27,1772.64,1825.01,1772.64,564.93,1.16,1772.63,1793.59,1661.7066666666667,1765.7557142857142,1763.062,1706.6945,1643.8876,1747.0363687677864,1703.0180371593376,1649.8954751503607
2023-03-30,1793.59,1793.16,1828.91,1766.90,607.74,0.02,1793.27,1821.62,1668.0033333333333,1762.8285714285714,1769.1899999999998,1725.0365000000002,1646.7395999999999,1754.1984658804345,1709.727071443831,1655.530554556229
2023-03-31,1821.62,1793.59,1845.54,1782.26,579.01,1.56,1793.59,1820.78,1673.187666666667,1773.1657142857143,1770.998,1742.56,1652.265,1764.5710095911368,1718.0154365220656,1662.0438661422593
2023-04-01,1820.78,1821.62,1840.27,1811.67,283.39,-0.05,1821.62,1795.01,1678.9676666666667,1784.3714285714284,1779.628,1754.587,1658.4042,1773.2185465771158,1725.6276264093199,1668.2688125680531
2023-04-02,1795.01,1820.78,1824.32,1775.81,334.84,-1.42,1820.78,1810.77,1686.505,1787.3642857142856,1777.721,1760.641,1663.5376,1776.571077872944,1730.767061490111,1673.2390552124434
2023-04-03,1810.77,1795.01,1838.71,1764.26,657.58,0.88,1795.01,1870.52,1694.6396666666667,1801.0957142857144,1783.872,1766.172,1669.4442000000001,1781.8324505078758,1736.6932050834362,1678.6324255962693
2023-04-04,1870.52,1810.77,1887.33,1802.51,658.37,3.3,1810.77,1908.96,1704.8446666666669,1815.0800000000002,1796.69,1777.2154999999998,1676.7377999999999,1795.4766888912795,1746.6063010031814,1686.1574285140625
2023-04-05,1908.96,1870.52,1936.10,1864.64,583.84,2.05,1870.52,1872.35,1716.282,1831.607142857143,1810.1799999999998,1788.971,1683.8078,1812.9356598310828,1758.6325009288717,1694.894784258609
2023-04-06,1872.35,1908.95,1908.95,1855.89,420.80,-1.92,1908.96,1863.46,1726.6343333333332,1842.8585714285714,1825.95,1793.1195,1687.7462,1822.0763275493778,1767.0560193785848,1701.8538123268988
2023-04-07,1863.46,1872.35,1882.56,1844.43,298.77,-0.47,1872.35,1848.93,1737.6483333333333,1848.8357142857142,1835.0330000000001,1798.3574999999996,1692.2022,1828.4430463879348,1774.1970549801713,1708.1913098827067
2023-04-08,1848.93,1863.45,1879.11,1847.72,207.67,-0.78,1863.46,1858.90,1751.3293333333334,1852.857142857143,1840.5990000000002,1801.8304999999996,1695.3015999999998,1831.5948854051758,1779.732828685344,1713.710474201032
2023-04-09,1858.90,1848.93,1871.87,1825.60,306.40,0.54,1848.93,1910.36,1765.7343333333333,1861.9842857142855,1847.1300000000003,1808.1599999999999,1698.6472,1835.795672265918,1785.597063597541,1719.4041810951094
2023-04-10,1910.36,1858.90,1916.53,1847.39,457.41,2.77,1858.90,1889.86,1780.3746666666668,1876.2114285714285,1856.0039999999997,1813.5009999999997,1703.224,1847.2671073019305,1794.8387625903156,1726.8926445815757
2023-04-11,1889.86,1910.35,1935.75,1884.64,428.26,-1.07,1910.36,1916.58,1790.6953333333333,1878.9742857142858,1862.9119999999998,1821.27,1706.9558000000002,1853.8198600247106,1801.8773727688108,1733.2835212646512
2023-04-12,1916.58,1889.86,1930.46,1857.35,669.43,1.41,1889.86,2012.11,1798.7836666666665,1880.0628571428572,1875.0690000000002,1826.395,1712.0992,1863.4752661747552,1810.3738636748249,1740.4716184699591
2023-04-13,2012.11,1916.59,2018.73,1899.96,721.56,4.98,1916.58,2099.98,1809.1823333333334,1900.0285714285712,1895.203,1839.5375,1719.4736000000003,1886.342148301716,1825.3172811803934,1751.124104020157
2023-04-14,2099.98,2012.12,2127.56,2009.53,957.03,4.37,2012.11,2090.59,1824.1933333333334,1933.817142857143,1918.149,1857.4195,1728.4628,1919.209510101452,1845.6626677596237,1764.8047273919153
2023-04-15,2090.59,2099.98,2110.30,2074.33,340.60,-0.45,2099.98,2119.29,1838.0846666666666,1968.3400000000001,1936.3120000000004,1873.2459999999999,1738.1097999999997,1945.5757393166132,1863.8054331107628,1777.5806204353696
2023-04-16,2119.29,2090.59,2137.56,2073.26,342.43,1.37,2090.59,2074.74,1849.0816666666665,2005.5385714285712,1961.0059999999999,1893.4780000000003,1748.6024000000002,1972.3010101909804,1882.730215843299,1790.9809882614336
2023-04-17,2074.74,2118.61,2119.18,2062.17,448.14,-2.1,2119.29,2103.34,1859.6163333333332,2029.0214285714285,1982.134,1908.5835,1757.2651999999998,1988.0608547769834,1896.9531628178693,1802.1087926433381
2023-04-18,2103.34,2074.74,2121.27,2056.86,437.10,1.38,2074.74,1935.97,1870.412,2059.5185714285712,2007.575,1924.087,1766.6587999999997,2005.7961078882167,1912.2410766832122,1813.9217811671288
2023-04-19,1935.97,2103.36,2104.31,1925.00,855.36,-7.96,2103.34,1942.72,1877.2006666666668,2062.2885714285712,2015.2819999999997,1931.2059999999997,1773.2844,1995.053629751568,1913.998774706678,1818.7079858272414
2023-04-20,1942.72,1935.97,1977.95,1917.71,665.65,0.35,1935.97,1849.81,1881.8400000000001,2052.3757142857144,2018.518,1937.261,1778.8169999999998,1987.0023020974804,1916.1262728765537,1823.5712020693104
2023-04-21,1849.81,1942.72,1955.35,1831.47,769.94,-4.78,1942.72,1873.95,1885.6843333333334,2016.637142857143,2014.5130000000001,1938.7125,1782.8656,1965.8957940824835,1911.2139563671794,1824.6001745371807
2023-04-22,1873.95,1848.88,1886.22,1845.73,351.72,1.3,1849.81,1862.05,1887.6799999999998,1985.6885714285713,2010.25,1942.6595000000002,1788.9668000000001,1951.7502873005628,1908.453663302944,1826.5354618102324
2023-04-23,1862.05,1873.96,1881.92,1839.05,368.77,-0.63,1873.95,1841.88,1891.4396666666667,1948.94,1995.2440000000001,1945.2234999999996,1794.8731999999998,1937.9502431004762,1905.0163549101335,1827.9281887980665
2023-04-24,1841.88,1862.04,1889.09,1809.80,480.28,-1.08,1862.05,1865.95,1894.7576666666666,1915.6742857142858,1969.4339999999997,1943.7915,1800.4234,1923.1702057004031,1900.3395878797533,1828.4753186491228
2023-04-25,1865.95,1841.88,1877.54,1804.20,491.98,1.31,1841.88,1866.05,1897.8206666666667,1881.7614285714285,1946.97,1941.641,1806.4256,1914.3670971311103,1897.7922109997714,1829.9449139962162
2023-04-26,1866.05,1865.95,1963.46,1793.76,958.23,0.01,1865.95,1908.81,1902.8673333333331,1871.7728571428572,1921.646,1941.3260000000002,1812.511,1906.9336975724777,1895.4409361108994,1831.3607997218548
2023-04-27,1908.81,1866.05,1937.55,1862.37,771.48,2.29,1866.05,1891.14,1907.4066666666668,1866.9285714285713,1905.0529999999999,1943.5935000000002,1820.0263999999997,1907.2223594844043,1896.4312371397218,1834.3980232621743
2023-04-28,1891.14,1908.79,1922.85,1875.03,408.45,-0.93,1908.81,1907.80,1910.669,1872.8328571428572,1883.8329999999999,1945.7040000000002,1829.0792,1904.7481503329575,1896.0392936478906,1836.6231988205207
2023-04-29,1907.80,1890.93,1915.90,1886.27,193.47,0.88,1891.14,1868.88,1914.4759999999999,1877.6685714285716,1881.0160000000003,1948.1490000000001,1838.7002,1905.2176656663487,1896.9104570813802,1839.4144459255983
2023-04-30,1868.88,1907.80,1937.86,1868.88,377.71,-2.04,1907.80,1830.75,1916.0513333333333,1878.6442857142858,1873.632,1946.075,1846.6548,1899.6272555638334,1894.834126927204,1840.5699578500846
2023-05-01,1830.75,1869.05,1885.70,1807.30,475.92,-2.04,1868.88,1869.74,1916.3836666666668,1877.054285714286,1871.7259999999999,1943.1195,1851.665,1889.030754707859,1890.0871545622258,1840.1848614638068
2023-05-02,1869.74,1830.75,1878.70,1823.25,391.27,2.13,1830.75,1904.74,1918.8746666666666,1877.5957142857144,1871.3049999999998,1940.7774999999997,1855.5811999999999,1886.0629462912652,1888.579957927987,1841.3438865044418
2023-05-03,1904.74,1869.74,1915.00,1844.72,489.66,1.87,1869.74,1877.06,1922.007,1883.122857142857,1875.5739999999998,1935.409,1859.6729999999998,1888.9363391695322,1889.7769980814692,1843.8300086023069
2023-05-04,1877.06,1904.76,1915.15,1868.18,372.69,-1.45,1904.74,1993.33,1922.225,1878.587142857143,1879.092,1924.2630000000001,1864.2212,1887.1092100665273,1888.8349982235825,1845.1331455198633
2023-05-05,1993.33,1877.06,1996.64,1875.66,589.05,6.19,1877.06,1896.48,1925.0373333333332,1893.185714285714,1891.8300000000004,1919.4,1870.6108,1903.4508700562924,1896.5753687255394,1850.9447868720256
2023-05-06,1896.48,1993.33,2013.10,1868.09,658.63,-4.86,1993.33,1870.99,1925.8416666666667,1891.5685714285717,1894.873,1908.2594999999997,1872.7528,1902.3784285091706,1896.5683043754996,1852.7304815044954
2023-05-07,1870.99,1896.48,1931.39,1870.94,441.65,-1.34,1896.48,1847.48,1926.0926666666667,1891.8700000000001,1891.091,1898.0720000000001,1874.9986,1897.5494395077599,1894.6736151624996,1853.446541053339
2023-05-08,1847.48,1871.03,1883.54,1813.63,667.82,-1.26,1870.99,1846.56,1926.0443333333335,1894.26,1886.725,1885.279,1876.3587999999997,1889.8464488142586,1891.1777918171292,1853.2125590512474
2023-05-09,1846.56,1847.48,1858.57,1832.05,318.79,-0.05,1847.48,1840.92,1925.633,1890.9485714285713,1880.6009999999999,1880.8084999999999,1878.6437999999998,1883.1869951505264,1887.8727702010456,1852.9516743825711
2023-05-10,1840.92,1846.56,1886.83,1797.07,685.11,-0.31,1846.56,1794.71,1923.3183333333332,1881.8314285714284,1877.8049999999998,1875.7185000000002,1879.3914000000002,1876.6843805119838,1884.3947872231904,1852.4798440146274
2023-05-11,1794.71,1840.92,1841.04,1774.30,548.42,-2.51,1840.92,1807.31,1920.1466666666665,1870.0671428571427,1874.2010000000002,1872.9635000000003,1880.596,1864.072937356294,1877.7514696511023,1850.2143599356223
2023-05-12,1807.31,1794.71,1812.46,1741.48,598.87,0.7,1794.71,1794.95,1916.5043333333335,1843.492857142857,1867.9579999999999,1869.6315,1880.4605999999999,1855.3401777630181,1872.53358301028,1848.5318360165784
2023-05-13,1794.95,1807.31,1814.55,1786.23,223.65,-0.68,1807.31,1799.36,1909.2656666666667,1828.9885714285715,1856.979,1866.2765000000004,1881.3744,1846.0493811840925,1866.7866509354442,1846.4305875453401
2023-05-14,1799.36,1795.11,1822.93,1791.86,229.74,0.25,1794.95,1817.11,1899.245,1818.7557142857142,1849.209,1864.1504999999997,1882.5148,1838.866399463463,1861.7920841994855,1844.5846821514053
2023-05-15,1817.11,1799.36,1845.27,1786.61,405.84,0.99,1799.36,1823.98,1890.1290000000001,1814.4171428571428,1831.5870000000002,1861.7085,1883.3757999999998,1835.5192610844688,1858.482300184709,1843.507243635664
2023-05-16,1823.98,1817.11,1830.01,1797.60,325.77,0.38,1817.11,1821.73,1880.2853333333333,1811.1914285714286,1824.337,1859.605,1885.5624000000003,1833.7439901483967,1855.926574245101,1842.741469375442
2023-05-17,1821.73,1823.98,1834.44,1785.78,376.26,-0.12,1823.98,1800.99,1871.8516666666667,1808.4500000000003,1819.411,1855.2510000000002,1886.5444,1831.8956839717202,1853.3934946713898,1841.9174901842482
2023-05-18,1800.99,1822.12,1831.51,1774.77,311.24,-1.14,1821.73,1812.32,1861.7733333333333,1809.347142857143,1814.762,1850.7435,1886.6988000000001,1827.1409633606863,1849.511754325361,1840.3124905691798
2023-05-19,1812.32,1800.95,1829.33,1796.99,253.50,0.63,1800.99,1819.68,1857.6516666666664,1810.0628571428572,1811.3380000000002,1845.9695,1887.0734,1824.86081515135,1846.7568095605193,1839.2147458409765
2023-05-20,1819.68,1812.32,1828.06,1807.08,134.46,0.41,1812.32,1804.89,1853.5503333333331,1813.5957142857144,1809.214,1843.5095000000001,1887.0346000000002,1824.0637666665268,1844.751119963444,1838.4486773766246
2023-05-21,1804.89,1819.66,1827.47,1799.03,170.05,-0.81,1819.68,1817.19,1852.0529999999999,1814.3857142857144,1810.232,1842.2165,1886.7168000000001,1821.1139564101381,1841.7984444105962,1837.1326508128354
2023-05-22,1817.19,1804.89,1827.38,1792.35,250.27,0.68,1804.89,1854.08,1850.161,1814.3971428571429,1811.22,1839.5890000000004,1887.1604,1820.5102708085785,1839.9755966764778,1836.3505860750772
2023-05-23,1854.08,1817.19,1868.89,1815.41,428.05,2.03,1817.19,1799.91,1849.8953333333334,1818.697142857143,1817.1330000000003,1837.0559999999998,1888.0265999999997,1825.6748445303356,1841.020367293035,1837.045857209388
2023-05-24,1799.91,1854.08,1854.08,1781.70,441.64,-2.92,1854.08,1805.69,1848.4963333333333,1815.5800000000002,1817.188,1833.1985,1886.6144,1821.7110222948993,1837.9751549009582,1835.5895490835296
2023-05-25,1805.69,1799.91,1817.05,1764.92,370.60,0.32,1799.91,1827.80,1846.4876666666667,1816.2514285714285,1816.0459999999998,1823.8165000000001,1884.549,1819.2462496341454,1835.5836619453316,1834.4170177469207
2023-05-26,1827.80,1805.62,1837.39,1798.10,290.89,1.22,1805.69,1829.91,1845.2126666666668,1818.462857142857,1816.4279999999999,1820.3825000000002,1883.6580000000001,1820.5622112288922,1835.0070943938256,1834.1575268548847
2023-05-27,1829.91,1827.80,1835.94,1817.35,147.46,0.12,1827.80,1908.35,1842.5826666666665,1819.9242857142856,1817.2459999999999,1818.3285,1882.987,1822.0003325782934,1834.6295318461348,1833.990957174301
2023-05-28,1908.35,1829.91,1914.92,1824.70,401.09,4.29,1829.91,1892.61,1843.1563333333331,1834.7042857142858,1827.982,1821.372,1884.1754,1835.2848967970176,1840.0903072649396,1836.9069980694264
2023-05-29,1892.61,1908.37,1925.74,1878.33,338.07,-0.83,1908.35,1900.59,1842.65,1845.4785714285713,1836.011,1823.6745000000003,1884.8496,1844.1041434436302,1843.980654874944,1839.0914295176842
2023-05-30,1900.59,1892.61,1915.91,1882.97,288.67,0.42,1892.61,1873.63,1843.7069999999999,1852.122857142857,1844.102,1826.658,1884.6542,1852.7942752215333,1848.1739396990224,1841.5031381640495
2023-05-31,1873.63,1900.59,1906.21,1852.00,337.87,-1.42,1900.59,1861.77,1845.1363333333331,1862.6542857142856,1850.976,1830.604,1884.3296,1855.9997713412974,1850.0595737953913,1842.7630150987927
2023-06-01,1861.77,1873.62,1888.07,1846.23,286.98,-0.63,1873.63,1907.10,1844.8706666666667,1870.6657142857143,1855.434,1833.327,1883.2334,1856.8874988272519,1850.9270127735106,1843.5083870557028
2023-06-02,1907.10,1861.77,1910.01,1847.84,329.16,2.43,1861.77,1892.05,1844.9493333333335,1881.9942857142855,1860.736,1838.9344999999998,1881.1331999999998,1864.6124990076746,1855.0879747902875,1846.0021757986165
2023-06-03,1892.05,1907.10,1907.90,1884.17,157.10,-0.79,1907.10,1890.04,1845.4489999999998,1890.8714285714286,1869.95,1843.5690000000002,1876.9746,1868.833653006494,1857.8259025835996,1847.8079728261218
2023-06-04,1890.04,1892.05,1914.12,1884.54,183.07,-0.11,1892.05,1811.20,1842.006,1888.2557142857142,1878.3849999999998,1847.2155000000002,1872.9636,1872.0961679285717,1860.2121320218516,1849.4641307545091
2023-06-05,1811.20,1890.00,1890.53,1782.82,588.61,-4.17,1890.04,1884.17,1839.1633333333334,1876.6257142857144,1876.725,1846.5765,1866.8018,1862.7275267087916,1856.5816037239365,1847.9635766072736
2023-06-06,1884.17,1811.19,1895.79,1800.75,518.57,4.03,1811.20,1832.10,1839.6026666666667,1874.2800000000002,1882.1509999999998,1849.6985,1862.9904000000001,1866.0263687535928,1858.6251886332745,1849.3834363481649
2023-06-07,1832.10,1884.63,1893.73,1823.42,454.83,-2.76,1884.17,1845.68,1839.09,1868.347142857143,1874.5260000000003,1851.2540000000001,1857.5656000000004,1860.8069274068862,1856.6603598456245,1848.7056545305898
2023-06-08,1845.68,1832.10,1860.53,1829.38,202.78,0.74,1832.10,1840.41,1839.0606666666667,1866.0485714285714,1869.833,1852.922,1855.7598,1858.4797078058268,1855.8469998570597,1848.5870014117431
2023-06-09,1840.41,1845.68,1854.72,1828.66,215.71,-0.29,1845.68,1751.56,1839.043666666667,1856.5214285714287,1863.815,1853.9585,1853.7136,1855.6997527587766,1854.7035183861663,1848.266334689714
2023-06-10,1751.56,1840.41,1844.23,1719.16,696.59,-4.83,1840.41,1752.80,1837.6053333333334,1836.4514285714286,1851.6079999999997,1851.292,1851.7486000000001,1839.6782523343495,1847.0632577649687,1844.4739294077647
2023-06-11,1752.80,1751.56,1775.87,1740.02,232.04,0.07,1751.56,1742.60,1835.7883333333332,1816.8457142857144,1840.7109999999998,1848.0724999999998,1849.3256,1826.312367359834,1840.080794226823,1840.8788733525582
2023-06-12,1742.60,1752.80,1757.79,1722.92,320.47,-0.58,1752.80,1739.60,1834.0433333333335,1807.0457142857142,1824.261,1842.4985000000001,1846.9366,1813.4335416121673,1832.8599946544657,1837.024799887752
2023-06-13,1739.60,1742.60,1763.15,1727.64,303.23,-0.17,1742.60,1650.96,1832.0513333333333,1786.392857142857,1809.016,1839.4829999999997,1844.891,1802.0745352102954,1825.951846902283,1833.204219499997
2023-06-14,1650.96,1739.60,1749.90,1636.49,451.13,-5.1,1739.60,1666.96,1826.513,1760.515714285714,1785.1079999999997,1831.7464999999997,1840.5911999999998,1778.8261451779422,1812.9894878724842,1826.0573873627422
2023-06-15,1666.96,1650.96,1678.94,1632.50,397.40,0.97,1650.96,1717.92,1821.279,1734.984285714286,1770.684,1823.7045000000003,1836.6094,1761.6159689967203,1802.1724887708187,1819.818274132831
2023-06-16,1717.92,1666.96,1728.35,1653.68,333.35,3.06,1666.96,1727.79,1817.8186666666666,1717.4857142857143,1754.059,1818.105,1832.7916,1754.893512227994,1795.931563676684,1815.822263382524
2023-06-17,1727.79,1717.92,1764.06,1714.30,227.93,0.57,1717.92,1720.98,1815.3786666666667,1714.09,1743.628,1809.077,1829.5246000000002,1750.723741115995,1790.884040441374,1812.37001775968
2023-06-18,1720.98,1727.79,1746.40,1715.90,167.46,-0.39,1727.79,1737.06,1812.334,1709.544285714286,1731.1580000000001,1800.4954999999998,1825.7882,1746.1477809443033,1785.7059633716426,1808.7860954945945
2023-06-19,1737.06,1720.98,1748.05,1706.40,263.64,0.93,1720.98,1791.61,1809.5800000000002,1708.7528571428572,1720.8229999999999,1792.3190000000002,1823.1517999999999,1744.7496607990258,1782.1025586774467,1805.9733074359829
2023-06-20,1791.61,1737.06,1793.35,1715.20,359.77,3.14,1737.06,1889.87,1809.1373333333333,1716.182857142857,1724.828,1788.2179999999996,1822.369,1751.958943753022,1782.8068135902286,1805.4100404777091
2023-06-21,1889.87,1791.64,1899.11,1787.59,653.63,5.48,1791.61,1872.32,1811.5600000000002,1750.3128571428572,1738.5349999999999,1789.623,1822.7716,1773.1760293294801,1790.7374199909523,1808.722195753093
2023-06-22,1872.32,1889.87,1931.60,1866.66,438.75,-0.93,1889.87,1891.97,1812.1680000000001,1779.6499999999999,1751.507,1787.884,1822.1232,1788.4289478941755,1796.7805740656966,1811.2162272921876
2023-06-23,1891.97,1872.29,1932.23,1864.60,428.03,1.05,1872.32,1875.00,1815.2366666666667,1804.5142857142855,1766.744,1787.8799999999999,1822.4214000000002,1804.3583405258407,1803.8316426534227,1814.3830419081803
2023-06-24,1875.00,1891.98,1904.04,1865.77,239.37,-0.9,1891.97,1898.80,1817.5469999999998,1825.5442857142857,1789.148,1787.128,1820.0548000000001,1815.2262881372499,1809.1033728272432,1816.7601775196242
2023-06-25,1898.80,1875.00,1929.61,1869.28,356.99,1.27,1875.00,1859.00,1819.9136666666666,1850.9471428571428,1812.3319999999999,1791.5080000000003,1820.1012000000003,1828.0837822699807,1815.7475674326326,1819.977425460031
2023-06-26,1859.00,1898.80,1906.07,1840.63,479.76,-2.1,1898.80,1889.51,1820.8833333333334,1868.3671428571429,1826.4399999999998,1790.2495000000004,1819.8614000000002,1832.8401234592145,1818.9514513265117,1821.5077225008142
2023-06-27,1889.51,1859.00,1911.73,1856.19,386.05,1.64,1859.00,1827.95,1820.2553333333335,1882.3528571428574,1842.6120000000003,1793.1199999999997,1820.7020000000002,1841.5585660039508,1824.1780104875108,1824.1744784811744
2023-06-28,1827.95,1889.51,1890.11,1821.94,356.71,-3.26,1889.51,1851.92,1818.1,1873.5071428571428,1853.3089999999997,1792.2335000000003,1820.3298000000002,1839.4649404648812,1824.4574171180657,1824.3225381485795
2023-06-29,1851.92,1827.95,1878.86,1827.95,256.22,1.31,1827.95,1933.80,1816.4776666666664,1870.5928571428572,1864.795,1792.809,1820.5497999999998,1841.381103470284,1826.4916825167275,1825.4047915545175
2023-06-30,1933.80,1851.92,1943.65,1837.49,765.42,4.42,1851.92,1924.53,1818.4833333333333,1876.5685714285717,1879.014,1801.9210000000003,1823.3316,1855.5993952440863,1834.4404467747477,1829.6555840425756
2023-07-01,1924.53,1933.80,1943.20,1909.92,189.41,-0.48,1933.80,1937.57,1820.5753333333332,1883.6442857142858,1882.48,1810.5075000000002,1825.6760000000002,1866.204103668073,1841.1137470136553,1833.3761493742393
2023-07-02,1937.57,1924.53,1958.36,1893.68,283.61,0.68,1924.53,1955.56,1821.591,1889.182857142857,1889.0049999999999,1820.256,1828.5284,1877.1834723345232,1848.2586546422733,1837.4621827321123
2023-07-03,1955.56,1937.57,1974.61,1934.51,346.33,0.93,1937.57,1936.19,1823.708,1902.9771428571428,1895.364,1831.054,1831.6524000000002,1889.2413996676737,1856.2069024465493,1842.0934696837942
2023-07-04,1936.19,1955.56,1966.03,1931.64,226.10,-0.99,1955.56,1910.43,1825.2463333333333,1909.6457142857141,1901.4829999999997,1845.3155000000002,1834.0340000000003,1896.4642612572625,1862.1315763393973,1845.7835296961946
2023-07-05,1910.43,1936.21,1942.15,1896.43,284.34,-1.33,1936.19,1848.36,1828.5539999999999,1921.4285714285713,1902.646,1857.489,1835.763,1898.6128364484528,1865.7092373512937,1848.3186853943832
2023-07-06,1848.36,1910.43,1957.58,1847.01,483.00,-3.25,1910.43,1870.92,1827.3603333333333,1920.92,1901.5819999999999,1864.011,1836.2956,1890.8816308409985,1864.4241086586053,1848.3203055749957
2023-07-07,1870.92,1848.29,1877.51,1827.35,249.82,1.22,1848.36,1865.28,1828.6543333333332,1911.9371428571428,1899.723,1871.1675,1837.6942,1887.8106107116141,1864.9052857950048,1849.2065681014665
2023-07-08,1865.28,1870.92,1873.16,1843.82,136.69,-0.3,1870.92,1862.91,1829.3076666666666,1903.4728571428573,1903.4560000000001,1878.3825000000002,1838.7534,1884.3443629098274,1864.9330424027823,1849.8368987641543
2023-07-09,1862.91,1865.28,1878.22,1856.97,145.47,-0.13,1865.28,1880.42,1830.0576666666666,1892.8071428571432,1904.5549999999998,1884.675,1839.618,1881.0467686160077,1864.7831874099836,1850.349569400854
2023-07-10,1880.42,1862.91,1903.82,1846.71,264.83,0.94,1862.91,1878.33,1834.3529999999998,1882.0728571428572,1899.217,1889.1155000000003,1841.1285999999998,1880.9503426750834,1865.941469824059,1851.5288019733696
2023-07-11,1878.33,1880.42,1889.83,1863.93,191.47,-0.11,1880.42,1871.86,1838.5373333333334,1873.8071428571432,1894.5970000000002,1888.5385,1842.3513999999998,1880.5472130327628,1866.8591387259805,1852.5798293469632
2023-07-12,1871.86,1878.33,1901.45,1865.11,280.91,-0.34,1878.33,2004.77,1842.846,1868.297142857143,1888.0260000000003,1888.5155,1842.707,1879.21071872003,1867.2295728944264,1853.335914470612
2023-07-13,2004.77,1871.86,2010.75,1863.22,588.53,7.1,1871.86,1938.05,1851.685,1890.6414285714286,1892.9470000000001,1894.1555,1846.8042,1898.5275312246408,1877.4177526800245,1859.2745060599996
2023-07-14,1938.05,2004.77,2025.56,1900.22,530.86,-3.33,2004.77,1931.42,1861.2546666666667,1900.2314285714285,1893.1330000000003,1897.3079999999998,1849.4514,1904.6079110362348,1881.909030259282,1862.3637411164702
2023-07-15,1931.42,1938.05,1946.10,1926.83,145.89,-0.34,1938.05,1922.45,1870.07,1909.68,1895.232,1898.9389999999999,1851.5238,1908.7328477998908,1885.576509499335,1865.071829700138
2023-07-16,1922.45,1931.43,1942.55,1918.01,158.59,-0.46,1931.42,1911.24,1876.8876666666667,1918.185714285714,1902.641,1902.1114999999998,1853.3745999999999,1910.8431789075998,1888.307879166051,1867.321954025623
2023-07-17,1911.24,1922.45,1935.99,1876.00,293.54,-0.58,1922.45,1897.58,1883.0026666666668,1922.5885714285712,1906.673,1903.1979999999999,1853.4324,1910.9042283064307,1890.0065547833804,1869.0442303383438
2023-07-18,1897.58,1911.24,1917.21,1877.52,233.00,-0.71,1911.24,1888.65,1888.8893333333333,1925.3385714285712,1909.9029999999998,1906.6794999999997,1853.5318,1908.8543470285183,1890.5675507253522,1870.163280128997
2023-07-19,1888.65,1897.58,1920.48,1882.18,244.92,-0.47,1897.58,1891.23,1893.9423333333332,1927.7371428571428,1912.477,1908.516,1853.2930000000001,1905.7459859472078,1890.4255099308818,1870.888249535703
2023-07-20,1891.23,1888.64,1928.36,1879.39,321.92,0.14,1888.65,1891.75,1897.263,1911.517142857143,1913.5579999999998,1906.3875,1853.645,1903.512757339945,1890.4851017878536,1871.6859652401854
2023-07-21,1891.75,1891.68,1905.57,1884.95,176.39,0.03,1891.23,1866.25,1897.3256666666666,1904.9028571428573,1914.9,1904.7485000000001,1854.2446,1901.7031023645686,1890.5787979517163,1872.4727901327274
2023-07-22,1866.25,1891.75,1897.03,1854.09,143.13,-1.35,1891.75,1888.85,1897.1233333333332,1895.5928571428574,1914.339,1901.1825000000001,1853.4276,1896.2487789238658,1888.7766647701076,1872.2287591471304
2023-07-23,1888.85,1866.26,1903.95,1858.12,164.31,1.21,1866.25,1850.04,1897.0193333333334,1890.792857142857,1902.7469999999998,1897.8470000000002,1853.3636000000001,1895.110505243271,1888.782097009359,1872.8805725139096
2023-07-24,1850.04,1888.85,1890.78,1835.14,297.13,-2.05,1888.85,1857.67,1896.1873333333335,1882.05,1893.946,1893.5395,1852.5636,1888.1765813596908,1885.9123120457027,1871.9848637878738
2023-07-25,1857.67,1850.05,1867.36,1845.68,161.06,0.41,1850.04,1872.00,1894.8163333333332,1876.3485714285714,1886.5710000000004,1890.9015,1853.493,1883.4832611505076,1883.820288931206,1871.4234965805063
2023-07-26,1872.00,1857.67,1886.92,1849.43,286.61,0.77,1857.67,1861.32,1895.2496666666666,1873.97,1881.5260000000003,1892.0835,1853.2495999999999,1881.716605588891,1882.944711973339,1871.4461045577414
2023-07-27,1861.32,1872.00,1885.87,1855.40,176.21,-0.57,1872.00,1874.23,1894.31,1869.6971428571428,1876.534,1891.6035,1853.8339999999998,1878.5786662675232,1881.3428814567956,1871.0490024182222
2023-07-28,1874.23,1861.32,1882.23,1856.90,148.92,0.69,1861.32,1880.55,1895.8526666666667,1867.1942857142856,1874.199,1892.051,1854.405,1877.9096406879044,1880.8160013488846,1871.1737474214292
2023-07-29,1880.55,1874.23,1886.26,1869.74,79.76,0.34,1874.23,1861.81,1896.8070000000002,1869.2371428571428,1873.389,1892.9329999999998,1855.2078,1878.315849812842,1880.7962975452635,1871.541443600981
2023-07-30,1861.81,1880.55,1884.33,1851.63,167.77,-1.0,1880.55,1856.17,1894.4073333333333,1865.3742857142859,1870.4470000000001,1892.0024999999998,1857.4128,1875.776488303174,1879.3899051345034,1871.1598183617268
2023-07-31,1856.17,1861.81,1876.03,1851.42,177.97,-0.3,1861.81,1874.21,1892.1286666666667,1866.25,1866.889,1890.8944999999999,1859.4802,1872.7601054873012,1877.669912161577,1870.5719823475415
2023-08-01,1874.21,1856.17,1875.00,1818.06,386.29,0.97,1856.17,1840.21,1890.0166666666667,1868.612857142857,1867.685,1891.0120000000002,1862.1124000000002,1872.9831661815624,1877.4136223718306,1870.7146497064616
2023-08-02,1840.21,1874.21,1879.32,1822.94,272.70,-1.81,1874.21,1835.98,1886.1716666666664,1864.0714285714287,1862.8210000000004,1882.784,1864.1245999999999,1867.9411406151683,1874.6577984924356,1869.5183889336593
2023-08-03,1835.98,1839.76,1858.62,1828.34,182.56,-0.23,1840.21,1830.24,1882.8313333333333,1860.4514285714286,1861.4150000000002,1877.6805,1867.825,1863.0240420589885,1871.7927763818848,1868.2031579950844
2023-08-04,1830.24,1835.98,1849.13,1819.65,199.60,-0.31,1835.98,1836.48,1880.1583333333333,1854.1671428571428,1858.6719999999998,1872.6215,1871.0906,1857.9803432806825,1868.7147929461896,1866.7144067011595
2023-08-05,1836.48,1830.24,1838.62,1827.52,103.08,0.34,1830.24,1830.28,1879.7623333333333,1847.8714285714284,1855.1199999999997,1868.3229999999999,1873.4618,1854.6725981605775,1866.3270305057313,1865.528743693271
2023-08-06,1830.28,1836.48,1838.08,1826.12,100.32,-0.34,1836.48,1829.11,1878.4076666666667,1843.3671428571429,1852.016,1864.275,1875.5115999999998,1850.919890751258,1863.6568800978994,1864.1464400190252
2023-08-07,1829.11,1830.28,1846.41,1805.30,243.92,-0.06,1830.28,1856.24,1877.202,1839.5014285714285,1847.5040000000001,1860.8515,1877.6742,1847.5645229433721,1861.0978519424996,1862.7724619790636
2023-08-08,1856.24,1829.10,1871.77,1826.40,253.39,1.48,1829.11,1855.36,1876.9796666666666,1836.9342857142858,1845.0729999999999,1859.2310000000002,1880.0578,1848.8992117213147,1860.7380110578702,1862.5162869994924
2023-08-09,1855.36,1856.24,1870.48,1846.76,203.58,-0.05,1856.24,1852.46,1876.1443333333334,1839.0985714285712,1844.4279999999999,1857.4375,1881.3328,1849.8931791488048,1860.3396398683983,1862.23564829363
2023-08-10,1852.46,1855.36,1865.94,1847.34,134.21,-0.16,1855.36,1848.88,1875.282,1841.452857142857,1844.057,1855.473,1880.5846000000001,1850.2880746643732,1859.7559628411095,1861.8522895370172
2023-08-11,1848.88,1852.46,1857.17,1840.65,120.55,-0.19,1852.46,1849.94,1874.5159999999998,1844.1157142857144,1841.5240000000001,1854.6045,1880.1157999999998,1850.0714477929312,1858.9503359639903,1861.3435723002715
2023-08-12,1849.94,1848.88,1853.54,1846.13,66.93,0.06,1848.88,1840.73,1869.355,1846.0385714285715,1842.4969999999998,1852.659,1879.2751999999998,1850.051225055557,1858.2829036703615,1860.8963733865353
2023-08-13,1840.73,1849.94,1861.50,1835.51,126.51,-0.5,1849.94,1845.51,1866.111,1847.5314285714287,1842.9720000000002,1852.1934999999999,1878.5897999999997,1848.6171904316252,1856.9826885836683,1860.1055352145145
2023-08-14,1845.51,1840.73,1856.48,1835.90,158.11,0.26,1840.73,1828.98,1863.2473333333332,1849.8742857142856,1844.4990000000003,1851.5855,1877.524,1848.139161134452,1856.132859799693,1859.5331612845334
2023-08-15,1828.98,1845.51,1847.35,1816.32,196.60,-0.9,1845.51,1807.81,1860.1316666666667,1845.98,1843.7490000000003,1849.4345,1876.9235999999999,1845.1915978829977,1854.1215368515677,1858.3349980969047
2023-08-16,1807.81,1828.98,1831.52,1803.31,217.47,-1.16,1828.98,1683.89,1856.684,1839.1871428571428,1841.502,1846.759,1875.2895999999998,1839.4405828240751,1850.6910526403406,1856.3536256225163
2023-08-17,1683.89,1807.81,1809.81,1560.88,876.70,-6.85,1807.81,1661.26,1849.561,1815.1057142857142,1826.98,1837.2420000000002,1872.4084,1815.5097239280635,1838.3354191114263,1849.5903461863393
2023-08-18,1661.26,1681.51,1698.77,1646.32,572.90,-1.34,1683.89,1669.67,1841.9813333333334,1788.3028571428572,1807.482,1826.2775000000001,1868.5952000000002,1791.7789971698999,1825.218721399469,1842.204842414326
2023-08-19,1669.67,1661.27,1693.88,1654.35,243.31,0.51,1661.26,1685.24,1834.596,1762.55,1788.913,1816.6705000000002,1863.3126000000002,1772.9929976053,1813.696593888397,1835.438770162784
2023-08-20,1685.24,1669.68,1692.47,1662.82,205.82,0.93,1669.67,1667.60,1827.7123333333334,1740.3371428571427,1772.191,1808.1239999999998,1858.5267999999999,1759.492536435254,1804.1812906374048,1829.5486223132632
2023-08-21,1667.60,1685.24,1686.11,1651.77,265.91,-1.05,1685.24,1634.29,1821.0906666666667,1714.9214285714286,1754.063,1797.7934999999998,1853.1273999999999,1745.3552231375224,1794.064157997597,1823.1976959480373
2023-08-22,1634.29,1667.60,1669.22,1588.36,424.51,-2.0,1667.60,1679.93,1812.6053333333334,1687.1085714285712,1732.498,1787.4975,1846.7019999999998,1728.2682657317498,1782.2290351829602,1815.7895510088986
2023-08-23,1679.93,1634.30,1697.63,1629.86,399.71,2.79,1634.29,1660.89,1806.9350000000002,1668.84,1716.4180000000001,1779.6950000000002,1841.5767999999998,1720.831609465327,1774.6513288731112,1810.4617254791378
2023-08-24,1660.89,1679.93,1683.03,1642.45,246.62,-1.13,1679.93,1653.74,1800.3756666666668,1665.554285714286,1697.9560000000001,1771.2274999999997,1836.586,1711.6098233937382,1766.224563771399,1804.596167617211
2023-08-25,1653.74,1661.18,1676.13,1636.77,250.86,-0.43,1660.89,1647.05,1793.1003333333333,1664.48,1680.432,1762.0905000000002,1832.6936,1702.7067736408553,1757.8923738624067,1798.6802394753595
2023-08-26,1647.05,1653.74,1655.58,1644.04,84.34,-0.4,1653.74,1658.33,1785.958,1661.2485714285715,1664.3560000000002,1752.929,1828.2161999999998,1694.1441930807237,1749.6818276503766,1792.733955574365
2023-08-27,1658.33,1647.05,1660.11,1646.35,94.20,0.68,1647.05,1653.22,1778.7613333333331,1657.4042857142856,1661.8,1744.39,1824.0772,1688.6343172221507,1742.9150256022006,1787.4632122185076
2023-08-28,1653.22,1658.34,1660.80,1628.79,229.39,-0.31,1658.33,1729.69,1771.1836666666666,1655.3500000000001,1660.9959999999999,1734.239,1819.8834,1683.1859607264353,1736.2709496316672,1782.198772523664
2023-08-29,1729.69,1653.22,1742.83,1640.29,528.63,4.63,1653.22,1705.22,1766.7796666666666,1668.9785714285713,1666.998,1727.9554999999996,1816.8688,1690.3404283069835,1735.7834718811735,1780.1396049737164
2023-08-30,1705.22,1729.69,1730.71,1696.99,218.44,-1.41,1729.69,1645.82,1761.748,1672.5914285714287,1668.9959999999999,1720.5935000000002,1813.4066,1692.6295931828322,1733.5195110010866,1777.2015812492568
2023-08-31,1645.82,1705.23,1723.95,1634.74,355.27,-3.48,1705.22,1629.00,1754.135,1670.4385714285713,1666.818,1710.4405,1808.8857999999998,1685.4281173085503,1727.023250926932,1772.049362376737
2023-09-01,1629.00,1645.82,1654.39,1603.67,319.19,-1.02,1645.82,1637.05,1747.0946666666669,1666.9042857142856,1666.289,1699.3935000000001,1801.3703999999998,1676.7468684918504,1719.762269376789,1766.4395834600023
2023-09-02,1637.05,1629.00,1644.63,1628.11,109.03,0.49,1629.00,1635.85,1740.4636666666665,1665.4757142857143,1662.0009999999997,1689.2094999999997,1795.3504,1670.6396579546426,1713.635434608138,1761.3654821478453
2023-09-03,1635.85,1637.05,1645.16,1625.61,124.14,-0.07,1637.05,1630.51,1733.9840000000002,1662.2642857142857,1659.497,1678.7265,1789.4389999999999,1665.2874028846977,1707.8735505630907,1756.4433063773417
2023-09-04,1630.51,1635.86,1643.31,1618.49,178.25,-0.33,1635.85,1634.46,1727.118333333333,1659.02,1657.1740000000002,1668.8029999999999,1783.6001999999999,1659.937033210129,1702.1429171880468,1751.5047453429363
2023-09-05,1634.46,1630.53,1647.67,1610.02,219.79,0.24,1630.51,1633.18,1720.591,1645.4157142857143,1655.9149999999997,1660.1354999999999,1778.0646000000002,1656.0174896393398,1697.12936776671,1746.914755329488
2023-09-06,1633.18,1634.46,1667.08,1610.49,240.73,-0.08,1634.46,1648.09,1714.06,1635.1242857142856,1653.4,1657.6,1772.7766000000001,1652.504029694826,1692.3923775617686,1742.4545688459787
2023-09-07,1648.09,1633.18,1658.04,1624.07,243.55,0.91,1633.18,1636.45,1707.1216666666667,1635.4485714285713,1652.887,1656.9415000000001,1767.9653999999998,1651.8249482033143,1689.1107199646005,1738.7539975186855
2023-09-08,1636.45,1648.09,1657.53,1618.39,236.38,-0.71,1648.09,1635.56,1699.8246666666666,1636.5128571428572,1643.563,1655.2805,1762.8698000000002,1649.4595715566506,1685.2099258931487,1734.7420760473647
2023-09-09,1635.56,1636.45,1637.21,1630.12,63.97,-0.05,1636.45,1617.44,1692.5946666666669,1636.3,1636.5970000000002,1652.7965,1757.746,1647.3211759325507,1681.5321536047672,1730.8525828690367
2023-09-10,1617.44,1635.56,1635.72,1604.26,220.97,-1.11,1635.56,1551.89,1684.88,1633.67,1633.759,1650.2884999999999,1752.7698,1642.7240719429274,1676.7845866710807,1726.405030599663
2023-09-11,1551.89,1617.44,1618.80,1533.95,444.95,-4.05,1617.44,1592.50,1674.945,1622.4385714285713,1626.0480000000002,1646.1684999999998,1746.0306,1628.7495993363232,1667.5331358065562,1719.56130390948
2023-09-12,1592.50,1551.89,1617.39,1549.71,354.59,2.62,1551.89,1607.63,1666.6706666666664,1616.4442857142858,1621.593,1641.797,1740.8798000000002,1623.1727378999658,1661.9751257468113,1714.5785076777358
2023-09-13,1607.63,1592.50,1614.43,1582.03,238.31,0.95,1592.50,1626.49,1658.7413333333336,1612.794285714286,1618.7710000000002,1639.134,1735.879,1620.7815474538172,1657.9495608766772,1710.3844485531188
2023-09-14,1626.49,1607.63,1639.23,1607.08,293.64,1.17,1607.63,1641.31,1651.9916666666666,1609.7085714285715,1618.3690000000001,1637.7715,1730.9688,1621.6597709224607,1655.6192230339602,1707.0944701784867
2023-09-15,1641.31,1626.49,1652.40,1612.25,194.29,0.91,1626.49,1634.41,1646.4416666666666,1610.402857142857,1619.054,1637.4845,1726.5685999999998,1624.682883088236,1654.559280587,1704.5146870342323
2023-09-16,1634.41,1641.31,1650.04,1631.74,107.11,-0.42,1641.31,1622.65,1644.7923333333335,1610.2385714285715,1619.1770000000001,1636.2885,1721.7722,1626.1793626131227,1653.0667412842595,1701.7654836211252
2023-09-17,1622.65,1634.41,1635.00,1612.87,127.49,-0.72,1634.41,1636.92,1643.5053333333335,1610.982857142857,1616.633,1634.7599999999998,1716.6141999999998,1625.6363837495653,1650.8136493372774,1698.6629156359832
2023-09-18,1636.92,1622.63,1668.87,1609.69,302.35,0.88,1622.65,1643.08,1642.4136666666668,1623.1299999999999,1616.68,1630.1215,1712.1163999999999,1627.3723247111707,1649.7844901271087,1696.241624826729
2023-09-19,1643.08,1636.88,1659.53,1627.31,201.84,0.38,1636.92,1622.28,1641.0083333333334,1630.3557142857142,1617.4320000000002,1627.0144999999998,1707.8546,1629.7888901402214,1649.2878612288046,1694.156855225681
2023-09-20,1622.28,1643.14,1649.17,1610.14,253.88,-1.27,1643.08,1584.03,1639.4976666666666,1632.4485714285713,1617.916,1625.8375,1702.8159999999998,1628.633676272495,1647.2872789155597,1691.3381550207523
2023-09-21,1584.03,1622.28,1625.31,1569.03,264.25,-2.36,1622.28,1593.10,1637.8223333333333,1626.3828571428571,1621.1299999999999,1623.589,1697.6924000000001,1621.7715722305725,1642.6015545514442,1687.129992078762
2023-09-22,1593.10,1584.03,1601.79,1578.78,135.12,0.57,1584.03,1593.89,1634.9279999999999,1619.4957142857143,1621.19,1621.3915,1692.8348,1617.3605611181767,1638.9347727328186,1683.4425414090067
2023-09-23,1593.89,1593.10,1597.96,1587.79,69.31,0.05,1593.10,1580.55,1632.6946666666665,1613.707142857143,1619.816,1619.2935000000002,1688.1078,1613.749705561534,1635.598122900758,1679.930677040026
2023-09-24,1580.55,1593.89,1600.37,1573.94,144.30,-0.84,1593.89,1588.62,1630.255,1607.6928571428573,1615.2220000000002,1616.7955,1682.9892000000002,1608.642058552067,1631.5204841673685,1676.033395587476
2023-09-25,1588.62,1580.55,1596.57,1564.70,191.41,0.51,1580.55,1594.04,1628.3073333333334,1600.7928571428572,1609.953,1614.5035,1678.156,1605.561741851749,1628.3426705253412,1672.6054192899278
2023-09-26,1594.04,1588.62,1597.67,1580.60,141.61,0.34,1588.62,1598.49,1626.1643333333334,1593.787142857143,1605.916,1612.5465,1673.4546000000003,1603.7891661822493,1625.8017319679084,1669.5244224550288
2023-09-27,1598.49,1594.05,1633.50,1585.28,307.59,0.28,1594.04,1652.89,1624.3400000000001,1590.3885714285714,1603.5,1610.0665,1668.2995999999998,1602.9739098465188,1623.7786407110264,1666.7387588293416
2023-09-28,1652.89,1598.53,1667.61,1598.16,354.03,3.4,1598.49,1667.72,1621.78,1600.2257142857143,1605.097,1610.8885,1664.2502,1610.6533083316697,1625.9350376953948,1666.1956702477987
2023-09-29,1667.72,1652.89,1686.63,1648.47,273.45,0.9,1652.89,1670.92,1620.53,1610.8857142857144,1607.5610000000001,1612.4965,1660.5553999999997,1619.4327993575666,1629.0302200883286,1666.25544788514
2023-09-30,1670.92,1667.71,1693.68,1666.25,147.60,0.19,1667.72,1732.89,1621.3666666666666,1621.8899999999999,1612.425,1615.1705,1656.9962,1627.3539071487103,1632.1331667484524,1666.4383714974874
2023-10-01,1732.89,1670.92,1741.94,1668.94,245.32,3.71,1670.92,1662.79,1624.8296666666668,1643.652857142857,1627.3110000000001,1624.2205,1654.6552,1643.590229125832,1639.5966358781966,1669.0443177132722
2023-10-02,1662.79,1732.90,1742.42,1638.04,412.81,-4.05,1732.89,1656.88,1625.687666666667,1654.2485714285715,1634.28,1627.7350000000001,1651.0964000000001,1646.5440400295502,1641.314662850182,1668.7990503519675
2023-10-03,1656.88,1662.79,1670.45,1644.05,216.11,-0.36,1662.79,1647.05,1626.3886666666665,1663.2257142857143,1640.5790000000002,1630.1974999999998,1647.3238000000001,1648.1341877173118,1642.4676507872055,1668.3316366126746
2023-10-04,1647.05,1656.88,1657.61,1630.48,243.08,-0.59,1656.88,1611.58,1626.94,1670.1628571428573,1647.229,1631.2255,1643.6852,1647.967389606956,1642.8070840622272,1667.497062627864
2023-10-05,1611.58,1646.61,1654.03,1609.54,253.05,-2.15,1647.05,1645.62,1626.1773333333335,1664.2614285714285,1649.525,1629.739,1639.7606,1642.3693296674244,1640.4939667242843,1665.3042366424575
2023-10-06,1645.62,1611.58,1659.99,1611.58,238.24,2.11,1611.58,1633.58,1626.592,1661.1042857142857,1654.6829999999998,1630.2994999999999,1638.9952000000003,1642.869432795513,1640.8736728928557,1664.5323057937337
2023-10-07,1633.58,1640.59,1643.25,1630.18,107.55,-0.73,1645.62,1632.85,1626.1083333333333,1655.77,1658.1919999999998,1630.846,1638.4415999999997,1641.440289288511,1640.3334008267184,1663.318489880254
2023-10-08,1632.85,1633.58,1641.30,1616.80,159.27,-0.04,1633.58,1579.74,1625.9883333333335,1641.4785714285715,1656.188,1630.6425,1637.7051999999999,1640.1187063210477,1639.7790748395541,1662.123647139852
2023-10-09,1579.74,1632.85,1635.13,1550.10,372.11,-3.25,1632.85,1567.60,1624.1276666666665,1629.6142857142856,1647.3899999999999,1627.4755,1635.5952000000002,1630.8296745793482,1635.3317359625503,1658.8929158794658
2023-10-10,1567.60,1579.77,1593.73,1552.34,255.41,-0.77,1579.74,1566.88,1622.4663333333335,1616.8600000000001,1637.058,1624.7414999999999,1633.5952,1621.1020323363716,1630.3145703356945,1655.3128015312516
2023-10-11,1566.88,1567.62,1578.16,1549.16,279.01,-0.05,1567.60,1539.70,1622.9660000000001,1605.4071428571426,1620.4569999999999,1623.884,1632.247,1612.7601812076991,1625.615713273791,1651.8448485300262
2023-10-12,1539.70,1566.88,1568.47,1523.78,260.59,-1.73,1566.88,1552.17,1621.206,1595.1385714285714,1608.148,1621.2140000000002,1629.4424,1601.5201533295915,1619.2515863646213,1647.4470113327704
2023-10-13,1552.17,1539.70,1574.08,1538.07,208.91,0.81,1539.70,1554.96,1619.3573333333334,1581.7885714285715,1597.6770000000001,1619.128,1627.2679999999998,1593.9278220481158,1614.2825799672419,1643.7106579471715
2023-10-14,1554.96,1552.17,1559.94,1545.32,107.26,0.18,1552.17,1557.66,1616.9730000000002,1570.5571428571432,1588.468,1617.8485,1625.2923999999998,1587.9327725022517,1609.888314784483,1640.230239988459
2023-10-15,1557.66,1554.96,1565.80,1550.05,128.70,0.17,1554.96,1599.48,1614.1846666666668,1559.8157142857144,1583.076,1616.3005,1623.5046000000002,1583.2754228865208,1606.0195507263734,1636.9921913614605
2023-10-16,1599.48,1557.79,1635.46,1555.13,452.69,2.69,1557.66,1564.99,1613.0203333333334,1562.6357142857144,1578.462,1616.5725,1622.3276,1585.768434750133,1605.5351395614568,1635.52112503356
2023-10-17,1564.99,1599.48,1600.49,1553.63,250.22,-2.16,1599.48,1563.43,1611.0983333333331,1562.2628571428572,1571.6029999999998,1614.8975,1620.563,1582.571752480882,1602.5317958902378,1632.755198561656
2023-10-18,1563.43,1564.99,1583.77,1556.15,199.43,-0.1,1564.99,1566.79,1608.6486666666667,1561.7700000000002,1564.661,1610.4244999999999,1617.2377999999999,1579.6268674838234,1599.6353665650352,1630.036563323944
2023-10-19,1566.79,1563.43,1573.48,1543.87,238.42,0.21,1563.43,1603.89,1606.1056666666666,1565.6399999999999,1563.366,1605.3780000000002,1614.4691999999998,1577.6519647940042,1597.2023764491066,1627.5563059386914
2023-10-20,1603.89,1566.78,1629.26,1561.62,343.61,2.37,1566.79,1628.94,1605.4926666666665,1573.0285714285715,1566.9950000000001,1602.0265,1613.6306000000002,1581.6885855949267,1597.697755971395,1626.6282155097233
2023-10-21,1628.94,1603.89,1642.33,1592.41,188.94,1.56,1603.89,1663.35,1606.9896666666668,1583.597142857143,1573.201,1596.8290000000002,1613.6294,1588.9580339649378,1600.0119962698102,1626.7188737250285
2023-10-22,1663.35,1628.94,1667.50,1623.29,246.68,2.11,1628.94,1763.75,1609.3313333333333,1598.695714285714,1585.5660000000003,1596.857,1614.1554,1600.402951816486,1604.7037002498241,1628.1553884809098
2023-10-23,1763.75,1663.35,1791.99,1657.57,672.28,6.04,1663.35,1784.88,1614.9933333333333,1622.162857142857,1606.7240000000002,1602.2005000000001,1616.7133999999999,1625.5332669216418,1616.4849076387259,1633.4728242267565
2023-10-24,1784.88,1763.79,1853.31,1757.32,750.21,1.2,1763.75,1787.00,1621.8043333333333,1653.5757142857144,1629.716,1609.092,1619.8008000000002,1650.048148933697,1628.9586181840054,1639.4103605315897
2023-10-25,1787.00,1784.88,1814.21,1761.39,389.39,0.12,1784.88,1803.13,1628.417,1685.5142857142857,1652.65,1617.863,1622.8516,1671.1176644823588,1640.6653872074126,1645.1981895303509
2023-10-26,1803.13,1787.00,1864.81,1764.43,471.17,0.9,1787.00,1779.54,1635.3866666666668,1719.277142857143,1673.015,1625.7385,1626.2506,1691.427254561996,1652.6998029698264,1651.3915938624941
2023-10-27,1779.54,1803.38,1803.63,1751.77,298.24,-1.31,1803.13,1776.21,1641.4216666666666,1744.3700000000001,1694.47,1633.0365,1628.8796000000002,1704.9830615524581,1662.0953731202096,1656.417021554161
2023-10-28,1776.21,1779.54,1801.12,1772.08,134.10,-0.19,1779.54,1794.96,1645.5323333333333,1765.4085714285716,1715.748,1640.2045000000003,1631.6747999999998,1715.9410520828492,1670.5483084446385,1661.1147854147823
2023-10-29,1794.96,1776.21,1809.98,1764.08,156.39,1.06,1776.21,1809.05,1649.7736666666667,1784.2100000000003,1738.565,1650.9654999999998,1634.8627999999999,1728.0978133008723,1679.7639893005912,1666.3636173593009
2023-10-30,1809.05,1794.96,1829.47,1778.59,304.47,0.78,1794.96,1815.13,1654.378,1790.6814285714286,1759.0810000000001,1663.038,1638.695,1740.5519958699688,1689.3407308338808,1671.9591617765832
2023-10-31,1815.13,1809.05,1819.43,1783.32,279.11,0.34,1809.05,1846.60,1657.1193333333333,1795.0028571428572,1777.7,1675.4505000000001,1643.9597999999999,1752.0255349668967,1698.6584544758155,1677.5737044520115
2023-11-01,1846.60,1815.12,1857.00,1783.98,509.01,1.73,1815.13,1800.27,1663.2463333333333,1803.5171428571427,1796.025,1690.7954999999997,1649.0418,1766.5754526642972,1709.617087477607,1684.2021866303642
2023-11-02,1800.27,1846.60,1873.02,1789.00,398.43,-2.51,1846.60,1832.29,1668.026,1803.1085714285714,1799.6770000000001,1703.2005000000001,1652.8946000000003,1771.7592291774822,1716.3321180348212,1688.7538655860362
2023-11-03,1832.29,1800.28,1834.16,1779.79,337.00,1.78,1800.27,1855.72,1674.2006666666666,1810.6442857142858,1804.4180000000001,1717.0670000000002,1657.0106,1781.0716554578694,1724.9215907729827,1694.38273360227
2023-11-04,1855.72,1832.31,1868.52,1824.40,190.18,1.28,1832.29,1892.36,1682.3386666666665,1822.0028571428572,1811.2900000000002,1731.97,1661.2988,1792.5560161566586,1734.6103618268357,1700.7096852257105
2023-11-05,1892.36,1855.72,1911.00,1846.57,418.91,1.97,1855.72,1900.98,1690.5633333333333,1835.9171428571428,1820.2130000000002,1746.6140000000003,1666.4578,1807.9104752094804,1746.295520210033,1708.22538384431
2023-11-06,1900.98,1891.81,1913.13,1870.00,359.00,0.46,1892.36,1885.97,1699.4766666666667,1849.05,1832.357,1763.4134999999999,1672.0244,1822.2288636387912,1757.7536298241046,1715.784388399435
2023-11-07,1885.97,1900.98,1906.55,1852.05,370.10,-0.79,1900.98,1889.29,1707.914,1859.1699999999998,1843.3329999999999,1779.5404999999998,1677.0054,1832.0351923097464,1767.2511387260229,1722.4583339523986
2023-11-08,1889.29,1885.95,1903.67,1873.47,265.08,0.18,1885.97,2120.16,1718.2323333333334,1865.2685714285715,1852.766,1795.6655000000003,1681.9296000000002,1840.8436242620933,1776.2910543759472,1729.0007522287751
2023-11-09,2120.16,1888.42,2131.31,1882.91,1.21,12.22,1889.29,2077.78,1736.651,1910.967142857143,1883.877,1821.4789999999998,1691.8872000000001,1883.8153743756175,1801.7628281258771,1744.340330572745
2023-11-10,2077.78,2120.16,2135.91,2068.79,640.31,-2.0,2120.16,2053.42,1753.681,1946.0371428571427,1910.1419999999998,1843.9209999999998,1701.7621999999997,1913.6560860101379,1822.2085445609973,1757.4163960404805
2023-11-11,2053.42,2077.72,2089.24,2033.56,405.96,-1.17,2077.78,2044.61,1770.805,1974.28,1930.824,1863.4245000000003,1710.9686000000002,1935.158226623963,1839.3353190379603,1769.0243805094813
2023-11-12,2044.61,2053.40,2065.35,2020.76,354.64,-0.43,2053.42,2054.18,1787.2196666666666,1996.03,1955.2580000000003,1877.4675000000002,1719.9830000000002,1951.996960989507,1854.5408509610743,1779.831659705188
2023-11-13,2054.18,2044.61,2115.24,2031.01,578.44,0.47,2044.61,1979.10,1803.8603333333333,2017.9157142857143,1977.4470000000001,1890.9325000000001,1729.4556,1967.7174285295828,1869.3289360750687,1790.590418148122
2023-11-14,1979.10,2054.15,2064.51,1943.01,521.22,-3.66,2054.18,2058.93,1817.9083333333333,2031.22,1989.7849999999999,1900.5375,1737.2652000000003,1969.4685933711853,1877.4601259954338,1797.982950769764
2023-11-15,2058.93,1979.40,2060.95,1967.97,455.57,4.03,1979.10,1961.76,1833.2233333333331,2055.4542857142856,2006.4419999999998,1913.3275,1746.5629999999999,1983.2318866986952,1890.902338884661,1808.2161683866361
2023-11-16,1961.76,2058.93,2089.44,1940.44,585.12,-4.72,2058.93,1960.80,1846.449,2032.8257142857142,2012.5199999999998,1922.4384999999997,1753.8283999999999,1979.9285195142807,1896.1510545228343,1814.237495116572
2023-11-17,1960.80,1961.77,1990.24,1908.24,430.92,-0.05,1961.76,1961.72,1859.6946666666668,2016.1142857142859,2020.0030000000002,1931.6680000000001,1759.9866,1976.9856703582377,1900.9398652989207,1819.985044327687
2023-11-18,1961.72,1960.80,1971.02,1920.13,298.88,0.05,1960.80,2011.01,1872.859,2003.0142857142857,2027.2459999999999,1940.006,1765.8666,1974.6371056877397,1905.4420974990007,1825.5432778834643
2023-11-19,2011.01,1961.72,2014.93,1943.63,269.02,2.51,1961.72,2021.49,1886.4296666666667,1998.2142857142858,2016.3310000000001,1950.104,1772.6684000000002,1980.2329355819338,1913.2619421287043,1832.816482672348
2023-11-20,2021.49,2011.02,2064.05,1994.89,455.23,0.52,2011.01,1934.62,1899.5146666666665,1993.5442857142857,2010.7019999999998,1960.422,1778.4404000000002,1986.5801762616366,1921.2788353043559,1840.2154441361774
2023-11-21,1934.62,2021.49,2034.51,1932.50,527.41,-4.3,2021.49,2063.05,1908.557,1987.19,1998.8220000000001,1964.8230000000003,1783.8770000000002,1978.5863029906156,1922.2670697262554,1843.9175835818176
2023-11-22,2063.05,1934.62,2090.01,1930.66,506.35,6.64,1934.62,2061.92,1918.5336666666667,1987.7785714285715,2000.666,1977.962,1792.0004,1991.5807179151363,1932.695434931718,1852.5110116766484
2023-11-23,2061.92,2063.05,2088.20,2040.66,264.01,-0.06,2063.05,2080.62,1927.7683333333334,2002.087142857143,2001.4399999999998,1989.4434999999999,1800.2978,2002.4021459281923,1942.267624936776,1860.7231288657995
2023-11-24,2080.62,2061.92,2129.20,2059.23,460.97,0.91,2061.92,2083.09,1937.5556666666666,2019.2042857142858,2011.5919999999999,2000.6884999999997,1809.6786000000002,2014.4356619392395,1952.5159490155331,1869.3465355769445
2023-11-25,2083.09,2080.63,2089.64,2065.17,154.35,0.12,2080.62,2062.64,1946.8876666666665,2036.542857142857,2014.0080000000003,2010.225,1818.4279999999999,2024.997867794741,1962.1881009403085,1877.728632220986
2023-11-26,2062.64,2082.91,2092.80,2038.28,259.79,-0.98,2083.09,2027.51,1956.3243333333332,2043.9185714285716,2024.0960000000002,2018.3080000000002,1827.0092000000002,2030.7889650570887,1969.6289823521374,1884.9800584083982
2023-11-27,2027.51,2062.30,2071.13,1987.43,354.28,-1.7,2062.64,2048.47,1964.701,2044.7785714285715,2030.7669999999998,2025.3849999999998,1834.9024,2030.2845088944598,1973.916465140868,1890.5694678825787
2023-11-28,2048.47,2027.51,2074.79,1996.19,312.94,1.03,2027.51,2028.99,1973.1513333333335,2061.042857142857,2039.4420000000002,2033.3439999999998,1844.2769999999998,2033.0822767568507,1979.4389492045075,1896.7616456126736
2023-11-29,2028.99,2048.47,2071.36,2020.31,269.97,-0.95,2048.47,2051.56,1980.4826666666668,2056.177142857143,2041.2399999999998,2028.7855,1853.5048000000002,2032.452695717335,1983.109397411581,1901.9470712749217
2023-11-30,2051.56,2028.99,2054.33,2021.44,252.49,1.11,2028.99,2087.21,1988.3636666666666,2054.697142857143,2044.247,2027.4744999999998,1863.1984,2035.3922809915912,1988.1798124181305,1907.814244950415
2023-12-01,2087.21,2051.59,2109.32,2045.39,402.51,1.74,2051.56,2164.79,1996.3839999999998,2055.6385714285716,2059.506,2029.164,1874.1486000000002,2043.3642377621156,1995.5153818686392,1914.8493725994183
2023-12-02,2164.79,2087.21,2179.73,2086.29,344.20,3.72,2087.21,2192.79,2008.5346666666667,2067.3100000000004,2069.68,2035.173,1886.401,2062.0451242602517,2008.0542424709622,1924.650965830814
2023-12-03,2192.79,2164.79,2215.46,2150.58,279.65,1.29,2164.79,2243.54,2020.5513333333333,2085.902857142857,2082.7670000000003,2042.1035,1899.1576,2082.159720527905,2021.7383726582984,1935.1662220727428
2023-12-04,2243.54,2192.79,2272.26,2191.43,601.45,2.31,2192.79,2293.34,2033.4786666666666,2116.7642857142855,2099.059,2055.3255,1912.8752,2106.987455831304,2038.168122831758,1947.2593114032236
2023-12-05,2293.34,2243.30,2302.29,2190.96,561.41,2.22,2243.54,2233.45,2046.8446666666666,2151.7457142857143,2120.084,2067.046,1926.7523999999999,2135.6570780111033,2057.069743362739,1960.8311031129012
2023-12-06,2233.45,2293.36,2310.20,2223.15,431.57,-2.61,2293.34,2355.80,2057.927,2180.9542857142856,2137.165,2080.6305,1940.1215999999997,2150.702142932472,2070.1349475580914,1971.5220402457287
2023-12-07,2355.80,2233.45,2381.65,2224.61,518.61,5.48,2233.45,2358.42,2073.588,2224.4171428571426,2169.994,2100.3805,1955.969,2182.255659404399,2091.295321813048,1986.5917641576611
2023-12-08,2358.42,2355.78,2389.36,2340.88,397.41,0.11,2355.80,2340.55,2089.2256666666667,2263.1614285714286,2200.989,2120.2155,1971.8016,2209.357865649876,2111.0823350120813,2001.1732636024587
2023-12-09,2340.55,2358.42,2401.34,2332.36,304.64,-0.76,2358.42,2352.26,2096.5719999999997,2288.27,2232.145,2136.6925,1986.5348,2229.5412709345105,2128.0799398260015,2014.4821552258918
2023-12-10,2352.26,2340.55,2376.57,2324.18,206.78,0.5,2340.55,2225.34,2105.7213333333334,2311.0514285714285,2262.215,2153.231,2001.0012000000002,2248.421075406124,2144.6858702092604,2027.7283452170334
2023-12-11,2225.34,2352.26,2355.02,2164.16,678.03,-5.4,2352.26,2203.49,2111.452,2308.4514285714286,2276.0280000000002,2167.767,2012.241,2244.870140728259,2150.6602501937596,2035.477821875189
2023-12-12,2203.49,2225.33,2243.34,2168.18,377.05,-0.98,2225.34,2260.18,2116.748,2295.615714285714,2279.898,2174.7889999999998,2021.0357999999999,2238.5039652316036,2154.5735649942217,2042.0665347428287
2023-12-13,2260.18,2203.49,2283.84,2148.87,436.64,2.57,2203.49,2315.64,2123.614666666667,2299.434285714286,2286.6369999999997,2184.702,2030.5418,2241.838739811357,2162.3962638835383,2050.6200039686
2023-12-14,2315.64,2260.18,2331.63,2237.39,461.60,2.45,2260.18,2220.41,2134.8326666666667,2293.697142857143,2293.847,2196.453,2041.1145999999999,2253.192779840379,2173.747651744017,2061.0129449894393
2023-12-15,2220.41,2315.40,2317.42,2213.18,349.63,-4.11,2315.64,2229.07,2140.215333333333,2273.9814285714283,2286.5539999999996,2203.3190000000004,2049.4602,2248.1492752495515,2177.204121985201,2067.263809891814
2023-12-16,2229.07,2220.41,2262.68,2212.80,206.79,0.39,2220.41,2197.04,2149.1256666666663,2258.055714285714,2286.116,2211.6405,2058.4508,2245.214002134236,2181.046038875186,2073.6091506803705
2023-12-17,2197.04,2229.07,2247.84,2196.06,233.48,-1.44,2229.07,2218.80,2157.000333333333,2235.8814285714284,2270.2400000000002,2220.117,2066.8674,2237.8026171905076,2182.230776736283,2078.449576143885
2023-12-18,2218.80,2197.01,2223.30,2123.06,388.26,0.99,2197.04,2177.44,2165.5696666666668,2234.947142857143,2256.278,2228.6335,2075.3442,2234.8791376227373,2184.939608089151,2083.9535143343214
2023-12-19,2177.44,2218.82,2254.75,2137.80,400.94,-1.86,2218.80,2202.19,2171.1173333333336,2231.2257142857143,2239.967,2236.056,2082.712,2226.042347219239,2184.3840815640287,2087.6196510270934
2023-12-20,2202.19,2177.45,2263.30,2161.76,440.35,1.14,2177.44,2239.62,2177.1406666666667,2222.941428571429,2224.96,2243.5875,2090.4532,2222.3727553393564,2185.703038485212,2092.112605888776
2023-12-21,2239.62,2202.19,2277.72,2183.35,471.46,1.7,2202.19,2324.23,2187.307333333333,2212.0814285714287,2226.388,2251.2079999999996,2098.3136,2225.02617759484,2189.6968874863073,2097.8972095794124
2023-12-22,2324.23,2239.62,2341.52,2232.83,620.73,3.78,2239.62,2308.61,2196.0133333333333,2226.912857142857,2238.4620000000004,2259.18,2108.7928,2240.288304118711,2199.6623032280622,2106.7730052821807
2023-12-23,2308.61,2324.24,2330.07,2267.39,266.30,-0.67,2324.23,2263.57,2204.2363333333333,2238.2757142857145,2243.305,2264.971,2118.3192,2250.799334254294,2207.7325029889466,2114.688181545625
2023-12-24,2263.57,2308.60,2325.08,2247.73,319.33,-1.95,2308.61,2271.38,2210.334666666667,2247.7799999999997,2238.0980000000004,2265.9725000000003,2126.4762,2252.764052061326,2211.8686138786543,2120.5266842301103
2023-12-25,2271.38,2263.57,2303.28,2253.25,298.17,0.35,2263.57,2230.74,2216.611,2255.2914285714287,2243.195,2264.8745,2134.0566,2255.6280440518913,2216.2768647024577,2126.442500534812
2023-12-26,2230.74,2271.38,2274.71,2184.60,429.50,-1.79,2271.38,2378.63,2222.214333333334,2262.905714285714,2243.362,2264.7390000000005,2140.6518,2251.799114197754,2217.348208057831,2130.532598553055
2023-12-27,2378.63,2230.76,2391.53,2213.78,577.27,6.63,2230.74,2344.47,2233.9183333333335,2288.1114285714284,2261.5209999999997,2265.8805,2150.505,2271.3115581673305,2229.295007460955,2140.2619084137195
2023-12-28,2344.47,2378.63,2443.59,2338.46,626.91,-1.44,2378.63,2299.24,2243.7850000000003,2303.09,2274.088,2265.183,2159.6086,2282.566703064664,2237.826488389773,2148.2700688680834
2023-12-29,2299.24,2344.48,2385.26,2265.63,475.37,-1.93,2344.47,2291.70,2252.7933333333335,2299.52,2286.268,2263.1175,2163.1902,2285.1318256701006,2242.375637397938,2154.1904583242367
2023-12-30,2291.70,2299.24,2322.76,2269.23,219.92,-0.33,2299.24,2299.63,2260.7980000000002,2297.1042857142857,2295.219,2260.0894999999996,2167.4686,2286.1423140285465,2246.0292938869798,2159.5829893703453
