,time,close_ETH,high,low,open,close_BTC
0,1704211200,2369.35,2370.92,2352.19,2359.5,45392.83
1,1704214800,2358.25,2369.44,2353.14,2369.35,44998.78
2,1704218400,2366.75,2370.49,2356.67,2358.25,45172.28
3,1704222000,2369.83,2373.59,2356.58,2366.75,45060.88
4,1704225600,2360.64,2380.77,2359.83,2369.83,44806.2
5,1704229200,2366.76,2366.76,2343.68,2360.64,45125.59
6,1704232800,2360.17,2373.44,2358.57,2366.76,45007.63
7,1704236400,2356.28,2363.71,2352.13,2360.17,44970.34
8,1704240000,2362.1,2367.55,2348.11,2356.28,45153.63
9,1704243600,2374.02,2375.78,2360.88,2362.1,45337.51
10,1704247200,2369.77,2385.27,2368.33,2374.02,45297.24
11,1704250800,2369.52,2371.27,2365.18,2369.77,45286.9
12,1704254400,2371.13,2374.94,2364.21,2369.52,45204.76
13,1704258000,2377.62,2379.88,2368.84,2371.13,45190.67
14,1704261600,2375.96,2381.46,2374.21,2377.62,45346.9
15,1704265200,2362.54,2380.79,2357.99,2375.96,45032.57
16,1704268800,2371.18,2372.04,2362.09,2362.54,45215.73
17,1704272400,2376.63,2385.23,2370.88,2371.18,45359.63
18,1704276000,2365.35,2381.29,2362.04,2376.63,45166.51
19,1704279600,2308.61,2366.31,2295.16,2365.35,43736.51
20,1704283200,2249.84,2308.83,2092.33,2308.61,42812.41
21,1704286800,2225.93,2249.98,2210.88,2249.84,42564.9
22,1704290400,2195.85,2226.11,2194.28,2225.93,42215.75
23,1704294000,2241.35,2241.89,2193.16,2195.85,43016.98
24,1704297600,2232.53,2245.94,2224.76,2241.35,43035.4
25,1704301200,2224.7,2235.2,2214.19,2232.53,42937.55
26,1704304800,2199.76,2229.27,2191.21,2224.7,42268.92
27,1704308400,2207.51,2229.2,2198.53,2199.76,42619.54
28,1704312000,2219.09,2224.44,2206.57,2207.51,42735.92
29,1704315600,2227.08,2228.7,2213.63,2219.09,42935.82
30,1704319200,2206.5,2227.45,2201.66,2227.08,42769.04
31,1704322800,2210.57,2211.41,2197.59,2206.5,42854.08
32,1704326400,2212.02,2220.56,2207.84,2210.57,42901.0
33,1704330000,2207.32,2214.93,2203.62,2212.02,42734.7
34,1704333600,2232.89,2233.87,2206.26,2207.32,43174.15
35,1704337200,2232.62,2240.67,2227.24,2232.89,43129.99
36,1704340800,2239.55,2241.04,2229.76,2232.62,43182.9
37,1704344400,2238.11,2245.4,2235.03,2239.55,43219.45
38,1704348000,2240.45,2246.36,2236.91,2238.11,43187.92
39,1704351600,2223.73,2243.13,2223.04,2240.45,42811.18
40,1704355200,2217.78,2227.76,2213.52,2223.73,42889.61
41,1704358800,2225.31,2230.85,2216.79,2217.78,43054.83
42,1704362400,2224.51,2227.81,2207.49,2225.31,43121.13
43,1704366000,2230.35,2232.62,2217.92,2224.51,43212.61
44,1704369600,2238.35,2243.16,2225.14,2230.35,43422.16
45,1704373200,2240.4,2249.09,2234.32,2238.35,43396.3
46,1704376800,2274.69,2275.56,2232.61,2240.4,43707.0
47,1704380400,2278.81,2286.63,2263.77,2274.69,44101.02
48,1704384000,2271.69,2282.9,2260.99,2278.81,43961.43
49,1704387600,2278.01,2291.56,2269.52,2271.69,44055.98
50,1704391200,2276.19,2282.54,2271.03,2278.01,44098.36
51,1704394800,2277.48,2296.56,2274.13,2276.19,44012.97
52,1704398400,2276.37,2296.81,2275.67,2277.48,44172.07
53,1704402000,2275.65,2291.06,2271.93,2276.37,44482.99
54,1704405600,2272.5,2289.85,2265.5,2275.65,44363.04
55,1704409200,2269.47,2278.16,2268.78,2272.5,44194.38
56,1704412800,2270.17,2277.1,2262.92,2269.47,44267.02
57,1704416400,2240.35,2273.09,2216.2,2270.17,43438.64
58,1704420000,2242.75,2253.33,2234.04,2240.35,43555.96
59,1704423600,2244.38,2252.01,2241.15,2242.75,43510.28
60,1704427200,2245.91,2249.74,2236.54,2244.38,43624.91
61,1704430800,2248.2,2249.81,2243.35,2245.91,43679.22
62,1704434400,2257.01,2259.04,2242.16,2248.2,43877.15
63,1704438000,2254.62,2266.86,2254.52,2257.01,43819.41
64,1704441600,2254.27,2260.51,2252.28,2254.62,43939.0
65,1704445200,2266.34,2270.4,2254.1,2254.27,44183.67
66,1704448800,2241.76,2267.28,2235.65,2266.34,43660.54
67,1704452400,2243.65,2251.23,2240.69,2241.76,43795.84
68,1704456000,2243.57,2254.99,2236.82,2243.65,43918.19
69,1704459600,2249.0,2253.36,2239.65,2243.57,44021.88
70,1704463200,2228.46,2254.05,2222.31,2249.0,43513.05
71,1704466800,2226.15,2243.66,2220.18,2228.46,43524.62
72,1704470400,2213.24,2234.82,2212.23,2226.15,43257.83
73,1704474000,2233.69,2234.49,2208.01,2213.24,43644.29
74,1704477600,2235.33,2239.42,2226.0,2233.69,43643.41
75,1704481200,2235.75,2242.0,2231.57,2235.33,43627.1
76,1704484800,2250.06,2260.2,2235.69,2235.75,43990.97
77,1704488400,2247.9,2250.29,2236.05,2250.06,43967.52
78,1704492000,2249.36,2250.78,2240.32,2247.9,44020.17
79,1704495600,2270.21,2277.99,2249.36,2249.36,44178.89
80,1704499200,2264.75,2271.59,2259.83,2270.21,44111.44
81,1704502800,2257.08,2265.25,2255.35,2264.75,44003.38
82,1704506400,2257.17,2259.95,2253.24,2257.08,43952.3
83,1704510000,2255.47,2258.22,2252.69,2257.17,43977.93
84,1704513600,2249.03,2257.55,2248.02,2255.47,43889.38
85,1704517200,2236.96,2251.42,2231.68,2249.03,43733.52
86,1704520800,2221.35,2237.6,2218.09,2236.96,43503.43
87,1704524400,2234.73,2234.85,2218.54,2221.35,43696.74
88,1704528000,2239.26,2239.39,2230.59,2234.73,43735.93
89,1704531600,2236.04,2240.92,2235.27,2239.26,43683.76
90,1704535200,2237.44,2240.61,2231.35,2236.04,43727.06
91,1704538800,2239.97,2240.34,2232.84,2237.44,43702.18
92,1704542400,2233.71,2243.1,2229.98,2239.97,43634.73
93,1704546000,2238.37,2240.05,2230.15,2233.71,43735.62
94,1704549600,2242.31,2249.13,2237.66,2238.37,43847.8
95,1704553200,2247.86,2249.36,2239.49,2242.31,43900.55
96,1704556800,2247.09,2250.94,2244.86,2247.86,43900.71
97,1704560400,2250.42,2253.95,2244.46,2247.09,43998.35
98,1704564000,2248.61,2255.88,2246.63,2250.42,44027.98
99,1704567600,2245.99,2249.41,2239.55,2248.61,43938.42
100,1704571200,2243.27,2248.87,2237.83,2245.99,43856.84
101,1704574800,2241.68,2244.05,2237.34,2243.27,43922.76
102,1704578400,2238.93,2242.39,2232.57,2241.68,43908.5
103,1704582000,2241.73,2241.85,2232.21,2238.93,43988.33
104,1704585600,2251.01,2255.55,2239.54,2241.73,44147.87
105,1704589200,2242.62,2255.12,2242.62,2251.01,43998.47
106,1704592800,2241.64,2250.06,2236.94,2242.62,43961.86
107,1704596400,2243.57,2247.6,2241.6,2241.64,43973.23
108,1704600000,2249.81,2249.94,2243.55,2243.57,44025.59
109,1704603600,2244.35,2251.65,2242.7,2249.81,43912.68
110,1704607200,2250.71,2252.05,2242.48,2244.35,44052.47
111,1704610800,2250.36,2252.55,2247.55,2250.71,44110.94
112,1704614400,2241.1,2254.01,2240.22,2250.36,44044.02
113,1704618000,2234.69,2243.32,2231.87,2241.1,43965.03
114,1704621600,2238.63,2241.07,2234.34,2234.69,43986.9
115,1704625200,2238.62,2244.01,2235.43,2238.63,44087.57
116,1704628800,2239.19,2242.67,2233.02,2238.62,44120.23
117,1704632400,2253.06,2258.2,2238.68,2239.19,44423.13
118,1704636000,2250.43,2256.0,2244.95,2253.06,44423.14
119,1704639600,2232.14,2250.92,2223.95,2250.43,44082.34
120,1704643200,2227.98,2236.88,2223.17,2232.14,43953.8
121,1704646800,2240.49,2243.85,2222.67,2227.98,44087.15
122,1704650400,2246.34,2249.6,2238.06,2240.49,44132.84
123,1704654000,2249.95,2251.07,2243.08,2246.34,44267.77
124,1704657600,2240.79,2252.48,2240.74,2249.95,44149.96
125,1704661200,2241.17,2245.76,2236.33,2240.79,44259.3
126,1704664800,2217.71,2241.17,2210.17,2241.17,43893.07
127,1704668400,2222.73,2226.37,2207.13,2217.71,43950.84
128,1704672000,2195.91,2225.41,2191.27,2222.73,43657.14
129,1704675600,2205.44,2210.97,2194.28,2195.91,43742.55
130,1704679200,2184.96,2209.24,2173.82,2205.44,43388.3
131,1704682800,2191.82,2193.27,2168.41,2184.96,43544.12
132,1704686400,2197.39,2199.48,2189.08,2191.82,43620.12
133,1704690000,2197.35,2198.62,2190.18,2197.39,43657.39
134,1704693600,2214.01,2224.38,2195.53,2197.35,43926.07
135,1704697200,2225.05,2230.39,2213.33,2214.01,43993.5
136,1704700800,2223.2,2235.09,2222.11,2225.05,43891.9
137,1704704400,2212.22,2226.05,2206.11,2223.2,43743.92
138,1704708000,2227.4,2230.28,2209.44,2212.22,44107.03
139,1704711600,2241.16,2242.02,2221.41,2227.4,44654.22
140,1704715200,2266.88,2270.66,2240.91,2241.16,45150.57
141,1704718800,2267.8,2276.95,2261.24,2266.88,44953.4
142,1704722400,2263.19,2274.38,2258.23,2267.8,44829.38
143,1704726000,2271.33,2283.84,2258.36,2263.19,44996.26
144,1704729600,2265.07,2283.31,2261.74,2271.33,44982.01
145,1704733200,2309.24,2309.29,2263.27,2265.07,45711.3
146,1704736800,2338.22,2341.45,2308.11,2309.24,47012.9
147,1704740400,2356.68,2360.37,2326.37,2338.22,47030.12
148,1704744000,2338.32,2359.66,2336.77,2356.68,46811.36
149,1704747600,2339.33,2349.03,2335.22,2338.32,47111.62
150,1704751200,2339.35,2344.35,2335.17,2339.33,47040.38
151,1704754800,2332.66,2339.5,2328.19,2339.35,46988.14
152,1704758400,2308.58,2338.59,2292.04,2332.66,46702.86
153,1704762000,2310.73,2316.66,2298.55,2308.58,46580.48
154,1704765600,2313.8,2317.81,2307.46,2310.73,46810.36
155,1704769200,2311.04,2315.96,2308.83,2313.8,46968.83
156,1704772800,2316.58,2318.74,2302.09,2311.04,46834.59
157,1704776400,2309.77,2319.49,2302.96,2316.58,46744.88
158,1704780000,2303.44,2310.21,2298.96,2309.77,46815.83
159,1704783600,2307.53,2310.8,2300.03,2303.44,46851.47
160,1704787200,2292.62,2312.35,2291.67,2307.53,46570.8
161,1704790800,2292.62,2297.87,2286.49,2292.62,46510.8
162,1704794400,2293.73,2302.75,2290.36,2292.62,46466.58
163,1704798000,2300.09,2304.03,2290.49,2293.73,46648.78
164,1704801600,2265.66,2305.06,2231.3,2300.09,46209.55
165,1704805200,2276.01,2284.1,2262.11,2265.66,46862.39
166,1704808800,2248.3,2283.56,2243.41,2276.01,46584.07
167,1704812400,2257.72,2268.56,2242.79,2248.3,46876.5
168,1704816000,2264.92,2266.21,2244.33,2257.72,46922.67
169,1704819600,2265.0,2270.94,2257.07,2264.92,46743.69
170,1704823200,2276.46,2278.31,2260.51,2265.0,46656.74
171,1704826800,2271.11,2278.36,2259.34,2276.46,46890.85
172,1704830400,2251.21,2273.94,2248.44,2271.11,46659.23
173,1704834000,2317.79,2373.21,2249.91,2251.21,45437.91
174,1704837600,2342.24,2371.77,2317.18,2317.79,46269.75
175,1704841200,2344.97,2346.79,2318.91,2342.24,46123.0
176,1704844800,2398.74,2399.74,2341.51,2344.97,45852.6
177,1704848400,2377.34,2400.75,2366.91,2398.74,45934.48
178,1704852000,2347.92,2377.89,2346.11,2377.34,45983.88
179,1704855600,2362.3,2368.97,2345.04,2347.92,46131.93
180,1704859200,2381.25,2389.02,2358.64,2362.3,45984.08
181,1704862800,2387.12,2393.55,2372.94,2381.25,45984.56
182,1704866400,2381.47,2388.57,2373.67,2387.12,46024.49
183,1704870000,2369.64,2386.42,2367.07,2381.47,45782.58
184,1704873600,2366.21,2383.69,2364.22,2369.64,45352.76
185,1704877200,2425.82,2430.39,2366.09,2366.21,45673.28
186,1704880800,2401.62,2427.26,2401.23,2425.82,45561.56
187,1704884400,2403.1,2410.0,2384.66,2401.62,45525.51
188,1704888000,2360.97,2418.16,2345.71,2403.1,44694.51
189,1704891600,2378.85,2391.19,2352.11,2360.97,45130.72
190,1704895200,2386.83,2395.46,2370.74,2378.85,44876.85
191,1704898800,2450.11,2457.41,2384.17,2386.83,45561.39
192,1704902400,2408.23,2458.91,2407.19,2450.11,45318.26
193,1704906000,2437.55,2445.3,2402.43,2408.23,46400.42
194,1704909600,2435.95,2442.98,2416.26,2437.55,46551.71
195,1704913200,2479.34,2482.73,2427.46,2435.95,46510.91
196,1704916800,2485.62,2489.01,2416.26,2479.34,46163.04
197,1704920400,2528.18,2533.69,2474.16,2485.62,45951.49
198,1704924000,2548.28,2555.9,2510.95,2528.18,46921.77
199,1704927600,2584.69,2643.46,2544.78,2548.28,46667.48
200,1704931200,2606.75,2608.34,2569.56,2584.69,46697.37
201,1704934800,2569.12,2607.72,2567.23,2606.75,46525.65
202,1704938400,2581.61,2586.87,2567.44,2569.12,46573.56
203,1704942000,2613.72,2614.32,2572.77,2581.61,46507.16
204,1704945600,2616.18,2630.27,2606.33,2613.72,46425.51
205,1704949200,2597.4,2616.54,2585.23,2616.18,46087.72
206,1704952800,2577.89,2598.85,2573.81,2597.4,45918.98
207,1704956400,2589.46,2591.8,2576.79,2577.89,46101.2
208,1704960000,2615.62,2616.43,2587.25,2589.46,46282.2
209,1704963600,2609.02,2620.03,2605.01,2615.62,46232.56
210,1704967200,2637.21,2649.53,2607.52,2609.02,46863.84
211,1704970800,2658.59,2665.1,2628.48,2637.21,47070.67
212,1704974400,2648.31,2662.09,2637.44,2658.59,47468.87
213,1704978000,2636.76,2657.69,2625.65,2648.31,47348.77
214,1704981600,2683.27,2688.39,2618.53,2636.76,48628.52
215,1704985200,2613.19,2690.17,2597.55,2683.27,46716.91
216,1704988800,2586.66,2624.69,2568.58,2613.19,45956.77
217,1704992400,2600.6,2613.07,2572.95,2586.66,46477.06
218,1704996000,2612.46,2617.08,2588.96,2600.6,46606.98
219,1704999600,2621.94,2622.29,2598.1,2612.46,46695.66
220,1705003200,2594.45,2632.54,2589.0,2621.94,46278.78
221,1705006800,2603.94,2620.9,2593.24,2594.45,46152.33
222,1705010400,2615.37,2615.99,2596.74,2603.94,46404.56
223,1705014000,2618.71,2624.46,2610.99,2615.37,46353.15
224,1705017600,2600.82,2624.12,2594.44,2618.71,46297.17
225,1705021200,2593.39,2603.96,2581.46,2600.82,46145.4
226,1705024800,2607.66,2615.18,2591.53,2593.39,46140.16
227,1705028400,2590.42,2607.97,2588.35,2607.66,46003.34
228,1705032000,2593.76,2605.04,2586.44,2590.42,45960.33
229,1705035600,2608.46,2609.65,2590.52,2593.76,46194.13
230,1705039200,2617.78,2625.18,2607.53,2608.46,46110.55
231,1705042800,2596.32,2621.28,2592.82,2617.78,46026.74
232,1705046400,2602.41,2604.08,2584.74,2596.32,45875.87
233,1705050000,2614.54,2617.9,2585.84,2602.41,45927.72
234,1705053600,2620.88,2622.58,2611.46,2614.54,46068.89
235,1705057200,2647.83,2666.91,2619.62,2620.88,45950.97
236,1705060800,2650.57,2680.06,2635.3,2647.83,45861.02
237,1705064400,2673.69,2690.59,2645.64,2650.57,45777.97
238,1705068000,2706.6,2712.4,2663.35,2673.69,45445.3
239,1705071600,2646.13,2717.2,2636.74,2706.6,44386.39
240,1705075200,2618.94,2687.13,2601.45,2646.13,43545.1
241,1705078800,2599.46,2630.14,2560.22,2618.94,43691.89
242,1705082400,2593.44,2608.18,2577.38,2599.46,43424.18
243,1705086000,2581.29,2610.46,2579.86,2593.44,43427.26
244,1705089600,2568.55,2596.8,2565.82,2581.29,43648.17
245,1705093200,2524.58,2575.13,2501.02,2568.55,43426.13
246,1705096800,2497.33,2526.53,2455.87,2524.58,42485.78
247,1705100400,2522.11,2529.48,2495.81,2497.33,42776.42
248,1705104000,2517.2,2536.43,2516.74,2522.11,42789.61
249,1705107600,2524.76,2527.09,2497.1,2517.2,42655.05
250,1705111200,2545.51,2552.87,2519.3,2524.76,42525.15
251,1705114800,2547.67,2555.88,2537.19,2545.51,42601.46
252,1705118400,2546.63,2548.26,2538.9,2547.67,42826.68
253,1705122000,2552.78,2554.28,2539.89,2546.63,43086.75
254,1705125600,2551.21,2552.84,2542.45,2552.78,43140.67
255,1705129200,2550.58,2560.41,2547.7,2551.21,43094.65
256,1705132800,2555.46,2559.77,2549.43,2550.58,43171.79
257,1705136400,2541.0,2556.95,2538.45,2555.46,42919.78
258,1705140000,2531.08,2541.83,2521.26,2541.0,42696.0
259,1705143600,2542.11,2544.48,2529.05,2531.08,42610.56
260,1705147200,2542.97,2550.66,2535.68,2542.11,42680.9
261,1705150800,2541.34,2549.87,2537.34,2542.97,42727.74
262,1705154400,2538.92,2544.56,2531.35,2541.34,42846.17
263,1705158000,2563.31,2565.03,2538.6,2538.92,43144.9
264,1705161600,2556.58,2571.11,2552.24,2563.31,42883.4
265,1705165200,2555.83,2565.83,2549.84,2556.58,42890.3
266,1705168800,2559.96,2572.33,2551.67,2555.83,42791.1
267,1705172400,2570.99,2579.04,2559.3,2559.96,42776.95
268,1705176000,2567.99,2580.1,2565.71,2570.99,42861.46
269,1705179600,2572.83,2573.84,2562.82,2567.99,42958.56
270,1705183200,2577.41,2577.53,2566.14,2572.83,42975.36
271,1705186800,2577.89,2589.5,2573.14,2577.41,42839.19
272,1705190400,2563.88,2578.65,2560.73,2577.89,42684.43
273,1705194000,2569.01,2573.86,2562.04,2563.88,42770.77
274,1705197600,2559.99,2570.54,2554.96,2569.01,42765.73
275,1705201200,2550.27,2563.71,2549.33,2559.99,42671.19
276,1705204800,2543.0,2554.91,2541.46,2550.27,42573.02
277,1705208400,2551.61,2554.49,2542.29,2543.0,42740.9
278,1705212000,2551.93,2554.95,2547.26,2551.61,42980.09
279,1705215600,2549.95,2553.37,2543.66,2551.93,42998.53
280,1705219200,2552.14,2552.43,2544.27,2549.95,42982.92
281,1705222800,2553.1,2553.1,2539.29,2552.14,43042.96
282,1705226400,2540.94,2553.21,2538.73,2553.1,42875.12
283,1705230000,2536.66,2546.33,2534.18,2540.94,42814.08
284,1705233600,2536.32,2545.88,2533.21,2536.66,42747.32
285,1705237200,2532.77,2537.42,2523.8,2536.32,42879.38
286,1705240800,2540.26,2542.06,2530.69,2532.77,42810.22
287,1705244400,2537.17,2544.3,2534.39,2540.26,42896.17
288,1705248000,2526.35,2543.31,2520.57,2537.17,42914.87
289,1705251600,2530.0,2537.37,2523.35,2526.35,42958.87
290,1705255200,2530.46,2536.66,2521.78,2530.0,42886.93
291,1705258800,2499.86,2531.77,2498.75,2530.46,42638.27
292,1705262400,2507.87,2517.53,2480.79,2499.86,42490.45
293,1705266000,2525.51,2525.78,2497.32,2507.87,42517.12
294,1705269600,2507.83,2529.61,2502.78,2525.51,42249.42
295,1705273200,2470.94,2509.72,2468.6,2507.83,41704.39
296,1705276800,2494.25,2500.5,2469.25,2470.94,42253.46
297,1705280400,2504.72,2510.95,2486.7,2494.25,42257.4
298,1705284000,2504.2,2505.31,2493.24,2504.72,42380.44
299,1705287600,2502.44,2512.56,2501.64,2504.2,42546.54
300,1705291200,2509.08,2511.38,2502.33,2502.44,42584.91
301,1705294800,2517.51,2518.06,2508.77,2509.08,42727.21
302,1705298400,2511.8,2520.07,2509.99,2517.51,42638.32
303,1705302000,2511.91,2515.13,2502.86,2511.8,42694.39
304,1705305600,2511.12,2516.39,2506.01,2511.91,42648.18
305,1705309200,2526.75,2531.24,2508.09,2511.12,42718.53
306,1705312800,2533.17,2539.41,2524.64,2526.75,42537.8
307,1705316400,2537.98,2541.11,2530.28,2533.17,42677.35
308,1705320000,2539.56,2546.35,2532.85,2537.98,42641.4
309,1705323600,2537.94,2547.83,2533.7,2539.56,42834.82
310,1705327200,2506.88,2538.69,2504.79,2537.94,42175.59
311,1705330800,2513.21,2522.93,2506.88,2506.88,42251.87
312,1705334400,2522.34,2525.57,2512.75,2513.21,42501.81
313,1705338000,2530.94,2535.12,2522.27,2522.34,42676.86
314,1705341600,2537.97,2551.4,2530.9,2530.94,42976.84
315,1705345200,2532.79,2544.08,2529.43,2537.97,42952.72
316,1705348800,2528.62,2537.36,2523.8,2532.79,42920.42
317,1705352400,2519.98,2528.64,2519.66,2528.62,42691.55
318,1705356000,2511.52,2523.06,2498.43,2519.98,42586.26
319,1705359600,2510.12,2517.61,2509.02,2511.52,42491.26
320,1705363200,2507.02,2514.29,2504.67,2510.12,42571.01
321,1705366800,2511.75,2520.03,2503.23,2507.02,42548.04
322,1705370400,2515.48,2526.48,2510.48,2511.75,42671.72
323,1705374000,2535.14,2535.74,2514.48,2515.48,42886.55
324,1705377600,2528.03,2536.67,2525.4,2535.14,42751.37
325,1705381200,2528.68,2539.1,2525.49,2528.03,42732.82
326,1705384800,2532.16,2534.47,2523.78,2528.68,42701.45
327,1705388400,2525.2,2534.11,2519.69,2532.16,42741.99
328,1705392000,2541.33,2542.34,2520.69,2525.2,42971.58
329,1705395600,2539.75,2546.55,2535.36,2541.33,42891.14
330,1705399200,2530.97,2540.8,2527.17,2539.75,42832.24
331,1705402800,2528.24,2534.86,2520.0,2530.97,42859.33
332,1705406400,2544.76,2545.52,2526.7,2528.24,43120.5
333,1705410000,2523.86,2545.56,2522.57,2544.76,42772.96
334,1705413600,2532.78,2535.8,2498.62,2523.86,42668.19
335,1705417200,2558.0,2568.81,2523.98,2532.78,43236.46
336,1705420800,2574.84,2577.96,2547.69,2558.0,43240.23
337,1705424400,2563.35,2578.1,2561.34,2574.84,43041.48
338,1705428000,2558.83,2568.41,2554.08,2563.35,43014.07
339,1705431600,2573.4,2575.26,2555.14,2558.83,43150.0
340,1705435200,2586.07,2588.31,2571.35,2573.4,43178.69
341,1705438800,2606.8,2613.41,2584.37,2586.07,43426.24
342,1705442400,2593.32,2610.83,2593.16,2606.8,43205.04
343,1705446000,2586.91,2604.05,2585.11,2593.32,43130.88
344,1705449600,2588.34,2591.49,2579.88,2586.91,43082.63
345,1705453200,2578.2,2592.23,2577.11,2588.34,42960.5
346,1705456800,2576.28,2580.62,2572.68,2578.2,42980.79
347,1705460400,2570.7,2577.79,2570.42,2576.28,42833.59
348,1705464000,2567.46,2574.57,2561.2,2570.7,42829.67
349,1705467600,2561.54,2571.84,2560.32,2567.46,42761.01
350,1705471200,2561.82,2568.92,2560.38,2561.54,42792.65
351,1705474800,2551.31,2564.56,2550.79,2561.82,42630.11
352,1705478400,2545.11,2552.56,2535.33,2551.31,42700.19
353,1705482000,2542.63,2550.21,2541.42,2545.11,42650.99
354,1705485600,2550.91,2550.91,2538.71,2542.63,42818.43
355,1705489200,2540.89,2551.67,2539.35,2550.91,42652.25
356,1705492800,2550.25,2550.88,2531.66,2540.89,42745.22
357,1705496400,2541.88,2550.88,2539.92,2550.25,42580.89
358,1705500000,2547.86,2572.2,2536.77,2541.88,42548.83
359,1705503600,2537.85,2561.6,2534.66,2547.86,42455.3
360,1705507200,2532.32,2542.91,2521.02,2537.85,42317.69
361,1705510800,2527.51,2534.65,2520.95,2532.32,42337.88
362,1705514400,2530.07,2531.34,2515.91,2527.51,42568.67
363,1705518000,2531.76,2537.33,2527.11,2530.07,42574.21
364,1705521600,2538.25,2541.34,2529.01,2531.76,42667.71
365,1705525200,2524.33,2542.57,2521.93,2538.25,42637.25
366,1705528800,2525.71,2528.65,2505.29,2524.33,42676.84
367,1705532400,2528.09,2529.53,2519.14,2525.71,42739.27
368,1705536000,2527.91,2529.69,2522.52,2528.09,42629.83
369,1705539600,2520.64,2531.3,2508.34,2527.91,42552.13
370,1705543200,2526.0,2529.72,2520.1,2520.64,42617.39
371,1705546800,2526.89,2529.46,2523.32,2526.0,42543.79
372,1705550400,2527.66,2536.51,2524.95,2526.89,42625.69
373,1705554000,2527.22,2528.76,2523.17,2527.66,42729.42
374,1705557600,2530.36,2532.99,2525.32,2527.22,42753.43
375,1705561200,2535.71,2535.87,2529.14,2530.36,42863.93
376,1705564800,2534.68,2539.54,2533.14,2535.71,42691.94
377,1705568400,2536.73,2546.7,2532.85,2534.68,42694.83
378,1705572000,2513.93,2538.12,2512.27,2536.73,42403.47
379,1705575600,2519.88,2521.16,2512.59,2513.93,42496.8
380,1705579200,2510.29,2520.24,2503.18,2519.88,42391.42
381,1705582800,2513.24,2520.02,2501.15,2510.29,42467.56
382,1705586400,2530.91,2531.14,2511.44,2513.24,42694.78
383,1705590000,2523.15,2532.38,2521.65,2530.91,42580.12
384,1705593600,2484.42,2523.61,2477.52,2523.15,41887.64
385,1705597200,2477.84,2495.02,2464.04,2484.42,41761.32
386,1705600800,2460.18,2481.38,2453.64,2477.84,41453.69
387,1705604400,2436.24,2471.75,2426.8,2460.18,40980.49
388,1705608000,2442.15,2458.1,2424.13,2436.24,40704.33
389,1705611600,2453.77,2461.01,2438.43,2442.15,41070.32
390,1705615200,2468.07,2469.95,2452.03,2453.77,41316.74
391,1705618800,2468.6,2468.83,2462.95,2468.07,41286.68
392,1705622400,2465.56,2471.94,2460.03,2468.6,41254.95
393,1705626000,2460.79,2466.31,2454.99,2465.56,41230.25
394,1705629600,2450.09,2462.44,2448.68,2460.79,41073.79
395,1705633200,2457.4,2459.56,2440.6,2450.09,41005.44
396,1705636800,2459.15,2462.86,2453.55,2457.4,41054.27
397,1705640400,2461.94,2465.45,2456.58,2459.15,41165.56
398,1705644000,2468.52,2470.56,2459.51,2461.94,41435.74
399,1705647600,2462.25,2471.74,2462.13,2468.52,41220.75
400,1705651200,2470.35,2473.68,2457.43,2462.25,41243.65
401,1705654800,2479.38,2479.96,2469.69,2470.35,41353.37
402,1705658400,2487.58,2491.97,2478.54,2479.38,41435.15
403,1705662000,2486.39,2490.16,2482.69,2487.58,41429.57
404,1705665600,2483.02,2486.84,2478.58,2486.39,41291.48
405,1705669200,2494.77,2494.77,2480.88,2483.02,41345.99
406,1705672800,2471.56,2497.35,2467.68,2494.77,40912.5
407,1705676400,2460.54,2478.8,2457.63,2471.56,40853.64
408,1705680000,2425.92,2465.01,2412.93,2460.54,40358.24
409,1705683600,2467.88,2468.35,2414.64,2425.92,41183.34
410,1705687200,2492.99,2500.93,2458.55,2467.88,41764.17
411,1705690800,2490.71,2494.82,2478.68,2492.99,41769.93
412,1705694400,2482.64,2501.85,2480.19,2490.71,41554.94
413,1705698000,2487.13,2490.63,2478.97,2482.64,41597.9
414,1705701600,2488.68,2491.56,2481.91,2487.13,41649.39
415,1705705200,2490.05,2495.54,2484.58,2488.68,41625.47
416,1705708800,2474.5,2490.05,2473.91,2490.05,41457.86
417,1705712400,2487.51,2488.73,2473.95,2474.5,41623.36
418,1705716000,2484.41,2487.73,2479.26,2487.51,41593.47
419,1705719600,2480.09,2484.9,2474.41,2484.41,41607.53
420,1705723200,2481.4,2483.22,2476.97,2480.09,41582.72
421,1705726800,2476.34,2482.79,2474.14,2481.4,41604.92
422,1705730400,2481.02,2482.26,2475.65,2476.34,41648.8
423,1705734000,2477.44,2485.11,2477.07,2481.02,41638.85
424,1705737600,2473.31,2479.04,2471.02,2477.44,41568.22
425,1705741200,2464.33,2475.91,2462.08,2473.31,41495.95
426,1705744800,2468.75,2472.85,2464.16,2464.33,41516.96
427,1705748400,2469.12,2470.72,2464.42,2468.75,41560.37
428,1705752000,2466.59,2474.55,2465.63,2469.12,41595.82
429,1705755600,2470.44,2472.71,2465.93,2466.59,41610.51
430,1705759200,2465.08,2471.14,2459.24,2470.44,41521.4
431,1705762800,2462.38,2472.19,2457.2,2465.08,41546.61
432,1705766400,2457.36,2466.04,2455.37,2462.38,41544.29
433,1705770000,2460.6,2462.59,2455.5,2457.36,41570.66
434,1705773600,2455.95,2460.8,2452.6,2460.6,41586.45
435,1705777200,2459.68,2461.94,2455.95,2455.95,41612.61
436,1705780800,2464.92,2470.53,2458.14,2459.68,41731.72
437,1705784400,2463.8,2470.67,2463.8,2464.92,41714.98
438,1705788000,2470.1,2471.75,2463.8,2463.8,41761.77
439,1705791600,2470.31,2472.88,2466.76,2470.1,41677.08
440,1705795200,2464.3,2470.44,2463.33,2470.31,41631.64
441,1705798800,2467.77,2471.2,2463.61,2464.3,41651.02
442,1705802400,2475.48,2475.58,2467.53,2467.77,41690.84
443,1705806000,2473.86,2479.56,2471.93,2475.48,41671.47
444,1705809600,2472.72,2474.39,2471.19,2473.86,41666.53
445,1705813200,2471.68,2474.25,2471.17,2472.72,41623.06
446,1705816800,2468.66,2473.54,2467.67,2471.68,41592.56
447,1705820400,2474.36,2474.36,2465.34,2468.66,41641.77
448,1705824000,2472.71,2477.92,2471.2,2474.36,41657.0
449,1705827600,2476.11,2476.32,2471.96,2472.71,41731.49
450,1705831200,2478.52,2480.59,2474.63,2476.11,41776.82
451,1705834800,2472.24,2479.77,2470.86,2478.52,41712.74
452,1705838400,2470.26,2473.61,2469.89,2472.24,41732.58
453,1705842000,2477.93,2479.08,2470.17,2470.26,41844.23
454,1705845600,2476.55,2479.59,2473.37,2477.93,41779.35
455,1705849200,2466.5,2479.06,2462.65,2476.55,41648.33
456,1705852800,2470.15,2472.41,2463.06,2466.5,41597.12
457,1705856400,2473.11,2475.11,2469.76,2470.15,41669.54
458,1705860000,2473.43,2477.16,2470.11,2473.11,41676.76
459,1705863600,2472.97,2473.93,2469.73,2473.43,41716.25
460,1705867200,2466.18,2474.01,2465.48,2472.97,41641.34
461,1705870800,2471.96,2472.57,2464.45,2466.18,41771.29
462,1705874400,2460.78,2472.26,2459.21,2471.96,41628.46
463,1705878000,2455.35,2462.61,2451.91,2460.78,41570.17
464,1705881600,2460.28,2462.66,2450.63,2455.35,41641.28
465,1705885200,2437.86,2464.27,2434.16,2460.28,41349.0
466,1705888800,2434.65,2444.46,2430.77,2437.86,41303.94
467,1705892400,2435.42,2437.82,2422.34,2434.65,41173.55
468,1705896000,2414.88,2436.47,2414.66,2435.42,40769.98
469,1705899600,2424.75,2428.92,2401.89,2414.88,41105.39
470,1705903200,2428.08,2433.4,2418.81,2424.75,41175.5
471,1705906800,2418.38,2428.45,2416.14,2428.08,41007.46
472,1705910400,2408.6,2418.41,2393.81,2418.38,40926.76
473,1705914000,2387.17,2413.74,2383.37,2408.6,40718.08
474,1705917600,2379.08,2390.49,2360.34,2387.17,40674.17
475,1705921200,2379.33,2388.38,2374.52,2379.08,40783.66
476,1705924800,2374.82,2381.61,2365.57,2379.33,40847.52
477,1705928400,2386.18,2402.03,2374.6,2374.82,40913.17
478,1705932000,2368.85,2389.31,2354.56,2386.18,40668.01
479,1705935600,2376.24,2382.14,2351.93,2368.85,40716.88
480,1705939200,2363.46,2381.96,2359.88,2376.24,40469.86
481,1705942800,2373.94,2379.25,2355.83,2363.46,40666.73
482,1705946400,2364.38,2378.77,2352.85,2373.94,40271.68
483,1705950000,2319.53,2374.14,2303.76,2364.38,39787.45
484,1705953600,2338.94,2349.34,2317.1,2319.53,40148.33
485,1705957200,2325.65,2338.94,2321.62,2338.94,39816.98
486,1705960800,2318.23,2333.17,2302.07,2325.65,39793.82
487,1705964400,2311.54,2324.8,2306.34,2318.23,39523.63
488,1705968000,2323.91,2327.64,2310.44,2311.54,39826.64
489,1705971600,2332.34,2333.93,2322.17,2323.91,39798.11
490,1705975200,2337.17,2337.42,2327.5,2332.34,40029.22
491,1705978800,2337.25,2340.79,2335.65,2337.17,39971.95
492,1705982400,2342.45,2349.2,2337.23,2337.25,40026.51
493,1705986000,2346.09,2348.11,2341.8,2342.45,40030.42
494,1705989600,2343.88,2348.49,2341.59,2346.09,39985.2
495,1705993200,2321.09,2345.53,2314.42,2343.88,39736.53
496,1705996800,2292.1,2324.42,2285.25,2321.09,39434.01
497,1706000400,2214.82,2294.89,2210.97,2292.1,38932.23
498,1706004000,2222.13,2238.41,2212.86,2214.82,38892.94
499,1706007600,2216.02,2232.38,2201.53,2222.13,38811.0
500,1706011200,2222.33,2224.34,2198.69,2216.02,39018.08
501,1706014800,2198.16,2222.86,2196.97,2222.33,38825.29
502,1706018400,2192.73,2198.17,2165.34,2198.16,38721.19
503,1706022000,2216.7,2228.89,2192.48,2192.73,39166.78
504,1706025600,2214.46,2218.37,2190.15,2216.7,39281.07
505,1706029200,2206.82,2229.27,2204.76,2214.46,39366.08
506,1706032800,2188.17,2222.61,2187.78,2206.82,39067.19
507,1706036400,2184.05,2194.22,2180.05,2188.17,39123.77
508,1706040000,2197.93,2201.65,2181.76,2184.05,39132.35
509,1706043600,2201.72,2203.83,2188.13,2197.93,39195.77
510,1706047200,2225.09,2228.45,2201.24,2201.72,39446.93
511,1706050800,2241.32,2245.93,2225.05,2225.09,39876.44
512,1706054400,2243.56,2253.68,2231.28,2241.32,40166.3
513,1706058000,2222.15,2243.8,2220.11,2243.56,39758.27
514,1706061600,2221.58,2231.41,2220.42,2222.15,39742.81
515,1706065200,2212.12,2223.98,2211.03,2221.58,39594.28
516,1706068800,2213.08,2219.96,2211.9,2212.12,39636.1
517,1706072400,2225.68,2227.93,2213.08,2213.08,39765.62
518,1706076000,2230.56,2231.54,2218.97,2225.68,39851.07
519,1706079600,2232.44,2242.81,2225.46,2230.56,39951.43
520,1706083200,2234.03,2238.56,2227.42,2232.44,39929.11
521,1706086800,2237.43,2244.29,2232.52,2234.03,40006.48
522,1706090400,2254.42,2262.69,2234.47,2237.43,40327.58
523,1706094000,2242.94,2255.35,2237.78,2254.42,40193.09
524,1706097600,2233.69,2246.76,2232.05,2242.94,40017.41
525,1706101200,2227.15,2237.48,2221.24,2233.69,39967.0
526,1706104800,2229.18,2243.71,2217.41,2227.15,39890.46
527,1706108400,2233.82,2239.05,2223.55,2229.18,40033.68
528,1706112000,2240.87,2243.32,2225.46,2233.82,40166.35
529,1706115600,2236.0,2241.47,2231.01,2240.87,40121.52
530,1706119200,2215.68,2236.36,2202.79,2236.0,39742.22
531,1706122800,2211.95,2220.61,2204.89,2215.68,39793.87
532,1706126400,2200.13,2224.35,2195.63,2211.95,39497.25
533,1706130000,2215.63,2215.78,2198.34,2200.13,39770.71
534,1706133600,2220.36,2222.64,2212.29,2215.63,39864.6
535,1706137200,2234.13,2238.75,2219.05,2220.36,40078.62
536,1706140800,2233.65,2238.46,2227.33,2234.13,40161.28
537,1706144400,2212.76,2234.09,2209.14,2233.65,39970.09
538,1706148000,2209.14,2218.09,2205.91,2212.76,39932.71
539,1706151600,2215.98,2219.73,2208.74,2209.14,40002.75
540,1706155200,2212.5,2217.62,2208.34,2215.98,39945.54
541,1706158800,2209.63,2212.51,2202.53,2212.5,39858.82
542,1706162400,2222.77,2224.65,2208.99,2209.63,40015.44
543,1706166000,2226.4,2226.48,2218.4,2222.77,40105.79
544,1706169600,2224.48,2231.44,2219.58,2226.4,40063.21
545,1706173200,2221.33,2229.74,2219.39,2224.48,40018.21
546,1706176800,2236.6,2238.46,2216.36,2221.33,40096.02
547,1706180400,2230.39,2241.03,2228.11,2236.6,40156.71
548,1706184000,2208.24,2232.73,2204.38,2230.39,39850.22
549,1706187600,2204.89,2210.27,2197.7,2208.24,39901.54
550,1706191200,2210.41,2214.77,2200.39,2204.89,39994.35
551,1706194800,2187.03,2212.13,2181.06,2210.41,39785.61
552,1706198400,2184.38,2193.18,2181.57,2187.03,39684.11
553,1706202000,2201.73,2201.95,2170.05,2184.38,39782.45
554,1706205600,2209.9,2221.24,2201.68,2201.73,39825.37
555,1706209200,2217.18,2222.84,2203.23,2209.9,39973.91
556,1706212800,2220.95,2222.1,2210.87,2217.18,39804.46
557,1706216400,2218.14,2229.22,2215.78,2220.95,39904.46
558,1706220000,2220.43,2222.27,2212.78,2218.14,39943.17
559,1706223600,2217.5,2223.26,2216.27,2220.43,39941.74
560,1706227200,2214.92,2217.78,2210.15,2217.5,39885.43
561,1706230800,2222.94,2225.62,2210.25,2214.92,39929.24
562,1706234400,2226.84,2236.23,2222.65,2222.94,40130.22
563,1706238000,2222.18,2229.58,2220.49,2226.84,40053.97
564,1706241600,2223.12,2227.87,2221.43,2222.18,40132.15
565,1706245200,2220.07,2224.28,2217.7,2223.12,40092.59
566,1706248800,2212.08,2222.79,2210.21,2220.07,39989.68
567,1706252400,2196.44,2213.33,2194.98,2212.08,39964.14
568,1706256000,2208.22,2214.27,2194.89,2196.44,40116.14
569,1706259600,2205.11,2222.75,2203.78,2208.22,40064.96
570,1706263200,2236.0,2238.5,2204.61,2205.11,40670.39
571,1706266800,2252.5,2258.72,2235.9,2236.0,41267.05
572,1706270400,2246.15,2263.23,2242.94,2252.5,41120.36
573,1706274000,2239.39,2250.07,2233.34,2246.15,41000.67
574,1706277600,2256.77,2256.77,2238.7,2239.39,41559.77
575,1706281200,2256.6,2258.63,2249.42,2256.77,41401.2
576,1706284800,2278.33,2281.01,2255.65,2256.6,41951.05
577,1706288400,2268.11,2280.99,2266.26,2278.33,41899.88
578,1706292000,2265.98,2275.43,2263.2,2268.11,42095.83
579,1706295600,2258.05,2266.19,2251.1,2265.98,42059.87
580,1706299200,2258.2,2261.8,2252.18,2258.05,41973.53
581,1706302800,2259.11,2260.0,2252.64,2258.2,41994.76
582,1706306400,2267.31,2271.29,2257.75,2259.11,41902.16
583,1706310000,2267.33,2269.98,2263.86,2267.31,41816.55
584,1706313600,2279.82,2280.01,2265.12,2267.33,41782.05
585,1706317200,2270.1,2282.56,2268.2,2279.82,41814.96
586,1706320800,2274.41,2275.16,2269.85,2270.1,41835.77
587,1706324400,2273.67,2276.57,2271.22,2274.41,41813.8
588,1706328000,2274.26,2275.84,2272.74,2273.67,41835.27
589,1706331600,2263.21,2274.35,2260.77,2274.26,41759.27
590,1706335200,2263.88,2266.77,2262.41,2263.21,41699.45
591,1706338800,2257.8,2266.09,2253.22,2263.88,41704.81
592,1706342400,2253.28,2259.82,2251.19,2257.8,41466.7
593,1706346000,2265.66,2267.36,2251.29,2253.28,41669.8
594,1706349600,2262.98,2270.7,2262.18,2265.66,41746.17
595,1706353200,2265.2,2270.11,2261.26,2262.98,41756.82
596,1706356800,2262.93,2269.88,2261.7,2265.2,41747.3
597,1706360400,2267.24,2268.2,2261.96,2262.93,41736.92
598,1706364000,2268.91,2274.59,2266.77,2267.24,41758.29
599,1706367600,2269.88,2273.74,2267.15,2268.91,41814.56
600,1706371200,2263.84,2273.25,2263.02,2269.88,41810.3
601,1706374800,2265.44,2267.23,2261.5,2263.84,41781.93
602,1706378400,2266.61,2270.81,2263.58,2265.44,41795.74
603,1706382000,2272.53,2277.31,2266.59,2266.61,41913.43
604,1706385600,2271.31,2275.36,2269.95,2272.53,42058.37
605,1706389200,2272.41,2274.49,2267.26,2271.31,42148.31
606,1706392800,2266.33,2273.05,2264.51,2272.41,42153.57
607,1706396400,2267.97,2268.51,2261.69,2266.33,42124.02
608,1706400000,2267.28,2268.46,2262.87,2267.97,41996.73
609,1706403600,2278.64,2288.23,2267.28,2267.28,42100.0
610,1706407200,2279.22,2283.67,2276.4,2278.64,42104.56
611,1706410800,2286.8,2288.2,2278.4,2279.22,42224.64
612,1706414400,2303.21,2304.22,2284.36,2286.8,42713.6
613,1706418000,2290.53,2307.73,2286.9,2303.21,42553.41
614,1706421600,2287.29,2291.33,2283.87,2290.53,42408.9
615,1706425200,2282.85,2293.06,2281.88,2287.29,42390.97
616,1706428800,2285.96,2290.66,2277.76,2282.85,42489.41
617,1706432400,2294.59,2301.05,2284.58,2285.96,42579.61
618,1706436000,2293.31,2295.63,2288.31,2294.59,42606.52
619,1706439600,2280.95,2294.08,2277.2,2293.31,42471.91
620,1706443200,2276.52,2282.22,2268.82,2280.95,42414.27
621,1706446800,2278.95,2281.19,2271.27,2276.52,42393.77
622,1706450400,2267.65,2285.67,2263.95,2278.95,42286.6
623,1706454000,2269.86,2274.86,2262.27,2267.65,42256.48
624,1706457600,2273.9,2275.56,2266.76,2269.86,42309.21
625,1706461200,2269.02,2274.09,2262.01,2273.9,42163.85
626,1706464800,2260.78,2270.09,2256.98,2269.02,41965.88
627,1706468400,2253.55,2265.74,2247.4,2260.78,41783.4
628,1706472000,2261.46,2262.77,2249.07,2253.55,41941.98
629,1706475600,2263.13,2265.66,2258.19,2261.46,41976.23
630,1706479200,2248.93,2263.6,2239.84,2263.13,41829.92
631,1706482800,2256.6,2259.3,2245.11,2248.93,42028.92
632,1706486400,2257.03,2261.38,2250.4,2256.6,41970.93
633,1706490000,2264.04,2273.55,2256.78,2257.03,42155.75
634,1706493600,2268.14,2270.69,2262.77,2264.04,42227.33
635,1706497200,2271.26,2277.36,2268.11,2268.14,42323.25
636,1706500800,2267.96,2273.63,2266.01,2271.26,42210.15
637,1706504400,2263.95,2269.58,2262.91,2267.96,42129.94
638,1706508000,2266.54,2269.51,2263.79,2263.95,42150.55
639,1706511600,2258.49,2270.46,2257.87,2266.54,42043.27
640,1706515200,2262.63,2263.88,2253.36,2258.49,42110.35
641,1706518800,2272.91,2272.91,2254.68,2262.63,42278.72
642,1706522400,2275.19,2276.19,2269.33,2272.91,42311.75
643,1706526000,2263.72,2275.76,2260.85,2275.19,42232.89
644,1706529600,2255.43,2268.7,2255.2,2263.72,42097.54
645,1706533200,2243.79,2255.94,2239.35,2255.43,41994.68
646,1706536800,2243.36,2251.46,2233.69,2243.79,41940.08
647,1706540400,2274.71,2274.8,2238.95,2243.36,42627.08
648,1706544000,2299.08,2301.6,2264.91,2274.71,43194.67
649,1706547600,2302.14,2313.44,2296.14,2299.08,42992.62
650,1706551200,2300.02,2312.24,2294.94,2302.14,43024.25
651,1706554800,2293.21,2304.7,2292.34,2300.02,42997.38
652,1706558400,2303.2,2304.61,2292.38,2293.21,43153.47
653,1706562000,2306.5,2311.8,2301.44,2303.2,43186.11
654,1706565600,2311.76,2322.48,2306.07,2306.5,43121.27
655,1706569200,2317.51,2317.96,2310.53,2311.76,43302.28
656,1706572800,2305.36,2318.22,2305.06,2317.51,43174.23
657,1706576400,2314.86,2324.88,2304.37,2305.36,43444.74
658,1706580000,2317.93,2327.73,2314.8,2314.86,43617.28
659,1706583600,2311.07,2319.85,2310.5,2317.93,43508.15
660,1706587200,2311.13,2313.98,2308.18,2311.07,43416.63
661,1706590800,2304.63,2312.75,2304.02,2311.13,43365.13
662,1706594400,2303.66,2308.62,2300.8,2304.63,43338.46
663,1706598000,2308.86,2313.44,2302.43,2303.66,43357.44
664,1706601600,2307.44,2312.07,2302.56,2308.86,43421.7
665,1706605200,2303.9,2308.16,2303.13,2307.44,43320.94
666,1706608800,2314.12,2315.37,2302.43,2303.9,43473.97
667,1706612400,2313.55,2317.09,2310.57,2314.12,43529.25
668,1706616000,2306.6,2331.51,2298.99,2313.55,43386.02
669,1706619600,2305.38,2313.08,2297.16,2306.6,43289.38
670,1706623200,2312.99,2315.24,2298.65,2305.38,43472.57
671,1706626800,2340.89,2346.73,2303.47,2312.99,43375.21
672,1706630400,2368.96,2369.23,2336.12,2340.89,43494.73
673,1706634000,2370.45,2380.72,2364.44,2368.96,43400.61
674,1706637600,2376.71,2380.41,2364.27,2370.45,43374.94
675,1706641200,2375.08,2378.14,2369.32,2376.71,43549.24
676,1706644800,2374.14,2384.82,2373.83,2375.08,43556.91
677,1706648400,2380.31,2391.57,2370.25,2374.14,43544.9
678,1706652000,2365.29,2381.67,2364.93,2380.31,43335.67
679,1706655600,2343.1,2367.7,2337.15,2365.29,42943.64
680,1706659200,2340.34,2351.47,2332.19,2343.1,42932.56
681,1706662800,2331.79,2346.22,2327.32,2340.34,42771.6
682,1706666400,2337.71,2338.36,2326.56,2331.79,42870.36
683,1706670000,2342.07,2343.23,2337.59,2337.71,42917.89
684,1706673600,2340.87,2343.72,2335.56,2342.07,42947.59
685,1706677200,2337.67,2342.97,2333.32,2340.87,42961.41
686,1706680800,2330.93,2340.33,2329.81,2337.67,42955.42
687,1706684400,2339.22,2340.35,2328.99,2330.93,43023.84
688,1706688000,2337.67,2341.53,2334.48,2339.22,42957.71
689,1706691600,2309.73,2337.87,2308.25,2337.67,42624.76
690,1706695200,2282.94,2312.39,2280.8,2309.73,42368.92
691,1706698800,2298.28,2298.79,2279.67,2282.94,42623.54
692,1706702400,2302.71,2305.57,2295.6,2298.28,42596.08
693,1706706000,2310.58,2315.99,2297.19,2302.71,42770.63
694,1706709600,2306.24,2312.59,2296.72,2310.58,42862.5
695,1706713200,2328.56,2331.25,2290.72,2306.24,43352.53
696,1706716800,2345.36,2346.52,2324.62,2328.56,43466.47
697,1706720400,2347.03,2349.57,2337.37,2345.36,43717.36
698,1706724000,2334.61,2347.31,2330.15,2347.03,43497.41
699,1706727600,2322.65,2341.23,2309.27,2334.61,43318.14
700,1706731200,2286.96,2323.91,2285.73,2322.65,42521.06
701,1706734800,2277.46,2290.93,2263.16,2286.96,42457.05
702,1706738400,2284.66,2303.02,2268.15,2277.46,42633.53
703,1706742000,2281.77,2287.24,2280.56,2284.66,42555.08
704,1706745600,2282.01,2287.98,2271.18,2281.77,42447.7
705,1706749200,2243.46,2282.62,2239.78,2282.01,41948.44
706,1706752800,2258.22,2258.29,2241.65,2243.46,42121.13
707,1706756400,2255.3,2261.38,2254.46,2258.22,41977.97
708,1706760000,2260.59,2265.43,2250.39,2255.3,42031.46
709,1706763600,2266.27,2266.28,2259.83,2260.59,42108.14
710,1706767200,2272.17,2272.17,2266.15,2266.27,42150.23
711,1706770800,2269.75,2275.43,2269.5,2272.17,42156.58
712,1706774400,2269.9,2270.91,2264.41,2269.75,42198.8
713,1706778000,2265.69,2273.63,2263.26,2269.9,42111.65
714,1706781600,2265.56,2275.76,2264.01,2265.69,42188.29
715,1706785200,2264.21,2270.38,2263.2,2265.56,42042.15
716,1706788800,2268.6,2272.29,2261.07,2264.21,42106.56
717,1706792400,2270.34,2275.13,2261.73,2268.6,42195.37
718,1706796000,2295.72,2298.03,2268.52,2270.34,42629.72
719,1706799600,2287.83,2306.9,2287.16,2295.72,42498.78
