,Time,prices,MCap,Volume,Open,High,Low,Close
0,1617148800000,46.67514952575587,6615161.18105145,10933215.997082641,46.68,46.68,46.68,46.68
1,1617235200000,46.67514952575587,6615161.18105145,10933215.997082641,,,,
2,1617321600000,78.138373611366,32169865.316873446,31196559.042043027,,,,
3,1617408000000,92.87444389758001,6016447.021017533,28941230.460458804,46.68,92.87,46.68,92.87
4,1617494400000,77.53897509035339,5043018.042288533,5875957.916015591,,,,
5,1617580800000,81.77920397052691,5277588.403357214,3099339.2012453587,,,,
6,1617667200000,100.42714062730877,58659564.40472794,9502765.734624587,,,,
7,1617753600000,89.5441876563657,51716972.222360566,5763801.412356531,77.54,100.43,77.54,89.54
8,1617840000000,81.317388316377,47864880.516711615,4804750.56691462,,,,
9,1617926400000,87.98962898322434,51333864.2011678,3528969.7298113047,,,,
10,1618012800000,75.47092567005336,44183946.43211262,3803065.910248483,,,,
11,1618099200000,88.78816983142048,51937075.99121555,3979687.5624534404,81.32,88.79,75.47,88.79
12,1618185600000,97.75262246167783,56424925.4629352,4699960.308675086,,,,
13,1618272000000,87.15043504131772,50778008.36692455,2949060.1544662677,,,,
14,1618358400000,80.76765434767222,47295507.333491586,3400728.041236883,,,,
15,1618444800000,80.41301899056461,47104934.472940765,2602560.4679121454,97.75,97.75,80.41,80.41
16,1618531200000,75.07370967764938,44235389.27399954,2604280.196710263,,,,
17,1618617600000,71.63039251672606,41905053.36702844,2293645.810778427,,,,
18,1618704000000,72.21215697756904,42344662.090015605,2153060.356553261,,,,
19,1618790400000,69.3766139758477,40723510.358262256,1986550.816141725,75.07,75.07,69.38,69.38
20,1618876800000,63.08094099020737,37037980.68901278,1457479.1038508841,,,,
21,1618963200000,73.74658089342824,43308403.5625974,3217981.198477509,,,,
22,1619049600000,69.07330040388733,40566589.24050382,1840518.5495810448,,,,
23,1619136000000,70.00528095055128,41171550.375329785,1356420.181934934,63.08,73.75,63.08,70.01
24,1619222400000,66.29705052507116,42416600.81784845,2562565.3285047417,,,,
25,1619308800000,64.51914247909077,41312444.95702706,1890393.343455081,,,,
26,1619395200000,59.82899513436883,38338137.42602362,1764625.8442666412,,,,
27,1619481600000,67.2495048022967,42834400.90147244,1917198.906265702,66.3,67.25,59.83,67.25
28,1619568000000,63.180685508245844,41387322.41657656,2585175.297982071,,,,
29,1619654400000,60.66007983303402,38897253.91290254,2992605.0763799488,,,,
30,1619740800000,62.196854781010764,40530074.65687485,1694167.690838851,63.18,63.18,60.66,62.2
31,1619827200000,62.41501835690995,40733928.536517814,1017865.8616319008,,,,
32,1619913600000,69.85079997377308,45689383.695015945,1471670.6473999429,,,,
33,1620000000000,65.55392152944187,42778677.36067714,1463929.3380536682,62.42,69.85,62.42,65.55
34,1620086400000,63.00408354098064,41084256.19242983,697972.8989377738,,,,
35,1620172800000,60.01373726292086,39461238.392246395,3017457.959431704,,,,
36,1620259200000,65.54465076474393,42753482.93633113,1174339.6688591843,,,,
37,1620345600000,62.80210388733142,41066866.354472995,1941349.2127817133,63.0,65.54,60.01,62.8
38,1620432000000,65.6367711089634,42796913.778106,1964602.013587382,,,,
39,1620518400000,66.4953579395458,43320671.72515757,2092260.2929923534,,,,
40,1620604800000,69.32483473202339,45236880.96766919,1363407.0886968551,,,,
41,1620691200000,64.26815789365936,41887004.363069735,2113521.7920397315,65.64,69.32,64.27,64.27
42,1620777600000,65.36916277408933,42690912.020704724,1334564.9577977932,,,,
43,1620864000000,65.5898272742277,44280854.47035216,1824037.749385637,,,,
44,1620950400000,69.84210505480448,45385149.46656788,1404628.0916615047,,,,
45,1621036800000,85.74112095829429,55915191.648471735,4401081.483129396,65.37,85.74,65.37,85.74
46,1621123200000,77.34290384089346,50510217.553284764,4178255.6998786414,,,,
47,1621209600000,77.98490579562,49765761.343760654,3429860.4438332287,,,,
48,1621296000000,75.88919973531561,49525335.09125212,2385618.179216127,,,,
49,1621382400000,80.94883953234968,52860452.75798482,1425317.2401555588,77.34,80.95,75.89,80.95
50,1621468800000,62.91776631198193,41311010.575164706,3732492.6480078553,,,,
51,1621555200000,68.67319951933426,44511785.58211504,2817170.871602984,,,,
52,1621641600000,59.865425732644454,39158296.4354627,4280546.311648498,,,,
53,1621728000000,57.915363224812296,37898565.15845396,1403267.6508832772,62.92,68.67,57.92,57.92
54,1621814400000,46.54698933807308,30314564.5074078,1532124.9701775713,,,,
55,1621900800000,61.63860987593584,40243576.04076648,2625809.8573052455,,,,
56,1621987200000,58.76365037455172,38276782.14020522,1703868.6484042131,,,,
57,1622073600000,61.82627823155,39390311.47056548,697729.5169295573,46.55,61.83,46.55,61.83
58,1622160000000,59.767944915213405,39015183.18286263,957782.1054343831,,,,
59,1622246400000,54.427917277447236,35602363.373959616,1674494.883977932,,,,
60,1622332800000,52.72362131263423,34563479.688180886,880700.1983646018,,,,
61,1622419200000,56.69198108565051,36906795.96534094,642491.3878925077,59.77,59.77,52.72,56.69
62,1622505600000,63.0151473673378,40854236.87923819,792103.8775443772,,,,
63,1622592000000,62.1474351608916,40534718.923672676,1279159.2431991731,,,,
64,1622678400000,64.91098355194376,42492894.63364326,627799.0163921966,63.02,64.91,62.15,64.91
65,1622764800000,66.40204474948038,43250358.948486395,1430319.845240256,,,,
66,1622851200000,62.28239542652488,40583448.343555234,957674.7338141259,,,,
67,1622937600000,61.67165221951045,40131933.19220874,1013715.5934680208,,,,
68,1623024000000,63.01786837420453,41057077.32272661,730872.7775579784,66.4,66.4,61.67,63.02
69,1623110400000,61.01223574293606,40007544.862063065,592897.9412708242,,,,
70,1623196800000,57.6256581050459,37428799.34666451,1502837.8115386066,,,,
71,1623283200000,60.409323430516665,39886118.645561315,747699.3193943644,,,,
72,1623369600000,55.03250229034391,35813972.42268409,729260.666484683,61.01,61.01,55.03,55.03
73,1623456000000,48.08271613609915,31562895.674725346,1127298.2539682195,,,,
74,1623542400000,48.98830207022237,32050051.42848936,565722.8990248393,,,,
75,1623628800000,51.374552154005016,33391304.54158461,1114988.7067672918,,,,
76,1623715200000,49.60095932224136,32337175.928091183,1400492.0039756496,48.08,51.37,48.08,49.6
77,1623801600000,52.46108997030466,34281395.224798806,670094.6829464437,,,,
78,1623888000000,48.38199896386631,31536113.938953437,1004488.2905310966,,,,
79,1623974400000,49.070678082482885,32008906.267127015,2204398.1212828993,,,,
80,1624060800000,43.1297204238718,28178724.348871835,1625147.312875458,52.46,52.46,43.13,43.13
81,1624147200000,39.88094525659441,26054319.924667027,762295.546906161,,,,
82,1624233600000,40.882380659515825,26682537.538654752,980295.521909943,,,,
83,1624320000000,31.102732477070685,20404187.030643236,1951486.2583181555,,,,
84,1624406400000,30.980932838500586,20170603.39413982,1669369.6145773323,39.88,40.88,30.98,30.98
85,1624492800000,34.183778712285985,22260483.720813487,1208688.4784913051,,,,
86,1624579200000,36.13471948503321,23599029.859038718,1016749.900613695,,,,
87,1624665600000,33.710247765918034,22031745.20330075,679691.562583445,,,,
88,1624752000000,32.99630508510551,21507280.62887126,681053.7355922341,34.18,36.13,33.0,33.0
89,1624838400000,45.909005737560975,29964014.099164635,2155368.7320956867,,,,
90,1624924800000,53.76421489530192,35120910.49366338,2736741.6671493757,,,,
91,1625011200000,59.15799444688411,38675741.5273944,1369648.9642055267,45.91,59.16,45.91,59.16
92,1625097600000,71.51147536964807,46683111.38130442,3096208.276284787,,,,
93,1625184000000,66.07678829573665,43066729.37195958,3019860.7876973464,,,,
94,1625270400000,72.58614530133393,47269467.86443866,3282320.5743095516,71.51,72.59,66.08,72.59
95,1625356800000,76.54963701254191,49824541.180140674,4315237.716502933,,,,
96,1625443200000,83.09853095125818,54167767.67207801,2918512.662663337,,,,
97,1625529600000,77.35131940916374,50414585.73771913,2904279.4560322557,,,,
98,1625616000000,80.14400447892129,51861944.210678056,1143856.634752406,76.55,83.1,76.55,80.14
99,1625702400000,78.17566667010944,51026044.94613541,1992172.980579351,,,,
100,1625788800000,73.80107196495247,48098097.77434839,1463502.6738534162,,,,
101,1625875200000,77.30150112879727,50308120.7582389,729538.9739940399,,,,
102,1625961600000,95.70289385776091,62446594.38471179,4618206.599875445,78.18,95.7,73.8,95.7
103,1626048000000,100.1888976746888,65422105.87278955,2298306.9471045346,,,,
104,1626134400000,112.64013487806238,73258418.98399,8479382.617790293,,,,
105,1626220800000,105.24976596634585,68584069.97560492,4214041.042446664,,,,
106,1626307200000,112.05609167231066,72758238.75113219,692586.6233325481,100.19,112.64,100.19,112.06
107,1626393600000,108.30440971790568,70593895.78703092,11389188.919006124,,,,
108,1626480000000,96.87468168496888,63160681.09081657,6660060.60347804,,,,
109,1626566400000,102.85080148092902,67057679.892073594,2747195.59586518,,,,
110,1626652800000,96.56529377512754,62831200.41980884,2459192.556735702,108.3,108.3,96.57,96.57
111,1626739200000,89.15093903110026,58086598.73445751,3015863.2746145776,,,,
112,1626825600000,88.48820493491877,57615264.54534818,1818222.8131921787,,,,
113,1626912000000,101.69712147708152,64365149.050038114,1364067.4337811465,,,,
114,1626998400000,107.72730613055614,68382448.66242269,2087551.8362151717,89.15,107.73,88.49,107.73
115,1627084800000,129.32282427348804,81736299.51254131,9648883.039801404,,,,
116,1627171200000,145.31936175559687,92267151.80340667,11802936.862462737,,,,
117,1627257600000,145.74568501628897,92136131.03730859,7034728.234492185,,,,
118,1627344000000,143.89073074570803,91338390.87803102,9564053.757870125,129.32,145.75,129.32,143.89
119,1627430400000,166.5530933939009,105597696.95107935,11924175.546369337,,,,
120,1627516800000,194.51121331826565,122980138.45341599,15123815.52691607,,,,
121,1627603200000,205.94930249990156,132034817.78600541,9404060.578204254,,,,
122,1627689600000,219.3579144643788,139399673.153676,11730156.24247819,166.55,219.36,166.55,219.36
123,1627776000000,243.34227357873175,154099734.40016603,14367523.658803592,,,,
124,1627862400000,249.81525419018334,162317614.69139087,11243083.627048401,,,,
125,1627948800000,247.92683773939385,157503925.6397996,11241600.406653738,243.34,249.82,243.34,247.93
126,1628035200000,236.9916301133135,150920005.14685744,9330835.095291609,,,,
127,1628121600000,286.6317675436205,183063482.05845487,14317864.27650461,,,,
128,1628208000000,297.8202898327247,187176626.45289207,13943752.176587362,,,,
129,1628294400000,325.7374259633211,206452474.2637751,16228654.233576566,236.99,325.74,236.99,325.74
130,1628380800000,376.6974462652728,236582656.27902368,21360027.9303904,,,,
131,1628467200000,355.8472279700948,225896335.40263253,23719864.20158465,,,,
132,1628553600000,371.0429665732797,233407754.98553902,22062577.7574446,,,,
133,1628640000000,375.6949978120493,238585282.56919262,21417979.356250387,376.7,376.7,355.85,375.69
134,1628726400000,442.1639148125703,282928090.28771186,31639216.151981603,,,,
135,1628812800000,450.5262726436131,286527371.6558062,23248984.050981008,,,,
136,1628899200000,529.0326206280482,332608480.2630769,24051867.711517274,,,,
137,1628985600000,531.7448128274322,337828402.3253862,26203499.616449438,442.16,531.74,442.16,531.74
138,1629072000000,519.334662735972,328578104.71889675,20993832.00203887,,,,
139,1629158400000,435.48722759708903,292438246.86300695,25957100.554745726,,,,
140,1629244800000,404.2003041541083,256585083.81434807,37786353.453556575,,,,
141,1629331200000,440.617142387175,280343309.16032326,33517447.365103733,519.33,519.33,404.2,440.62
142,1629417600000,440.386622401451,276115494.3330274,21352292.33573379,,,,
143,1629504000000,490.016012844248,310872375.1308509,24006878.234011285,,,,
144,1629590400000,499.80580563867426,317304771.98400414,22474303.33895009,,,,
145,1629676800000,478.3808155746819,303595523.4700322,21183313.461278077,440.39,499.81,440.39,478.38
146,1629763200000,516.8447257523854,329619771.1875976,17331873.476653423,,,,
147,1629849600000,469.38021837752615,298139773.92866504,20636303.38487752,,,,
148,1629936000000,484.47194232183324,307375630.57352424,26678336.733872723,,,,
149,1630022400000,514.0823945449407,326679983.5738296,30223450.94008014,516.84,516.84,469.38,514.08
150,1630108800000,512.7612637667442,325468817.45783085,22913924.616917312,,,,
151,1630195200000,524.9810897450062,332982931.9138422,17493325.92499504,,,,
152,1630281600000,511.0126203294071,324425573.35624194,18738439.355604164,,,,
153,1630368000000,492.53457719190413,313869033.65553665,22042094.64410955,512.76,524.98,492.53,492.53
154,1630454400000,492.2786990542404,312619505.11711526,20166850.802696366,,,,
155,1630540800000,535.5710419873092,339936041.0180458,23988314.229488466,,,,
156,1630627200000,556.6847573547461,353611113.67121166,21750705.529068656,492.28,556.68,492.28,556.68
157,1630713600000,607.7427938310942,384223509.73000044,27429948.316230364,,,,
158,1630800000000,593.0432246268231,376069941.23499477,26156594.15196403,,,,
159,1630886400000,565.762216406516,369491250.8513542,32813299.67200814,,,,
160,1630972800000,573.8831804846853,363399947.87590975,32230035.509790786,607.74,607.74,565.76,573.88
161,1631059200000,488.3011457979603,308130853.9546727,43800009.78866017,,,,
162,1631145600000,496.341062254345,317271569.63659936,48110907.84843872,,,,
163,1631232000000,500.69991478466824,315672000.5871751,39512397.76733891,,,,
164,1631318400000,458.89099161069737,291202207.7689838,22852081.820756722,488.3,500.7,458.89,458.89
165,1631404800000,461.4698208702124,293001025.29515404,25920578.276673295,,,,
166,1631491200000,477.42900194525413,304185183.86335284,20182500.425744828,,,,
167,1631577600000,470.75843434079485,299904283.5140153,28272656.2922033,,,,
168,1631664000000,491.73319020630584,312204766.17630833,31574357.37803012,461.47,491.73,461.47,491.73
169,1631750400000,544.4536509686382,343292384.04932237,31477243.344135575,,,,
170,1631836800000,527.4615525621632,336235723.071277,22539594.199813828,,,,
171,1631923200000,515.1977793740126,328186470.96092755,25388962.46523236,,,,
172,1632009600000,509.75805226409074,323186583.9441824,19707913.879390534,544.45,544.45,509.76,509.76
173,1632096000000,497.983990115207,316170519.6355018,17614075.036353663,,,,
174,1632182400000,430.9954017980883,273187162.67821467,26113663.968001034,,,,
175,1632268800000,415.143960381387,263523446.76726156,25955142.446982063,,,,
176,1632355200000,536.7748193064072,340915839.70943874,255602238.36241812,497.98,536.77,415.14,536.77
177,1632441600000,578.9582851296897,367832296.68622553,161152281.9969614,,,,
178,1632528000000,509.99043726176143,323470895.97514325,55236470.58416954,,,,
179,1632614400000,518.0224907065164,329082054.8024463,30138372.57308436,,,,
180,1632700800000,518.0995784063754,328877208.14939386,35843364.532807775,578.96,578.96,509.99,518.1
181,1632787200000,498.5165678450641,316184708.43493414,28811134.523285512,,,,
182,1632873600000,456.9118476374087,289944202.0417509,33149041.84280382,,,,
183,1632960000000,471.8115132622076,298588592.2732414,244723086.85047132,498.52,498.52,456.91,471.81
184,1633046400000,499.965661003604,317831975.7906736,60361043.0314755,,,,
185,1633132800000,546.9878202150649,347606667.98196006,26138449.02754777,,,,
186,1633219200000,568.0922085429619,361466955.65598065,30501279.719626144,499.97,568.09,499.97,568.09
187,1633305600000,570.7805654622098,363507940.95559025,29923707.87963474,,,,
188,1633392000000,571.0631187677128,362514103.5908131,27728132.727060642,,,,
189,1633478400000,603.3641621271969,383397487.7474951,35235274.56428176,,,,
190,1633564800000,683.0193298667301,434024265.840529,119371067.5591555,570.78,683.02,570.78,683.02
191,1633651200000,666.5057060379081,424451979.2232599,44112666.89526678,,,,
192,1633737600000,651.9718741541529,414746720.38594925,37559452.72170034,,,,
193,1633824000000,691.8799431803442,438378743.0712799,39704482.02777865,,,,
194,1633910400000,660.0914110975983,419213452.93891144,34381576.61392872,666.51,691.88,651.97,660.09
195,1633996800000,634.0794119151417,401510548.47828996,38924477.280129746,,,,
196,1634083200000,619.2130416258376,394668334.20861745,32483430.8817284,,,,
197,1634169600000,642.5000351611641,409558552.5265671,29545718.630201295,,,,
198,1634256000000,704.9241919203682,447614427.1179662,35059932.17611729,634.08,704.92,619.21,704.92
199,1634342400000,725.3191131364987,460601978.1233391,32888235.220546845,,,,
200,1634428800000,726.6582829805517,462104799.3517167,30680076.2806687,,,,
201,1634515200000,725.9269939155902,460850146.9989904,25902097.563457225,,,,
202,1634601600000,714.4829778822237,455142520.10363233,27635631.51662113,725.32,726.66,714.48,714.48
203,1634688000000,746.347941284032,473479242.167095,26229960.182248358,,,,
204,1634774400000,797.5088033215624,505668752.9365418,31969325.064418804,,,,
205,1634860800000,779.3678563483649,494000795.46893835,37251907.9719842,,,,
206,1634947200000,792.5660027349601,502256039.1491596,30713511.96682307,746.35,797.51,746.35,792.57
207,1635033600000,829.4781115385069,525474398.72176206,27923042.413024507,,,,
208,1635120000000,807.6414895502442,512726547.27862793,27127634.19133912,,,,
209,1635206400000,858.9582985873831,545115779.4543124,28576747.931277893,,,,
210,1635292800000,858.9994928111332,545282792.794097,25478391.20093891,829.48,859.0,807.64,859.0
211,1635379200000,824.0645785754074,522879015.0021518,28606607.81987273,,,,
212,1635465600000,917.5578005818492,582796272.3063924,27037160.28941983,,,,
213,1635552000000,968.7693394452677,616223079.6505269,32754942.703802153,,,,
214,1635638400000,1032.4580591100587,655443646.7500143,52935039.94378239,824.06,1032.46,824.06,1032.46
215,1635724800000,995.6536265123066,632571483.458121,41548964.414729334,,,,
216,1635811200000,1054.2711779781757,669325005.6788474,44014761.0121539,,,,
217,1635897600000,1222.4849387349245,767459227.5850002,93635064.12041059,995.65,1222.48,995.65,1222.48
218,1635984000000,1236.4219003296882,780651033.449642,101437423.21551694,,,,
219,1636070400000,1255.2660303888995,786186916.0911855,98494005.43016364,,,,
220,1636156800000,1264.737223173906,806183046.8794618,90208861.86388543,,,,
221,1636243200000,1203.0203964699806,763132047.4003518,45707533.73816065,1236.42,1264.74,1203.02,1203.02
222,1636329600000,1233.7400424515254,781760940.8979506,30780633.19222389,,,,
223,1636416000000,1263.2220289491895,802445576.5913333,32485926.704406142,,,,
224,1636502400000,1216.2829545299633,771832479.6057911,34718136.79942354,,,,
225,1636588800000,1156.0432266916866,735044947.0479587,34281130.93548211,1233.74,1263.22,1156.04,1156.04
226,1636675200000,1158.4697675717819,734974622.2095556,27737232.703038037,,,,
227,1636761600000,1145.6011205058282,726838950.5542945,32818315.809908196,,,,
228,1636848000000,1160.946264858813,737820859.2243357,21197957.351000372,,,,
229,1636934400000,1145.161146825925,723997093.3488444,23141444.90417531,1158.47,1160.95,1145.16,1145.16
230,1637020800000,1121.6775279201604,711445058.6041025,29319944.341345347,,,,
231,1637107200000,1031.937963681797,655820070.8514863,37403724.34466633,,,,
232,1637193600000,1070.7968697861365,673180407.6794167,32027415.685206875,,,,
233,1637280000000,972.5591136177865,616507887.0144743,31748850.259543102,1121.68,1121.68,972.56,972.56
234,1637366400000,1009.2422226533897,638513175.5230318,44069080.46783606,,,,
235,1637452800000,1045.082165284022,663880932.5494357,36387166.51018299,,,,
236,1637539200000,1059.406374549828,675170915.5209064,48428520.21641505,,,,
237,1637625600000,1041.0638119178798,660548674.4062089,41392079.97434927,1009.24,1059.41,1009.24,1041.06
238,1637712000000,1284.3345549067983,813391918.4563347,136171605.3270318,,,,
239,1637798400000,1489.4377060815668,945559395.6948175,411155370.1016989,,,,
240,1637884800000,1669.434690967913,1061943172.0663615,290759450.16448486,,,,
241,1637971200000,1451.7630627262063,920999503.7910447,126485102.53504376,1284.33,1669.43,1284.33,1451.76
242,1638057600000,1520.255010498375,964595346.322526,76863357.16918314,,,,
243,1638144000000,1601.3877437874617,1014684752.9775413,61094762.08486099,,,,
244,1638230400000,1748.5256766577154,1108143384.1829157,109805489.52766398,1520.26,1748.53,1520.26,1748.53
245,1638316800000,1844.4847712868577,1173498143.4773617,135082576.96504575,,,,
246,1638403200000,1718.752057491706,1091546615.9787629,110855167.02762617,,,,
247,1638489600000,1616.172974167606,1026051874.5966628,83294948.04551204,1844.48,1844.48,1616.17,1616.17
248,1638576000000,1471.6214577515757,934172021.9917761,77977345.84896883,,,,
249,1638662400000,1379.7099108955388,870834513.7856671,119345490.05534604,,,,
250,1638748800000,1397.8853463933774,888501772.6813911,84057030.73080476,,,,
251,1638835200000,1326.7153036156353,841077241.6624774,80587927.67898004,1471.62,1471.62,1326.72,1326.72
252,1638921600000,1309.4361265924308,831249977.1258413,47207178.82816455,,,,
253,1639008000000,1359.0425764307208,861824917.9423503,53308547.1678314,,,,
254,1639094400000,1281.3119925824428,824202086.5293492,72243552.24167556,,,,
255,1639180800000,1178.1985564140045,753521442.953699,38513297.183662266,1309.44,1359.04,1178.2,1178.2
256,1639267200000,1224.5973529187393,778342088.7370238,28793074.58485781,,,,
257,1639353600000,1274.8865285205072,808179747.4851749,31384356.909879338,,,,
258,1639440000000,1113.9428571862882,707159985.0796137,38306632.180161014,,,,
259,1639526400000,1108.941818402775,702249581.0356004,31996983.004583314,1224.6,1274.89,1108.94,1108.94
260,1639612800000,1180.2675086237678,745315879.2783867,34114942.59110319,,,,
261,1639699200000,1149.903640042217,731650916.9024298,26252828.129161157,,,,
262,1639785600000,1105.9961545541228,702305269.4567887,25222935.28694308,,,,
263,1639872000000,1145.9459713184592,728330162.9539423,20029786.909415655,1180.27,1180.27,1106.0,1145.95
264,1639958400000,1103.9254190030033,700791565.1513447,21432842.87766063,,,,
265,1640044800000,1103.0399672142826,701215591.8208547,21916304.36992727,,,,
266,1640131200000,1115.5629238089173,706619308.2053243,27891670.937535457,,,,
267,1640217600000,1136.4636480306458,722170283.2454343,37219912.26094015,1103.93,1136.46,1103.04,1136.46
268,1640304000000,1203.320543547049,760931642.2091032,41500356.79497959,,,,
269,1640390400000,1192.9785955398272,757343079.7393758,65151319.905379675,,,,
270,1640476800000,1196.2591813597069,761474208.7545918,21789655.24335266,,,,
271,1640563200000,1154.6306555730637,732737698.0540054,25393576.45278282,1203.32,1203.32,1154.63,1154.63
272,1640649600000,1137.4329536473942,722702470.7741803,27653261.264416497,,,,
273,1640736000000,1061.4827841299743,674970929.9744694,24336869.27245832,,,,
274,1640822400000,1001.3303446245937,633784026.3548938,23977785.96657792,,,,
275,1640908800000,1007.0644299699165,638535762.4925972,25092207.29861606,1137.43,1137.43,1001.33,1007.06
276,1640995200000,1010.3397363114715,644080399.1473341,25404264.649163693,,,,
277,1641081600000,1038.3465082227262,657459489.4001095,15843603.839333557,,,,
278,1641168000000,1036.826685537799,658588302.2174612,16037831.680230193,1010.34,1038.35,1010.34,1036.83
279,1641254400000,1026.7473797055216,652337944.4334787,18610612.601874728,,,,
280,1641340800000,987.2318317695484,635214870.601789,29369558.361501917,,,,
281,1641427200000,895.5734142064056,569574740.7358917,30355377.635797262,,,,
282,1641513600000,863.6199821156513,549794262.8355818,25924157.726099793,1026.75,1026.75,863.62,863.62
283,1641600000000,798.4534766640945,507570595.4385127,24730243.549354713,,,,
284,1641686400000,776.9100227400565,494980351.4777819,19304549.93715511,,,,
285,1641772800000,796.1540599219452,504893983.713189,18819005.854067504,,,,
286,1641859200000,776.423101839248,492954181.57881975,18753548.871963408,798.45,798.45,776.42,776.42
287,1641945600000,805.6352671866078,512447136.85526127,23665894.08158172,,,,
288,1642032000000,857.4707181784896,544651216.7476135,25425591.417802967,,,,
289,1642118400000,813.2192925199207,518063108.3388896,20053969.472933054,,,,
290,1642204800000,834.3970018087391,529230780.92249167,15546451.791178137,805.64,857.47,805.64,834.4
291,1642291200000,844.7704786343859,536538039.3279933,12597995.160063818,,,,
292,1642377600000,858.6260814321364,545018238.5739896,14015227.73114996,,,,
293,1642464000000,801.8720995693601,508767755.2351582,19570099.47502155,,,,
294,1642550400000,785.222077855087,498199937.1147789,18484647.069292847,844.77,858.63,785.22,785.22
295,1642636800000,766.6669952564392,487816116.27504814,15863031.536633058,,,,
296,1642723200000,727.3889456636751,465082126.4986043,13174187.938802868,,,,
297,1642809600000,609.0260601499783,388631362.87597406,26481014.819373358,,,,
298,1642896000000,563.3520425998636,357612429.55226,24699671.371311165,766.67,766.67,563.35,563.35
299,1642982400000,591.5909998115231,374318386.1142902,17803613.71722014,,,,
300,1643068800000,569.8967232862738,361773687.1486644,24953996.143009786,,,,
301,1643155200000,575.8183865994423,365276504.079411,14145926.29636429,,,,
302,1643241600000,585.7367207216143,372480729.3455596,21605322.848723914,591.59,591.59,569.9,585.74
303,1643328000000,551.310403776596,348610878.939558,19620153.032014348,,,,
304,1643414400000,576.5278909172748,366021602.433928,13649059.34618024,,,,
305,1643500800000,584.5354691607718,370609761.3063269,12181700.253393224,,,,
306,1643587200000,582.401917363614,370189492.6390667,13818260.475620745,551.31,584.54,551.31,582.4
307,1643673600000,607.9775768147626,385234764.4797512,13833529.93344995,,,,
308,1643760000000,627.0385225370604,398846832.6723918,18646521.632337403,,,,
309,1643846400000,598.2706648225213,380453054.1362318,16220992.882160904,607.98,627.04,598.27,598.27
310,1643932800000,579.0895937666301,366954109.8200873,15445737.765439691,,,,
311,1644019200000,657.6749201117528,414405856.851333,21126595.04983424,,,,
312,1644105600000,665.3562133423528,422307346.7446371,20713945.415621657,,,,
313,1644192000000,672.0433555967909,426139700.2974215,19554816.92517338,579.09,672.04,579.09,672.04
314,1644278400000,704.0211663435135,447241270.1718292,31468765.02887133,,,,
315,1644364800000,699.914251425727,445301937.2275591,28147267.379987165,,,,
316,1644451200000,731.5231674918043,463932866.90447354,17640877.09450655,,,,
317,1644537600000,692.1197547238149,439360748.11255234,23400454.604155056,704.02,731.52,692.12,692.12
318,1644624000000,638.1761244407772,405494312.1322731,18373625.911954656,,,,
319,1644710400000,637.6894299087106,409724323.2038022,10498353.123248491,,,,
320,1644796800000,624.7807813698576,401933679.43828857,12128425.653549405,,,,
321,1644883200000,628.4245483528061,404540895.32661045,11790732.926102191,638.18,638.18,624.78,628.42
322,1644969600000,684.3888694487772,440189704.76146746,15220425.604505388,,,,
323,1645056000000,674.563661595412,435150383.1810501,15695339.543475844,,,,
324,1645142400000,611.7601658696573,393784399.97676915,16088415.532346195,,,,
325,1645228800000,589.8592734385236,379707776.25391656,11166048.308767911,684.39,684.39,589.86,589.86
326,1645315200000,578.9345165280428,371447347.40588856,7929515.117473771,,,,
327,1645401600000,551.7329155340603,355194722.1989504,11421431.427848432,,,,
328,1645488000000,532.9569048789508,343168712.3165105,13758123.293609401,,,,
329,1645574400000,545.5027369873457,350990510.98883367,12979663.85412974,578.93,578.93,532.96,545.5
330,1645660800000,540.8276766070566,348032478.58284295,9371062.770566035,,,,
331,1645747200000,519.9514769919858,333971001.2674098,20621603.995722465,,,,
332,1645833600000,562.7827478489305,361846839.2559374,12529003.377933377,,,,
333,1645920000000,559.3556207054195,358627046.2865565,7851205.130002456,540.83,562.78,519.95,559.36
334,1646006400000,530.9639437005796,341350349.612258,12095033.609729214,530.96,602.43,530.96,602.1
335,1646092800000,583.5133698719898,374668363.48962975,11029665.417771535,,,,
336,1646179200000,602.4286279900671,386983422.090721,14315812.991571615,,,,
337,1646265600000,602.100063609413,387704487.1271447,12141034.320473291,,,,
338,1646352000000,574.5756556775623,369361496.5250469,12502073.741258863,,,,
339,1646438400000,526.2240655674556,337742926.40296435,11120324.473302072,,,,
340,1646524800000,537.6658131084298,345475209.89301914,7173327.716504974,,,,
341,1646611200000,501.9098318721101,323258473.177411,7995182.660072523,574.58,574.58,501.91,501.91
342,1646697600000,487.8360107996219,313676299.6013768,11930929.821148276,,,,
343,1646784000000,503.5505835366577,324181709.08878046,8358554.081643485,,,,
344,1646870400000,530.3325705003906,340833204.378095,8699770.523490977,,,,
345,1646956800000,512.0004143414851,329541183.39260936,8104550.265508288,487.84,530.33,487.84,512.0
346,1647043200000,497.8223197272241,320503086.87502086,8919562.882126616,,,,
347,1647129600000,501.49113968998023,322973735.9160862,7368130.831899556,,,,
348,1647216000000,487.29273435526284,313286387.68525624,6427182.3659557225,,,,
349,1647302400000,497.20566093774363,319281979.66648215,8461673.87007657,497.82,501.49,487.29,497.21
350,1647388800000,496.7867082280424,319203460.3860733,9000966.677735997,,,,
351,1647475200000,529.5503638653604,338317745.93534726,11545298.98178733,,,,
352,1647561600000,536.7626905135136,345095478.76461536,10117643.26348188,,,,
353,1647648000000,577.0994279228235,371311456.04171145,14091678.307801355,496.79,577.1,496.79,577.1
354,1647734400000,570.3997107938405,366622952.5864259,11069603.970249379,,,,
355,1647820800000,551.7643534818386,354764371.2128152,8634624.544364233,,,,
356,1647907200000,557.989750842995,358512485.5843473,9286705.032014145,,,,
357,1647993600000,579.443879836074,373232303.3871433,9610418.96330729,570.4,579.44,551.76,579.44
358,1648080000000,581.6115424746134,377821707.6140319,9054460.184968352,,,,
359,1648166400000,589.2432518983318,383787717.38312566,16302545.343427878,,,,
360,1648252800000,578.4180053366198,376236413.80732137,14391606.271539222,,,,
361,1648339200000,591.0598506417202,384777652.3890317,6827876.058781785,581.61,591.06,578.42,591.06
362,1648425600000,625.0183616132192,406115384.76589394,12983949.91385679,,,,
363,1648512000000,635.3918247950636,413132343.8608069,19004912.46180688,,,,
364,1648598400000,648.7336372848639,421907862.4714614,16665758.357807737,,,,
365,1648684800000,639.943967744936,417174028.93452454,19373607.729391564,625.02,648.73,625.02,639.94
366,1648771200000,615.3583517790023,400027041.34033895,13768606.343355114,,,,
367,1648857600000,644.1651669098633,418960911.40348065,14982085.14512251,,,,
368,1648944000000,645.2264196102249,420984855.4164755,14978331.788845452,615.36,645.23,615.36,645.23
369,1649030400000,656.9510794412607,427458756.8314164,11687091.787516957,,,,
370,1649116800000,654.759769807726,426503886.59092486,13589003.01876218,,,,
371,1649203200000,645.2978930495273,420673777.9672017,11006444.925387667,,,,
372,1649289600000,586.36707034092,381947714.5964248,15909241.657609373,656.95,656.95,586.37,586.37
373,1649376000000,595.3307717802055,387668705.3483144,13453142.481948635,,,,
374,1649462400000,585.2570804766983,381270686.1752706,25977052.041037656,,,,
375,1649548800000,596.0254448026519,387399473.26438695,14307381.530482054,,,,
376,1649635200000,587.394792241224,383322749.0665337,13976536.285754826,595.33,596.03,585.26,587.39
377,1649721600000,534.3811017523756,348343566.4676477,17451985.5177275,,,,
378,1649808000000,535.6224637815428,348615835.723864,12841464.61138174,,,,
379,1649894400000,556.6975781188248,362141422.7738536,10311363.617713993,,,,
380,1649980800000,533.5781711414992,346767857.26361287,7723267.322643185,534.38,556.7,533.58,533.58
381,1650067200000,534.2503621589976,347657777.57080835,10139134.34884963,,,,
382,1650153600000,533.7352877351908,347196079.94032246,7438598.178972712,,,,
383,1650240000000,524.5977067283833,341543471.90553313,7743744.052459992,,,,
384,1650326400000,529.8630651555615,345098678.3054822,10856110.111508891,534.25,534.25,524.6,529.86
385,1650412800000,540.8676346974111,352455797.2515622,11094442.416613856,,,,
386,1650499200000,534.5309613209552,347743670.2310391,10550801.74770948,,,,
387,1650585600000,520.9041352839143,338635287.6381725,10315215.417607876,,,,
388,1650672000000,521.6550101559968,339917509.7029576,10761450.739642316,540.87,540.87,520.9,521.66
389,1650758400000,514.9774136691675,335203575.5550704,5251610.159366788,,,,
390,1650844800000,512.1006475257436,333717717.30367625,8585110.196294988,,,,
391,1650931200000,520.8461548615996,338904894.9900253,14147168.713720106,,,,
392,1651017600000,468.7709519044039,304879551.0580379,14836382.178296195,514.98,520.85,468.77,468.77
393,1651104000000,483.8424352006695,314511909.5645131,9842797.90264383,,,,
394,1651190400000,487.61777362570894,317714474.42516583,10865371.63383153,,,,
395,1651276800000,471.997885066504,307145565.5244588,11406216.38660797,483.84,487.62,472.0,472.0
396,1651363200000,454.13792173367244,294846357.9267449,8891365.127845483,,,,
397,1651449600000,468.3243144158544,304662160.3649524,12597711.714314058,,,,
398,1651536000000,481.0133623171966,312991735.45759904,20797130.318619784,454.14,481.01,454.14,481.01
399,1651622400000,470.7621174411333,306596305.16453606,16995105.64808978,,,,
400,1651708800000,499.64388205627046,325574241.71750766,15128803.378095124,,,,
401,1651795200000,462.1565602101884,300949894.26841533,16890714.387350623,,,,
402,1651881600000,447.40767930057905,291184180.7598741,11014236.704458132,470.76,499.64,447.41,447.41
403,1651968000000,441.2990318595739,288257395.40737367,9020655.919112088,,,,
404,1652054400000,418.9465118084617,272680715.6850935,10453189.399711668,,,,
405,1652140800000,366.6938691902478,240463591.8802385,17747986.336485602,,,,
406,1652227200000,372.76227338870154,242851303.99726555,20003972.36684248,441.3,441.3,366.69,372.76
407,1652313600000,317.09947694616403,207146840.54723835,23750123.014761873,,,,
408,1652400000000,293.74156671364227,191176347.62403423,28722635.07599094,,,,
409,1652486400000,302.30623392745866,196529264.62873155,16584675.030981964,,,,
410,1652572800000,311.01568306016225,202452054.15731508,10902125.794074887,317.1,317.1,293.74,311.02
411,1652659200000,323.41314397170333,210450323.88931453,9927898.10721664,,,,
412,1652745600000,299.5285779250401,195171384.34030846,10779806.424607905,,,,
413,1652832000000,311.29908072592315,202837134.4059094,9633550.096856259,,,,
414,1652918400000,281.9576147682287,184251102.61017677,11533485.561102983,323.41,323.41,281.96,281.96
415,1653004800000,298.90800054818624,194710091.2134976,11451084.01819432,,,,
416,1653091200000,291.3596273147032,190131911.11745185,8766332.75697692,,,,
417,1653177600000,292.95371900439415,191102085.75482243,6445057.376848477,,,,
418,1653264000000,302.36296998693894,197156280.63435063,7790131.810198157,298.91,302.36,291.36,302.36
419,1653350400000,292.2659754092754,190344584.65875474,8516276.276852958,,,,
420,1653436800000,295.41497127657027,192296196.09740323,5519668.805762631,,,,
421,1653523200000,290.4299539799736,189031243.60672623,16274772.164772846,,,,
422,1653609600000,269.70389263269664,176380989.55530426,19710095.268186796,292.27,295.41,269.7,269.7
423,1653696000000,255.54798921002492,166403992.69860715,18267991.96451731,,,,
424,1653782400000,270.00230609543854,175926473.90212846,12901317.33793674,,,,
425,1653868800000,274.04607479253264,178526863.02248123,12288875.191281198,,,,
426,1653955200000,315.05360674600183,204618825.79248106,27627254.47567675,255.55,315.05,255.55,315.05
427,1654041600000,300.4292032851912,195904387.15649197,20467106.769190013,,,,
428,1654128000000,281.71351774366013,184385468.3108754,20898203.486221742,,,,
429,1654214400000,281.5083013184207,183756955.18328723,18928132.516954966,300.43,300.43,281.51,281.51
430,1654300800000,268.8525368885496,174890083.67971683,13802915.259075688,,,,
431,1654387200000,275.2986804875294,178546622.9319648,9305699.324506534,,,,
432,1654473600000,274.49393122077123,179341090.408319,9547133.73334273,,,,
433,1654560000000,283.38979920772795,184716210.05239853,26404257.302655797,268.85,283.39,268.85,283.39
434,1654646400000,277.8049691577753,182301270.27545163,17343001.266483203,,,,
435,1654732800000,271.20262852029373,176920736.67678073,12410649.30283839,,,,
436,1654819200000,268.3273884678863,175076636.34139702,9623437.33344266,,,,
437,1654905600000,249.39647704890362,162593792.53752926,11612780.015472066,277.8,277.8,249.4,249.4
438,1654992000000,230.4370010074077,149731488.19228005,13924046.481017882,,,,
439,1655078400000,215.43484495340118,142149721.23777065,15451136.62886118,,,,
440,1655164800000,178.9277129302392,115984706.90526022,21544962.659304418,,,,
441,1655251200000,181.16149140964376,118087832.1363485,10225843.488669155,230.44,230.44,178.93,181.16
442,1655337600000,182.9919288183161,119244168.54208277,10470413.557770668,,,,
443,1655424000000,157.4205251405066,102637608.15983383,4505735.233917867,,,,
444,1655510400000,160.4673408304023,104853887.24224582,2896472.272397576,,,,
445,1655596800000,146.77325921847097,95521021.47886226,5170816.427361911,182.99,182.99,146.77,146.77
446,1655683200000,166.58234249076068,108466700.39474404,11042276.343272725,,,,
447,1655769600000,165.80513684185712,107309939.39577919,5448102.367719828,,,,
448,1655856000000,165.7256203806534,108090019.00381868,4284662.42076337,,,,
449,1655942400000,155.70779805020075,101557085.89160015,3979524.79210376,166.58,166.58,155.71,155.71
450,1656028800000,168.36616486921778,109681505.29609795,2814581.367130693,,,,
451,1656115200000,180.2486881635086,118183800.72096139,5534211.009923205,,,,
452,1656201600000,183.8007283835096,119599909.48895507,3807802.8339269855,,,,
453,1656288000000,176.0989945478597,114810444.360334,5236214.054280924,168.37,183.8,168.37,176.1
454,1656374400000,175.43478883288398,114284181.29647867,3299575.318187884,,,,
455,1656460800000,165.69977390398614,108079387.28106274,2840935.8929482056,,,,
456,1656547200000,158.79428983230312,103524800.8202961,3352144.1176762525,175.43,175.43,158.79,158.79
457,1656633600000,138.35329242873007,89149898.88249384,7702019.796717919,,,,
458,1656720000000,120.93201633389637,79128615.18143594,21474627.905729398,,,,
459,1656806400000,115.8619190367532,75526826.40929739,8256061.483535171,138.35,138.35,115.86,115.86
460,1656892800000,111.37887484726939,74052371.61580604,5191140.019390772,,,,
461,1656979200000,117.64683295277398,79087392.1548394,5159972.432227829,,,,
462,1657065600000,113.68315173567953,77163356.44304901,4905298.994235953,,,,
463,1657152000000,117.99948973917535,81112404.07920535,5751850.77757812,111.38,118.0,111.38,118.0
464,1657238400000,119.77870791821472,82569122.9609532,7800714.9271625,,,,
465,1657324800000,116.16441501112713,80810231.86143544,6639627.776059479,,,,
466,1657411200000,115.50437403946151,80271903.81842518,5162773.579276929,,,,
467,1657497600000,108.5749352796701,76269618.75442219,4430995.948897658,119.78,119.78,108.57,108.57
468,1657584000000,98.97486848510535,70368279.82389298,5077068.890943433,,,,
469,1657670400000,92.33686615635044,66485239.43939154,9917283.817689376,,,,
470,1657756800000,96.78061710867878,70073704.31160682,7055558.443020442,,,,
471,1657843200000,102.9353076824957,74857409.0446027,7847808.787919579,98.97,102.94,92.34,102.94
472,1657929600000,102.84490544282701,74729637.02029477,6575032.714498175,,,,
473,1658016000000,117.71492787922084,85280830.5023406,38069215.37333644,,,,
474,1658102400000,111.66221366915234,81263741.84369925,12316526.656213127,,,,
475,1658188800000,127.70589127054853,93006568.8145649,10069530.26884558,102.84,127.71,102.84,127.71
476,1658275200000,128.21938591616376,92915476.0174243,17194795.010953527,,,,
477,1658361600000,125.11077823345227,91824384.01824877,16009711.801112857,,,,
478,1658448000000,126.89985705162049,92562447.4446429,9829865.14988989,,,,
479,1658534400000,119.23163275550395,86790142.6011244,8728801.671493962,128.22,128.22,119.23,119.23
480,1658620800000,116.77879082868516,85066484.79741934,5545758.38167384,,,,
481,1658707200000,116.43421995783605,84881499.18578263,5134075.275492335,,,,
482,1658793600000,104.16726203262317,76616355.57507743,4985149.673257275,,,,
483,1658880000000,105.76065198942459,75488070.12709484,4759396.9399829935,116.78,116.78,104.17,105.76
484,1658966400000,115.7315649838802,83878983.9569237,7123956.054196601,,,,
485,1659052800000,117.69396455104805,85547706.39536382,9945488.95994118,,,,
486,1659139200000,121.42948683332642,89548951.22649764,13003207.081731679,,,,
487,1659225600000,117.52794350721956,85232009.21525365,11156810.780626768,115.73,121.43,115.73,117.53
488,1659312000000,117.52416956262623,85650340.80366239,13143506.224257369,,,,
489,1659398400000,115.67385590952175,84197801.03183134,7562681.844401309,,,,
490,1659484800000,114.6697675160081,83582705.39381024,6447454.323417322,117.52,117.52,114.67,114.67
491,1659571200000,112.88345225426666,81647570.26276267,4955144.711552507,,,,
492,1659657600000,111.1041271549851,80608244.51449533,5047353.392453272,,,,
493,1659744000000,116.14129774226278,84544344.29528289,5761438.150895964,,,,
494,1659830400000,112.88037948836298,82145752.6196296,4609964.16970149,112.88,116.14,111.1,112.88
495,1659916800000,112.4198946243259,81690532.02924067,3636640.859542162,,,,
496,1660003200000,112.73892442165642,81939182.32166807,8977916.647912636,,,,
497,1660089600000,106.066550546317,77162820.61501755,5687749.780326145,,,,
498,1660176000000,114.75572298261562,83406900.31899989,9254590.174860159,112.42,114.76,106.07,114.76
499,1660262400000,116.46419979409269,84384824.88669175,18513472.378021903,,,,
500,1660348800000,120.2028373516326,87399234.4021686,5584253.026348658,,,,
501,1660435200000,116.99694880198672,85114423.15171307,7208757.862849259,,,,
502,1660521600000,112.92283012236281,82147872.83158466,5628400.309521102,116.46,120.2,112.92,112.92
503,1660608000000,109.04949389768014,79315608.73642905,8214479.008435215,,,,
504,1660694400000,106.66456974159081,77308123.55529357,6516389.650489662,,,,
505,1660780800000,102.87591272899253,74835561.89370757,5830666.096185601,,,,
506,1660867200000,103.11301459109826,75152635.11526051,4340407.89277299,109.05,109.05,102.88,103.11
507,1660953600000,90.36206110341253,65887229.41869505,7862238.315114475,,,,
508,1661040000000,90.492223442648,65664857.44420676,10075888.351648495,,,,
509,1661126400000,92.40960692106474,67154644.50618137,4214758.883461873,,,,
510,1661212800000,90.44175851714573,65465677.89005263,4193246.9730792386,90.36,92.41,90.36,90.44
511,1661299200000,91.82167508177139,66772519.407230824,4841456.461709584,,,,
512,1661385600000,89.78926045766202,65185502.937011056,4458936.365790865,,,,
513,1661472000000,91.75920003075673,66747727.12483696,4692428.013322712,,,,
514,1661558400000,78.87138208228355,57272111.62499337,6774447.974939537,91.82,91.82,78.87,78.87
515,1661644800000,78.44734434632167,57061135.96191229,4599768.864722104,,,,
516,1661731200000,74.68614795605444,54477417.30711918,2650907.4496662538,,,,
517,1661817600000,79.82386074156771,58278458.9776204,4572229.42476345,,,,
518,1661904000000,77.28259487315606,56259785.70694497,4607698.08830989,78.45,79.82,74.69,77.28
519,1661990400000,77.67119632992,56462698.7156219,3764917.1885464136,,,,
520,1662076800000,78.62427420533618,57074045.97502274,10789968.438060267,,,,
521,1662163200000,76.40494963025088,55514485.4987764,3684635.5221536267,77.67,78.62,76.4,76.4
522,1662249600000,74.88873499262735,54473719.72075515,6244724.3477209145,,,,
523,1662336000000,75.5835334255202,54932699.21823861,3026829.7292487836,,,,
524,1662422400000,75.54259026374986,54919801.02130925,2690545.4142861553,,,,
525,1662508800000,72.76664305827357,53066200.43778762,6043901.668629658,74.89,75.58,72.77,72.77
526,1662595200000,73.76157967435059,53841401.00554119,4853023.056647232,,,,
527,1662681600000,74.88657905022394,54376825.9543022,5331251.4634420425,,,,
528,1662768000000,78.88915823149283,57357943.732171625,7957785.484303395,,,,
529,1662854400000,80.24392917290433,58422500.619274765,4694217.12638965,73.76,80.24,73.76,80.24
530,1662940800000,77.57108503496194,56339197.07521206,5022840.650879676,,,,
531,1663027200000,75.45113356295602,85024226.35715286,4327293.574948438,,,,
532,1663113600000,69.860278698021,79426996.02206203,4103953.3484178274,,,,
533,1663200000000,71.55247505396578,81706802.80490765,3837902.241520749,77.57,77.57,69.86,71.55
534,1663286400000,65.62842187206071,77617725.19003831,11324725.98358921,,,,
535,1663372800000,63.85012808295508,75709597.32915835,7039022.056173201,,,,
536,1663459200000,64.12532812961548,76130872.66840097,5972496.25812875,,,,
537,1663545600000,56.18557845431859,66936266.084710665,7520376.696828672,65.63,65.63,56.19,56.19
538,1663632000000,58.398842548675326,70078273.41618013,6441627.701021648,,,,
539,1663718400000,56.709968531381,68434238.9132077,5984519.241495641,,,,
540,1663804800000,53.96440224896948,65413963.55252867,5944586.846767632,,,,
541,1663891200000,56.74032327903397,69202684.84821026,6820019.55727545,58.4,58.4,53.96,56.74
542,1663977600000,56.34981393436882,68871593.7674615,4682408.464291353,,,,
543,1664064000000,57.16571289300599,70470024.82114306,12482395.270707425,,,,
544,1664150400000,55.99021477531905,69317567.89245053,4460453.645683796,,,,
545,1664236800000,58.3052156268594,71928609.35561238,4066373.5729656303,56.35,58.31,55.99,58.31
546,1664323200000,57.158454906898136,71774802.39503941,6227437.470949823,,,,
547,1664409600000,57.860458004866885,72686771.85026878,5022384.50721243,,,,
548,1664496000000,57.289669386151154,72256553.53897527,5339443.459915065,57.16,57.86,57.16,57.29
549,1664582400000,56.83058089127729,72215948.03698787,4076626.724854432,,,,
550,1664668800000,56.438562987210645,71734891.38238363,2472063.89820656,,,,
551,1664755200000,54.627868020754015,69309629.69009444,3079180.6567004733,56.83,56.83,54.63,54.63
552,1664841600000,56.28922410469664,72348741.35017495,3188357.0713182567,,,,
553,1664928000000,57.990657998417284,74464390.92600197,3229633.788603365,,,,
554,1665014400000,56.5634027332299,73107890.39222139,3204933.883359766,,,,
555,1665100800000,56.718283219693234,73388196.75879125,2765550.061813895,56.29,57.99,56.29,56.72
556,1665187200000,55.98578636431662,72526063.44300474,2147214.498824394,,,,
557,1665273600000,55.811574216861864,72385269.12490706,1908693.135694913,,,,
558,1665360000000,55.00861584013851,71950909.52350582,2392547.429466731,,,,
559,1665446400000,52.55765346491077,69107968.6961229,3642027.3920851443,55.99,55.99,52.56,52.56
560,1665532800000,52.18778422865251,68819869.98231989,2671049.952739593,,,,
561,1665619200000,54.91712352220602,73085569.29346493,19997426.98543327,,,,
562,1665705600000,56.26932290433355,75560687.4849797,16848361.74276885,,,,
563,1665792000000,54.34415742511445,75304951.09329136,11323108.596636899,52.19,56.27,52.19,54.34
564,1665878400000,53.04529625647509,74579159.42352112,3554362.428624837,,,,
565,1665964800000,54.1029643367043,76207562.32580276,3528703.9159123595,,,,
566,1666051200000,54.959973737076886,77838827.8473554,5473455.163794542,,,,
567,1666137600000,53.722420140599596,76520130.28170317,3334080.7433268097,53.05,54.96,53.05,53.72
568,1666224000000,52.13883178564234,74631786.58537824,2751583.767519072,,,,
569,1666310400000,51.91346673739257,74283894.94850525,2763936.9875782304,,,,
570,1666396800000,52.05410343474259,74827231.9417371,2797044.0574226486,,,,
571,1666483200000,53.25730954553189,76583256.7327987,6557285.17932404,52.14,53.26,51.91,53.26
572,1666569600000,58.30833479211956,84068907.60396042,20418998.62162154,,,,
573,1666656000000,54.973616343148414,80081514.03876181,6857992.613732961,,,,
574,1666742400000,59.21343097216073,87071412.24148116,6653074.141508452,,,,
575,1666828800000,73.25123065049817,108400174.3415676,82634167.16793162,58.31,73.25,54.97,73.25
576,1666915200000,64.77364890868387,96588764.78237809,20104014.910118174,,,,
577,1667001600000,67.23890151778531,101077965.44041915,10721412.78119499,,,,
578,1667088000000,67.69317910761536,101817812.83898064,14809871.38375007,,,,
579,1667174400000,66.7503709897065,100719224.67925937,5639769.839545203,64.77,67.69,64.77,66.75
580,1667260800000,66.32702134833164,100149789.99812719,6332552.510139711,,,,
581,1667347200000,62.350244241883935,96095456.65914527,7088735.323031338,,,,
582,1667433600000,58.58150829381676,91030329.00583304,9160043.828625133,66.33,66.33,58.58,58.58
583,1667520000000,59.54384709804274,92633016.62931578,6235898.018827912,,,,
584,1667606400000,65.67892278903048,102377560.18163039,9027627.443507954,,,,
585,1667692800000,64.75662850597736,101125488.69978142,5751971.90677343,,,,
586,1667779200000,61.34962852241096,96145810.34297366,5222926.093696742,59.54,65.68,59.54,61.35
587,1667865600000,59.82407771866079,94364205.58654764,5936072.047621161,,,,
588,1667952000000,51.704949086261415,82327670.67724109,18244604.08365452,,,,
589,1668038400000,41.8405517388116,66547928.58318401,13369936.928258901,,,,
590,1668124800000,49.79638756317671,79528427.74727309,10813605.154688373,59.82,59.82,41.84,49.8
591,1668211200000,48.207912537826886,77017700.1965441,6820054.990506892,,,,
592,1668297600000,45.59833588191546,73334310.72180337,3594910.3744817795,,,,
593,1668384000000,43.904222962618,70690523.65380245,3667319.624760491,,,,
594,1668470400000,44.73433435742852,72420297.10571148,4860119.514821236,48.21,48.21,43.9,44.73
595,1668556800000,45.01332506806408,73194838.04064776,3223476.7156030475,,,,
596,1668643200000,43.80902859196143,71256454.3849747,3636170.4605443277,,,,
597,1668729600000,43.48371679718231,70971414.49100593,3634384.1815910805,,,,
598,1668816000000,43.37798763462904,70827036.77011044,2704167.6473358464,45.01,45.01,43.38,43.38
599,1668902400000,43.743698510819634,72144185.86547342,2405226.508073251,,,,
600,1668988800000,40.696710262624144,67336502.83803098,4553901.7605256075,,,,
601,1669075200000,39.02320655831458,65084683.784560196,3726152.067614601,,,,
602,1669161600000,39.70876573607785,66497934.07189791,6019064.400559495,43.74,43.74,39.02,39.71
603,1669248000000,41.28153040494173,69657358.09582326,3759678.831401217,,,,
604,1669334400000,40.9275923867583,69177999.11909632,3478181.3637942406,,,,
605,1669420800000,39.141926272952276,66348221.56441188,5266878.9687086465,,,,
606,1669507200000,39.62257853239044,67198271.82452671,7845473.991750305,41.28,41.28,39.14,39.62
607,1669593600000,39.3692009643878,67066039.980858415,3829405.2341401475,,,,
608,1669680000000,38.71686171735759,66038877.18628502,3828057.980366731,,,,
609,1669766400000,39.811431263960856,68243829.1388657,3417801.1535847685,39.37,39.81,38.72,39.81
610,1669852800000,42.14438549627891,72944154.8251995,6305661.295834273,,,,
611,1669939200000,41.93240606572867,72122090.65688673,3698369.6322574443,,,,
612,1670025600000,42.152705205579984,72717034.3764783,3512698.3184336773,42.14,42.15,41.93,42.15
613,1670112000000,41.606166951985514,72128174.01229455,4366233.70597434,,,,
614,1670198400000,48.42892876804677,84072322.3126732,35035076.61586591,,,,
615,1670284800000,45.347534056169806,79563227.70629884,13061552.4312306,,,,
616,1670371200000,44.87216669322585,78712499.3563894,6267413.813450727,41.61,48.43,41.61,44.87
617,1670457600000,43.375780007340815,76258635.8911105,5622156.25318022,,,,
618,1670544000000,46.88105368277985,83284372.21881151,8926471.814079877,,,,
619,1670630400000,46.478845298799435,82834905.55816968,15601959.507062491,,,,
620,1670716800000,46.14054190767511,82291571.6991333,3931299.006669774,43.38,46.88,43.38,46.14
621,1670803200000,50.32460078037489,90101010.66478175,13143265.95547575,,,,
622,1670889600000,47.946470248398555,89235709.0450303,9197869.788080454,,,,
623,1670976000000,48.01232450552569,90748277.91423354,6830135.869456237,,,,
624,1671062400000,47.4745507461156,89752218.57803132,5960327.255646611,50.32,50.32,47.47,47.47
625,1671148800000,43.3656848078492,81968103.7064578,5759628.478117111,,,,
626,1671235200000,39.643739018492056,74995240.21096744,6288060.2952144835,,,,
627,1671321600000,41.872791539097726,79595199.16393691,11020094.505611088,,,,
628,1671408000000,41.30863912658862,78707326.53628886,2824194.2434590715,43.37,43.37,39.64,41.31
629,1671494400000,39.53489914599516,75447316.64553337,9306978.90567093,,,,
630,1671580800000,41.33189806426563,78971577.0767674,3827327.48876787,,,,
631,1671667200000,40.56684255870968,77796320.41294186,2919493.983903316,,,,
632,1671753600000,40.454725835764634,77698509.52737126,3077676.9031310966,39.53,41.33,39.53,40.45
633,1671840000000,40.19663935926855,77420071.46427965,2511574.820983029,,,,
634,1671926400000,40.12595607502763,77390353.24950714,2223485.4420112288,,,,
635,1672012800000,39.769918440322826,76620301.59062761,2321925.4607369173,,,,
636,1672099200000,40.179326570665886,77654333.13454126,2645957.698068972,40.2,40.2,39.77,40.18
637,1672185600000,40.387594679403506,78337079.37703486,3494137.883664315,,,,
638,1672272000000,39.09926961093449,75857292.88582902,2863461.780928666,,,,
639,1672358400000,39.092393073924946,75950786.92677337,2762963.8873144514,,,,
640,1672444800000,38.83129833997044,75664246.70486525,2513364.7675378,40.39,40.39,38.83,38.83
641,1672531200000,38.383334736428196,74976025.62391758,2320841.7395057525,,,,
642,1672617600000,38.52420448945306,75513375.36982901,2460016.966451154,,,,
643,1672704000000,39.27954302701865,77217082.13264735,3115002.2961497433,38.38,39.28,38.38,39.28
644,1672790400000,38.57071337411684,75890583.20232907,2961376.493040175,,,,
645,1672876800000,39.82896297344666,78652472.62170896,3390757.470288417,,,,
646,1672963200000,39.123984249582264,77718318.20123598,1819714.2915618028,,,,
647,1673049600000,38.8444184660447,77757685.09229735,4286345.668881129,38.57,39.83,38.57,38.84
648,1673136000000,39.69312363312558,79539764.24828656,5629721.483255972,,,,
649,1673222400000,41.02536106508631,82274653.17059538,4502989.117772332,,,,
650,1673308800000,42.456493671575096,82662607.32998787,7427576.030880611,,,,
651,1673395200000,45.19934485324334,87952739.80584759,7351569.868209074,39.69,45.2,39.69,45.2
652,1673481600000,48.95408497845538,95198452.95981531,20266438.200934082,,,,
653,1673568000000,51.13388245479426,99837969.02315743,14710955.83556257,,,,
654,1673654400000,53.361883556149294,104344050.5775123,7441011.059506141,,,,
655,1673740800000,54.56481984273561,107273834.27709642,10006698.660267629,48.95,54.56,48.95,54.56
656,1673827200000,52.65787959045333,103780029.19267255,6233547.641333494,,,,
657,1673913600000,53.57355575519477,105773500.9773471,6009886.880987979,,,,
658,1674000000000,53.90891809886536,106645002.88635868,6736467.749724947,,,,
659,1674086400000,50.24530445936355,99612670.40283623,6449935.907536885,52.66,53.91,50.25,50.25
660,1674172800000,51.50641701036683,102196004.09895746,4256782.896345747,,,,
661,1674259200000,56.08477608340728,111388716.43778448,7457570.814687555,,,,
662,1674345600000,55.418792323587134,110761349.95456196,6591243.766724639,,,,
663,1674432000000,56.799251296433305,113512903.28566721,6533627.671287182,51.51,56.8,51.51,56.8
664,1674518400000,63.78645129836232,128232309.33618242,17873881.540022627,,,,
665,1674604800000,59.47876752695847,119821038.94227466,11807595.707578277,,,,
666,1674691200000,62.48489313031548,126385496.35380137,8509588.60668984,,,,
667,1674777600000,61.05167525003132,123482213.99577993,5433782.1923523415,63.79,63.79,59.48,61.05
668,1674864000000,64.21286310686935,130526499.72934048,10864498.989827681,,,,
669,1674950400000,61.878755999344065,125512218.93130139,7912751.740961885,,,,
670,1675036800000,70.9443337732653,143916619.70746377,17291247.43742632,,,,
671,1675123200000,66.35647886870449,135609449.61686504,20294301.741635624,64.21,70.94,61.88,66.36
672,1675209600000,68.07314189435755,139984996.76012173,8991485.959158538,,,,
673,1675296000000,73.51189761813613,152021962.90063033,19506492.360662606,,,,
674,1675382400000,85.44253762122422,176178481.1678275,56526376.28771573,68.07,85.44,68.07,85.44
675,1675468800000,94.98314546132872,204285583.55880487,153834552.582768,,,,
676,1675555200000,94.56340924546477,204745681.8422165,46482322.666211605,,,,
677,1675641600000,89.93243289530346,193453134.4999848,37468878.549357355,,,,
678,1675728000000,87.6615016749015,188877891.76290208,39125150.87546004,94.98,94.98,87.66,87.66
679,1675814400000,91.99014825852474,199042603.12136906,34247835.819033645,,,,
680,1675900800000,88.8474218571779,192798838.57250682,46974598.063189425,,,,
681,1675987200000,74.18174610740314,162380138.9433729,36802546.18037751,,,,
682,1676073600000,73.10434372119641,159979604.23242143,21345883.56989164,91.99,91.99,73.1,73.1
683,1676160000000,79.61181521691874,174574661.03216636,18640499.238960892,,,,
684,1676246400000,74.28302836910953,163252377.3622104,17240037.08099339,,,,
685,1676332800000,73.21920315597775,160370790.41518182,20640633.94859546,,,,
686,1676419200000,76.35839883753962,168092031.02443472,15822773.099581974,79.61,79.61,73.22,76.36
687,1676505600000,87.10266811493464,190911873.61019003,25997392.40619584,,,,
688,1676592000000,80.70090038511445,177739491.6069548,29175203.386446673,,,,
689,1676678400000,86.91512788658713,191773360.4406061,20433740.363797966,,,,
690,1676764800000,84.7259614373226,187768536.68198863,16314539.710520271,87.1,87.1,80.7,84.73
691,1676851200000,82.5670260309826,183395041.53008348,15213083.53502592,,,,
692,1676937600000,83.90420335449281,187953841.22648865,15171029.730030846,,,,
693,1677024000000,78.40580128497963,176307563.20064098,16619560.489204813,,,,
694,1677110400000,78.57735264886824,177171484.6075788,17939654.159934353,82.57,83.9,78.41,78.58
695,1677196800000,76.68876853825296,172161834.11940482,12579779.402191903,,,,
696,1677283200000,73.4022352294891,165081820.26561725,11022365.146085966,,,,
697,1677369600000,73.3687112201501,165492749.25695676,9544168.026506918,,,,
698,1677456000000,75.8250763845148,171498450.11306545,9231349.053189399,76.69,76.69,73.37,75.83
699,1677542400000,74.02000364726926,168131333.6664592,9697065.422225121,74.02,87.73,74.02,85.96
700,1677628800000,76.04187642880139,172751662.78731626,19425686.64622127,,,,
701,1677715200000,87.7293732280032,200882739.0694312,55672668.18616484,,,,
702,1677801600000,85.95929270219752,196321834.3379887,27945918.877682425,,,,
703,1677888000000,81.95344502326306,187552930.98668444,26476299.756755374,,,,
704,1677974400000,77.56662480365105,177675228.53001687,15231363.502098141,,,,
705,1678060800000,78.40591227604989,179944860.90747243,15937564.927107332,,,,
706,1678147200000,80.32446347403813,185366398.3231183,17896525.245317142,81.95,81.95,77.57,80.32
707,1678233600000,75.63304162635532,174133833.08197537,25639482.61642328,,,,
708,1678320000000,66.70721796081831,154787993.3562395,22882273.427070137,,,,
709,1678406400000,61.58239143523815,141535473.6369952,14050604.495292932,,,,
710,1678492800000,60.52078552596949,141592579.76369095,18975625.675284334,75.63,75.63,60.52,60.52
711,1678579200000,62.07980547442228,143990001.20858335,9549593.95832053,,,,
712,1678665600000,66.55987805381297,155146729.39151886,8836737.848871069,,,,
713,1678752000000,70.21156492542559,164428623.83093712,19303953.102975797,,,,
714,1678838400000,72.51365397025329,169974565.69182888,20307151.10288179,62.08,72.51,62.08,72.51
715,1678924800000,67.0860428951932,156870612.76951253,18499625.026258383,,,,
716,1679011200000,66.76120818077646,156525463.6328249,10068844.711340113,,,,
717,1679097600000,72.10146846897172,169492027.99796197,13415485.333420373,,,,
718,1679184000000,74.92760315053445,176631340.53894722,19124107.253041882,67.09,74.93,66.76,74.93
719,1679270400000,73.55781858206916,174998824.31143218,15461770.753873004,,,,
720,1679356800000,68.59410975207955,162280669.56792825,12000986.540392155,,,,
721,1679443200000,70.38906311350765,166400685.078018,8004496.59423912,,,,
722,1679529600000,67.34050217672348,159204661.10219494,8561919.221420856,73.56,73.56,67.34,67.34
723,1679616000000,69.22245349424597,164037532.86648518,7722447.79331143,,,,
724,1679702400000,62.8452105942845,150739330.44245023,8196390.284173616,,,,
725,1679788800000,60.29906182989262,146889043.3150689,10884332.592164187,,,,
726,1679875200000,61.634064541693775,150979595.42337915,6948556.36381307,69.22,69.22,60.3,61.63
727,1679961600000,55.926641040639566,137033594.19424167,11715839.85148912,,,,
728,1680048000000,58.0729100722689,142685226.48670134,6181364.650235078,,,,
729,1680134400000,59.90397590648897,148056277.88802812,8039476.390017237,,,,
730,1680220800000,58.89228158370793,145395389.8577474,6015697.749895189,55.93,59.9,55.93,58.89
731,1680307200000,59.98863901732112,149096568.9476866,5105516.122324923,,,,
732,1680393600000,59.91383206020818,149425594.00271413,4386473.678036389,,,,
733,1680480000000,58.67893557064007,146614664.14835784,4094882.65259234,59.99,59.99,58.68,58.68
734,1680566400000,58.30147703718726,146047554.51109704,5076519.5297281975,,,,
735,1680652800000,59.58361917249049,149226369.8569375,5247655.8100085985,,,,
736,1680739200000,61.04308662304994,153540050.00027642,6284208.469720649,,,,
737,1680825600000,60.04467200496741,150994835.4709577,4691541.610469903,58.3,61.04,58.3,60.04
738,1680912000000,59.196442097798524,149452104.8193805,4614885.076056449,,,,
739,1680998400000,58.96205701683182,149339907.13080704,3461217.2018315583,,,,
740,1681084800000,58.879580883624484,149293275.23992953,4453927.889273589,,,,
741,1681171200000,60.03064872074084,152867985.13083136,5221410.877076052,59.2,60.03,58.88,60.03
742,1681257600000,58.962813166757385,151448831.35072675,8726773.10697521,,,,
743,1681344000000,59.627223010366215,153527169.79958886,7457581.117196582,,,,
744,1681430400000,62.824788576295596,161597773.83755752,13079510.233857987,,,,
745,1681516800000,63.917957200340894,164479387.06699756,12169526.21557437,58.96,63.92,58.96,63.92
746,1681603200000,64.5312842881835,166502605.27198827,8894685.596943421,,,,
747,1681689600000,65.89166107818353,170621273.00233838,10837762.107214384,,,,
748,1681776000000,63.524836759463106,164814016.24941555,5780172.280580318,,,,
749,1681862400000,64.50297556202564,168570702.779615,10716352.749131402,64.53,65.89,63.52,64.5
750,1681948800000,57.003638815703454,148287578.65741125,12017170.131462635,,,,
751,1682035200000,56.21204687644603,277714737.546772,9506661.181759212,,,,
752,1682121600000,53.485117625486744,264188134.70339045,8842837.262960909,,,,
753,1682208000000,53.9059462526462,266240699.0749611,4487677.659770325,57.0,57.0,53.49,53.91
754,1682294400000,52.51824336127869,259359578.98889905,4003608.9468787545,,,,
755,1682380800000,51.46288154963978,255703185.07800037,4740640.349329925,,,,
756,1682467200000,51.97012376552576,259536282.01284385,7678270.285880925,,,,
757,1682553600000,52.21591538293771,261725076.88972256,9829465.28178167,52.52,52.52,51.46,52.22
758,1682640000000,53.21604896191606,265829792.2920533,4655403.793452988,,,,
759,1682726400000,52.86888128098997,264804811.13705412,3780500.7224709913,,,,
760,1682812800000,52.993710684149654,265348447.7281386,3880355.8726606527,53.22,53.22,52.87,52.99
761,1682899200000,51.71845086324427,260669054.25589103,2536149.1399192614,,,,
762,1682985600000,50.69449973264836,255041111.91909465,2717143.811175402,,,,
763,1683072000000,51.28324506982867,258526482.49622333,1998440.9331963211,51.72,51.72,50.69,51.28
764,1683158400000,51.0316840910728,258704473.9021281,4073073.1849202337,,,,
765,1683244800000,49.738007424786716,252229789.3428315,4918926.939355347,,,,
766,1683331200000,51.374674743776495,260523979.8451297,9720972.709006608,,,,
767,1683417600000,48.93333838573029,248299175.63353238,9503408.856739298,51.03,51.37,48.93,48.93
768,1683504000000,48.03269340946071,244923293.4642067,8416713.13130504,,,,
769,1683590400000,46.47919884645991,236291226.73711762,10434752.759954188,,,,
770,1683676800000,45.58184787151401,232928196.0481958,9660862.224050662,,,,
771,1683763200000,46.1304151792317,235538726.77529493,4720859.553048208,48.03,48.03,45.58,46.13
772,1683849600000,45.25922868122034,231585603.89036384,5058569.306050079,,,,
773,1683936000000,45.300470517559646,231919909.11697066,3653793.146043659,,,,
774,1684022400000,44.92406835489193,231042920.24436396,3366450.6656606155,,,,
775,1684108800000,45.0086601736926,231487147.41482472,1443398.0290410854,45.26,45.3,44.92,45.01
776,1684195200000,45.56451825460586,235278502.8165811,3442471.3967863983,,,,
777,1684281600000,45.56394741396247,235511557.42782208,2069209.7883263868,,,,
778,1684368000000,48.771981538492,252230029.5468995,6513189.872054468,,,,
779,1684454400000,47.343692053102075,245604595.15307674,3750644.778800036,45.56,48.77,45.56,47.34
780,1684540800000,47.9922239235332,248939712.06669462,1513638.9002206686,,,,
781,1684627200000,46.99686227307659,244138549.19067323,2788680.5987922666,,,,
782,1684713600000,46.50075481538735,242915424.96010387,3219993.7569138934,,,,
783,1684800000000,46.952874696186626,245188365.8736467,3187998.908387925,47.99,47.99,46.5,46.95
784,1684886400000,48.05915913267207,251258835.96576828,3480358.9585493407,,,,
785,1684972800000,47.337078391805015,247947471.13996643,3205569.703682367,,,,
786,1685059200000,47.514148452529874,249312126.29279825,2606723.181326678,,,,
787,1685145600000,47.525042455978415,250287452.54204428,3700955.5566400327,48.06,48.06,47.34,47.53
788,1685232000000,47.47097218218737,250237428.06968978,2955758.4112051837,,,,
789,1685318400000,49.48076829704211,261133103.64428997,3399076.005570181,,,,
790,1685404800000,49.04948571747561,259447705.37722614,3192428.0229281485,,,,
791,1685491200000,49.70598037572219,263962594.13156018,5489534.651489032,47.47,49.71,47.47,49.71
792,1685577600000,52.63017947649012,279656992.5668968,15124545.037352173,,,,
793,1685664000000,55.01105916318107,293169930.12137645,15118935.152550766,,,,
794,1685750400000,54.82668277129543,292257782.3986443,8514675.50667577,52.63,55.01,52.63,54.83
795,1685836800000,53.640748128626484,285318643.14324516,5612731.54023177,,,,
796,1685923200000,53.11512995648434,284154411.0002872,4580545.373332885,,,,
797,1686009600000,50.99695068250697,273469501.32534045,7993778.324253838,,,,
798,1686096000000,52.49093365123208,280966126.3607004,7022547.247818304,53.64,53.64,51.0,52.49
799,1686182400000,49.84109221192957,267226366.22103742,8477089.233320305,,,,
800,1686268800000,50.14796427036324,269819185.21308845,3850994.8297234094,,,,
801,1686355200000,49.11259353462656,263639744.6080643,2242855.7043469786,,,,
802,1686441600000,45.25396832111194,243904493.98469353,7604060.585129007,49.84,50.15,45.25,45.25
803,1686528000000,45.48354304291829,246495011.4448929,3103730.1755813207,,,,
804,1686614400000,44.5791422810953,242555464.31168565,3573427.4829814145,,,,
805,1686700800000,44.6300841506777,242218130.42554054,4120080.319838654,,,,
806,1686787200000,42.61322635548457,230736977.28219745,4803341.425199775,45.48,45.48,42.61,42.61
807,1686873600000,43.23543090122498,235071634.0088878,2233021.839605433,,,,
808,1686960000000,44.843748794054335,244399848.82455403,4500593.890902555,,,,
809,1687046400000,45.15309405620371,246033074.94589937,1499243.7170725926,,,,
810,1687132800000,44.13715202157422,241368619.10985997,1380504.5663532724,43.24,45.15,43.24,44.14
811,1687219200000,44.38393568251412,242958677.07579982,1515711.5859938955,,,,
812,1687305600000,45.36805543145973,248146493.60860115,3483391.9926981083,,,,
813,1687392000000,47.830525118222354,263363320.15598795,3310611.1920934403,,,,
814,1687478400000,46.520807662922294,256235547.76293734,2831264.7367372857,44.38,47.83,44.38,46.52
815,1687564800000,47.6594979699055,264613931.2774034,4307716.38744995,,,,
816,1687651200000,46.79660141840396,258700757.36573425,2760177.939755152,,,,
817,1687737600000,47.61179029456537,262997986.45125082,3238554.544805401,,,,
818,1687824000000,46.22016590525732,256167872.95694023,4206915.274525786,47.66,47.66,46.22,46.22
819,1687910400000,46.63363874426491,258379000.89340395,3172172.857642676,,,,
820,1687996800000,43.872056468524065,245250790.99195814,4274075.890163147,,,,
821,1688083200000,44.70109369149405,249042034.88096702,2095024.8428873636,46.63,46.63,43.87,44.7
822,1688169600000,45.842271185614116,255758261.07629332,4471788.857268653,,,,
823,1688256000000,46.301983281111625,257471746.07804942,3438972.8774046847,,,,
824,1688342400000,46.10577670395153,256851521.40076587,3324497.2967121033,45.84,46.3,45.84,46.11
825,1688428800000,46.98233432076859,262199979.79690647,3171665.1805826547,,,,
826,1688515200000,45.68180832065266,256723889.4892135,4471258.23869102,,,,
827,1688601600000,43.40362076154417,242546192.74383065,6550543.3330368,,,,
828,1688688000000,41.54659615210142,233144761.82472774,3522830.8222416653,46.98,46.98,41.55,41.55
829,1688774400000,42.03936979515054,234849981.8889152,2719205.8407668984,,,,
830,1688860800000,39.40888959011033,220284632.67417136,8604336.519820618,,,,
831,1688947200000,39.83185102072738,222522801.6892638,3297875.466704777,,,,
832,1689033600000,40.68272287798874,227219264.10710707,4574265.242937956,42.04,42.04,39.41,40.68
833,1689120000000,41.39045222629885,232026706.20631087,4844753.033540491,,,,
834,1689206400000,40.98591016551118,230311924.69555706,4169226.4802174787,,,,
835,1689292800000,43.808885687670106,244681583.7261045,6403267.404664921,,,,
836,1689379200000,42.71279695736695,238870938.93601957,4244296.090975127,41.39,43.81,40.99,42.71
837,1689465600000,41.7021676365605,233668353.81946227,3630843.244020944,,,,
838,1689552000000,41.06228929972946,229448160.83805743,4640092.115365583,,,,
839,1689638400000,40.83372937351691,229581295.69139433,3752898.1489257626,,,,
840,1689724800000,40.68259012085017,228737362.9615704,3518425.4485189286,41.7,41.7,40.68,40.68
841,1689811200000,41.060201380041256,231169467.7430928,3333637.8647436053,,,,
842,1689897600000,41.8452861895224,235616539.24137536,4239940.999866642,,,,
843,1689984000000,41.83567774274168,234583558.45781195,1854815.6711495968,,,,
844,1690070400000,40.87367112338244,229661826.73117152,2684706.047944049,41.06,41.85,40.87,40.87
845,1690156800000,41.54491856466164,233759585.23495445,3217683.8930434086,,,,
846,1690243200000,39.728557344059524,223085972.99379447,2646236.661762184,,,,
847,1690329600000,39.614462907594216,222900160.89139748,3850231.0327745494,,,,
848,1690416000000,40.00431115867855,225377855.70349598,1499033.5265132566,41.54,41.54,39.61,40.0
849,1690502400000,41.540865910127415,233983193.53848237,4482912.138678213,,,,
850,1690588800000,42.29352316854546,238431116.42212558,4060302.026680037,,,,
851,1690675200000,41.74178493402505,235209479.46629494,1337888.3746553808,,,,
852,1690761600000,41.21631137179549,231975011.97860473,1732898.9139496193,41.54,42.29,41.22,41.22
853,1690848000000,40.65850634068865,229204133.6901753,2243001.7961493707,,,,
854,1690934400000,41.34624726508382,231944110.5071022,3593166.74480985,,,,
855,1691020800000,40.7780444403113,230219503.6655783,2332866.4071916086,40.66,41.35,40.66,40.78
856,1691107200000,43.190667644306075,243322619.9643987,5888026.173357059,,,,
857,1691193600000,44.55414871099366,251594031.38250795,16046603.388329994,,,,
858,1691280000000,48.92702119077684,276389441.21132904,14501139.995572284,,,,
859,1691366400000,48.22040991880871,272363389.7164716,10445427.673319982,43.19,48.93,43.19,48.22
860,1691452800000,46.07269423615457,260170234.97808617,6105353.878912316,,,,
861,1691539200000,47.86051305694764,271084564.4177668,4921357.498933315,,,,
862,1691625600000,47.27878145482467,267607898.45703626,3019523.9264411745,,,,
863,1691712000000,49.302798298374256,279086792.98975736,4214232.380184027,46.07,49.3,46.07,49.3
864,1691798400000,53.63853314375843,303874161.4138889,15545570.720581194,,,,
865,1691884800000,53.11656301719432,301303444.57086253,5987097.286404661,,,,
866,1691971200000,51.50812913967493,292045977.0710662,5536372.158494353,,,,
867,1692057600000,52.554036225208854,297765502.5160592,4529357.978286889,53.64,53.64,51.51,52.55
868,1692144000000,48.99135167012955,277644894.6229822,6450231.483882418,,,,
869,1692230400000,47.39820552718379,268945877.17320246,5933749.160697066,,,,
870,1692316800000,45.27723177706654,256426291.98825318,15157621.05710162,,,,
871,1692403200000,44.575953764206055,253193593.58370987,4759989.608628564,48.99,48.99,44.58,44.58
872,1692489600000,45.20498363631826,256842664.66062573,3182078.471798167,,,,
873,1692576000000,45.19569386454785,256892794.1410604,2097411.5765136015,,,,
874,1692662400000,44.56455926233026,253460029.77508485,2000682.6550247387,,,,
875,1692748800000,42.92289509957202,244249533.75616127,2692974.272390828,45.2,45.2,42.92,42.92
876,1692835200000,44.19713734882537,251206657.8714022,2254151.8007747564,,,,
877,1692921600000,43.223382874151454,245640940.97475004,1512887.8460386458,,,,
878,1693008000000,42.347690294846934,240936037.9992039,2021787.8389297177,,,,
879,1693094400000,41.90433616768194,238174447.9808249,1449548.8423742803,44.2,44.2,41.9,41.9
880,1693180800000,42.49781815470141,241855921.22950017,1379832.10803321,,,,
881,1693267200000,42.990827295190826,244884912.1458867,2118081.144158245,,,,
882,1693353600000,44.7267294964218,254696142.14646304,4878922.197409698,,,,
883,1693440000000,44.30813509675354,255625621.8334433,1762660.6953447303,42.5,44.73,42.5,44.31
884,1693526400000,42.658458471324494,246588456.74870092,2229171.588249199,,,,
885,1693612800000,42.049604954103486,243167374.06789812,1991380.6112698629,,,,
886,1693699200000,41.76561972813179,241856518.43459868,1915151.4978344222,42.66,42.66,41.77,41.77
887,1693785600000,41.29580712953013,239969881.49884444,2259919.4991060146,,,,
888,1693872000000,41.090125173096624,238269836.98113024,2590917.6767941965,,,,
889,1693958400000,41.32061157684491,239870113.34478948,2525086.845066662,,,,
890,1694044800000,40.80832361988807,236859595.41439602,2125733.6443115245,41.3,41.32,40.81,40.81
891,1694131200000,41.65035998609246,242106249.08237544,2025191.0537641756,,,,
892,1694217600000,41.286417464332565,240140129.52066094,1569666.9870233769,,,,
893,1694304000000,40.75626291847256,238842756.28893954,1325334.5969671991,,,,
894,1694390400000,40.05188026004989,233783877.72484642,1727098.801031899,41.65,41.65,40.05,40.05
895,1694476800000,39.21821164226175,228921557.69038552,2322327.5795180053,,,,
896,1694563200000,39.93863938065177,233077430.69731453,1798683.6951344134,,,,
897,1694649600000,39.908808321143226,232841125.92879346,2102359.2488200343,,,,
898,1694736000000,40.27897116800777,235298766.57113397,1870251.2878889383,39.22,40.28,39.22,40.28
899,1694822400000,40.7157818917208,238156480.96622002,1953879.9006491548,,,,
900,1694908800000,41.53890550882928,242846333.58353576,2557471.5095605943,,,,
901,1694995200000,40.961033835258064,239428440.78132966,1435038.3984860398,,,,
902,1695081600000,40.648851011755355,237800410.2190714,2287234.8458422204,40.72,41.54,40.65,40.65
903,1695168000000,40.752413593383444,238602746.75126132,1603889.1730168557,,,,
904,1695254400000,40.69995573868276,238487595.01549166,1735500.7435404344,,,,
905,1695340800000,39.79283137891901,232806282.56790662,1970916.122093838,,,,
906,1695427200000,39.65954663492638,232478254.76410618,2215044.8156207334,40.75,40.75,39.66,39.66
907,1695513600000,39.55045815287029,232227611.1989048,1308477.9474651734,,,,
908,1695600000000,39.03749960932234,229281951.22415653,1413929.9095348138,,,,
909,1695686400000,38.757448762271444,227478531.6472724,3008060.2653667196,,,,
910,1695772800000,38.8554445765368,228238606.9757165,1470581.2636204807,39.55,39.55,38.76,38.86
911,1695859200000,38.793110855301215,227912031.09828502,1940784.337356922,,,,
912,1695945600000,40.02148194963334,235299054.14484352,2389508.698415326,,,,
913,1696032000000,40.35098302524583,237254517.34422606,2130068.692579164,38.79,40.35,38.79,40.35
914,1696118400000,39.9189571960069,234677499.89907715,2024073.3446775253,,,,
915,1696204800000,41.58386756668684,244680275.24726754,2379403.2405335293,,,,
916,1696291200000,40.28986643256257,236967842.6452774,2206560.9645936713,39.92,41.58,39.92,40.29
917,1696377600000,39.34343563200775,231930129.9721272,2237436.1380334008,,,,
918,1696464000000,39.40201169442954,232167158.31014395,1869865.3785497884,,,,
919,1696550400000,38.87437722672158,229461197.80852637,1681940.3752817041,,,,
920,1696636800000,39.65542454832904,234039586.7647093,1620457.465968824,39.34,39.66,38.87,39.66
921,1696723200000,39.39608928231314,232502576.61098,1077405.6690612838,,,,
922,1696809600000,39.15687191600892,231347422.3828617,1620561.3381986546,,,,
923,1696896000000,38.462640515814826,227417920.67094308,1952080.4916953323,,,,
924,1696982400000,40.11675157995291,237315660.4264078,9711444.073434267,39.4,40.12,38.46,40.12
925,1697068800000,41.046760200334155,243055468.64239532,6062386.688275997,,,,
926,1697155200000,39.26883049146869,232333941.37791738,4940600.628856452,,,,
927,1697241600000,39.59053355769996,234340520.33552402,2172910.323664414,,,,
928,1697328000000,39.767005535649,235158451.7120262,1443398.5349359314,41.05,41.05,39.27,39.77
929,1697414400000,39.498474760391126,234182192.80195403,3056735.652337466,,,,
930,1697500800000,40.20127195606657,238136004.62844017,2697432.4523671498,,,,
931,1697587200000,40.95189115897416,243046566.134074,4359310.193435524,,,,
932,1697673600000,39.257065234394496,233230969.4773584,3482720.900735807,39.5,40.95,39.26,39.26
933,1697760000000,38.58363165434923,229457166.36626512,2851828.975924383,,,,
934,1697846400000,39.55447546328069,235115181.38799283,2447465.3173208763,,,,
935,1697932800000,40.03883035645119,237960681.2425958,2108651.534664615,,,,
936,1698019200000,40.77670933031301,238166929.83497342,2540273.7215927644,38.58,40.78,38.58,40.78
937,1698105600000,42.78309588323568,253956932.56730804,4195738.334258917,,,,
938,1698192000000,46.9287982124975,279682039.90513206,10771435.453172,,,,
939,1698278400000,46.67582204816945,278063566.1166209,5108526.710177385,,,,
940,1698364800000,49.47597041279109,295624894.42971766,5823615.019520495,42.78,49.48,42.78,49.48
941,1698451200000,50.138451411781595,299346035.2003636,7301472.502479366,,,,
942,1698537600000,49.16416620935348,294445979.7149791,3614855.980547644,,,,
943,1698624000000,50.227848274040056,300124683.45635253,2624591.2970384858,,,,
944,1698710400000,49.89849922302612,297823633.10934454,3178738.4091704683,50.14,50.23,49.16,49.9
945,1698796800000,48.88482089749535,292109421.52494985,3331778.151843804,,,,
946,1698883200000,49.80397648527015,295758143.1798272,3560382.641756562,,,,
947,1698969600000,50.86088017545618,303750151.5282701,4271835.827733486,48.88,50.86,48.88,50.86
948,1699056000000,57.25483087307708,342663663.95363766,14812781.209716775,,,,
949,1699142400000,62.36051232796715,374125035.8529085,16269434.586657878,,,,
950,1699228800000,64.83950961643947,388104954.6082401,39618729.038010135,,,,
951,1699315200000,66.37243216635015,397348389.43908715,13677623.414364794,57.25,66.37,57.25,66.37
952,1699401600000,64.53569829372765,386917732.1274914,13479690.209870953,,,,
953,1699488000000,75.8457287202967,454205314.190713,59125387.933612496,,,,
954,1699574400000,89.94606034412035,539531875.2193658,72523444.0171131,,,,
955,1699660800000,95.64650631117091,575586693.5321611,96966839.51723675,64.54,95.65,64.54,95.65
956,1699747200000,92.9060803797804,556836693.5605218,54015866.95227514,,,,
957,1699833600000,89.85297567116648,541766557.9318908,24259906.47151104,,,,
958,1699920000000,87.25078677230205,525481787.31973314,47652712.41460255,,,,
959,1700006400000,84.91205348261536,513032269.0290412,29270024.606119353,92.91,92.91,84.91,84.91
960,1700092800000,93.15785855385046,560202455.5343453,39470826.86995329,,,,
961,1700179200000,84.61701384991672,510495375.241473,39909883.82522186,,,,
962,1700265600000,83.29106149135288,504021297.0186916,27840939.680403516,,,,
963,1700352000000,87.20778494150005,528205979.42161316,25876463.037794363,93.16,93.16,83.29,87.21
964,1700438400000,97.36905470323175,589283379.1625503,38903383.85961995,,,,
965,1700524800000,103.8075346438333,629683818.9631175,79640764.69404371,,,,
966,1700611200000,89.959429996769,542644756.0620563,56291605.396251366,,,,
967,1700697600000,103.73448066550442,629022953.0301635,43643232.04837436,97.37,103.81,89.96,103.73
968,1700784000000,98.79965760086586,600180379.2951937,37058146.270361096,,,,
969,1700870400000,99.96116076502261,607943752.1850288,37500704.466539845,,,,
970,1700956800000,108.03966032066332,654303756.5112067,34834669.951480865,,,,
971,1701043200000,116.9737210785554,709360578.5072379,53340909.43769174,98.8,116.97,98.8,116.97
972,1701129600000,114.13099648284648,691120139.1625009,74960249.93336797,,,,
973,1701216000000,116.5428562963242,705951573.5010924,46161742.3887408,,,,
974,1701302400000,109.06892836074755,664714678.6125933,44955979.89500848,114.13,116.54,109.07,109.07
975,1701388800000,107.51218680678218,652586602.204988,40951112.40504751,,,,
976,1701475200000,108.13311267682504,656370120.5847182,29835967.811505754,,,,
977,1701561600000,113.76938160184052,691514138.8026919,32044684.754610635,107.51,113.77,107.51,113.77
978,1701648000000,109.17639985286321,664285561.0710131,29679845.83116116,,,,
979,1701734400000,110.86599828410127,675080365.8851991,31536692.16176834,,,,
980,1701820800000,110.32599745178317,674685785.6233294,24250021.724225223,,,,
981,1701907200000,96.95458997824146,593705709.4718091,48157993.09926571,109.18,110.87,96.95,96.95
982,1701993600000,102.79757249901117,626595729.3383363,28099873.522783644,,,,
983,1702080000000,103.10609631139008,627744515.1422642,29289125.10060609,,,,
984,1702166400000,107.67116864366255,655286939.4189374,31322913.038288582,,,,
985,1702252800000,107.51159230471504,656346598.9644729,46419226.926460974,102.8,107.67,102.8,107.51
986,1702339200000,99.0531320033909,607113879.5435131,43869653.745890126,,,,
987,1702425600000,97.75706264497245,597770372.7826806,32884587.581415456,,,,
988,1702512000000,99.3218560862233,606019263.6691285,31616541.890603315,,,,
989,1702598400000,104.9759512137889,636962796.6402549,19512410.39661972,99.05,104.98,97.76,104.98
990,1702684800000,93.59626388369541,579036889.8327725,31538083.418514334,,,,
991,1702771200000,94.20189699790177,571348918.031754,26668802.89561993,,,,
992,1702773598000,94.08938272570705,574660221.3730973,26147173.240471,,,,
993,1702944000000,,,,93.6,94.2,93.6,94.2
