DateTime,Volatility,Price
2021-04-01T00:00:00.000Z,9.106446487814901,78.138373611366
2021-04-02T00:00:00.000Z,6.644177314884737,92.87444389758001
2021-04-03T00:00:00.000Z,6.9375024849606355,77.53897509035339
2021-04-04T00:00:00.000Z,6.094483916471701,81.77920397052691
2021-04-05T00:00:00.000Z,5.484552334141686,100.42714062730877
2021-04-06T00:00:00.000Z,5.377494021064505,89.5441876563657
2021-04-07T00:00:00.000Z,5.1887938985445885,81.317388316377
2021-04-08T00:00:00.000Z,4.85466966512132,87.98962898322434
2021-04-09T00:00:00.000Z,4.797681638015151,75.47092567005336
2021-04-10T00:00:00.000Z,4.591094785169853,88.78816983142048
2021-04-11T00:00:00.000Z,4.378756118388409,97.75262246167783
2021-04-12T00:00:00.000Z,4.313469605201346,87.15043504131772
2021-04-13T00:00:00.000Z,4.2068485282444925,80.76765434767222
2021-04-14T00:00:00.000Z,4.065581056818028,80.41301899056461
2021-04-15T00:00:00.000Z,3.969650141606675,75.07370967764938
2021-04-16T00:00:00.000Z,3.867376142100578,71.63039251672606
2021-04-17T00:00:00.000Z,3.754845593266761,72.21215697756904
2021-04-18T00:00:00.000Z,3.665257032016952,69.3766139758477
2021-04-19T00:00:00.000Z,3.6078084630875016,63.08094099020737
2021-04-20T00:00:00.000Z,3.5647233154092146,73.74658089342824
2021-04-21T00:00:00.000Z,3.5020582112516987,69.07330040388733
2021-04-22T00:00:00.000Z,3.422253657528009,70.00528095055128
2021-04-23T00:00:00.000Z,3.36273498028572,66.29705052507116
2021-04-24T00:00:00.000Z,3.29830163062385,64.51914247909077
2021-04-25T00:00:00.000Z,3.252181427272938,59.82899513436883
2021-04-26T00:00:00.000Z,3.21148446975433,67.2495048022967
2021-04-27T00:00:00.000Z,3.1664410143943287,63.180685508245844
2021-04-28T00:00:00.000Z,3.1170492268236916,60.66007983303402
2021-04-29T00:00:00.000Z,3.062901687374227,62.196854781010764
2021-04-30T00:00:00.000Z,3.062641361740575,62.41501835690995
2021-05-01T00:00:00.000Z,1.9969180286477624,69.85079997377308
2021-05-02T00:00:00.000Z,1.8894643733259349,65.55392152944187
2021-05-03T00:00:00.000Z,1.8059338974047323,63.00408354098064
2021-05-04T00:00:00.000Z,1.8001803441839344,60.01373726292086
2021-05-05T00:00:00.000Z,1.632267392360097,65.54465076474393
2021-05-06T00:00:00.000Z,1.5983027996926136,62.80210388733142
2021-05-07T00:00:00.000Z,1.5796574812218325,65.6367711089634
2021-05-08T00:00:00.000Z,1.5504708110821448,66.4953579395458
2021-05-09T00:00:00.000Z,1.4786847431048973,69.32483473202339
2021-05-10T00:00:00.000Z,1.354702715292409,64.26815789365936
2021-05-11T00:00:00.000Z,1.3000113233148405,65.36916277408933
2021-05-12T00:00:00.000Z,1.2523015365175418,65.5898272742277
2021-05-13T00:00:00.000Z,1.2535746086790256,69.84210505480448
2021-05-14T00:00:00.000Z,1.4890675166658849,85.74112095829429
2021-05-15T00:00:00.000Z,1.511975023886878,77.34290384089346
2021-05-16T00:00:00.000Z,1.5013197804968168,77.98490579562
2021-05-17T00:00:00.000Z,1.5055561781085913,75.88919973531561
2021-05-18T00:00:00.000Z,1.5121266440093983,80.94883953234968
2021-05-19T00:00:00.000Z,1.681290908445841,62.91776631198193
2021-05-20T00:00:00.000Z,1.605247035391572,68.67319951933426
2021-05-21T00:00:00.000Z,1.6532564853744574,59.865425732644454
2021-05-22T00:00:00.000Z,1.6559393114381136,57.915363224812296
2021-05-23T00:00:00.000Z,1.7814572038065961,46.54698933807308
2021-05-24T00:00:00.000Z,2.121689171867718,61.63860987593584
2021-05-25T00:00:00.000Z,2.111717238890051,58.76365037455172
2021-05-26T00:00:00.000Z,2.0753449308512377,61.82627823155
2021-05-27T00:00:00.000Z,2.067061595816398,59.767944915213405
2021-05-28T00:00:00.000Z,2.087271070301091,54.427917277447236
2021-05-29T00:00:00.000Z,2.088652893476027,52.72362131263423
2021-05-30T00:00:00.000Z,2.1050543641171453,56.69198108565051
2021-05-31T00:00:00.000Z,2.0999159271384826,63.0151473673378
2021-06-01T00:00:00.000Z,2.0882391929525594,62.1474351608916
2021-06-02T00:00:00.000Z,2.087009107935148,64.91098355194376
2021-06-03T00:00:00.000Z,2.078478464568288,66.40204474948038
2021-06-04T00:00:00.000Z,2.0703763536759667,62.28239542652488
2021-06-05T00:00:00.000Z,2.064488682803289,61.67165221951045
2021-06-06T00:00:00.000Z,2.06036758327507,63.01786837420453
2021-06-07T00:00:00.000Z,2.0638609744355563,61.01223574293606
2021-06-08T00:00:00.000Z,2.0683215291779837,57.6256581050459
2021-06-09T00:00:00.000Z,2.0581929375075334,60.409323430516665
2021-06-10T00:00:00.000Z,2.0824322079775994,55.03250229034391
2021-06-11T00:00:00.000Z,2.1282836387873214,48.08271613609915
2021-06-12T00:00:00.000Z,2.115443095726502,48.98830207022237
2021-06-13T00:00:00.000Z,1.952509478221141,51.374552154005016
2021-06-14T00:00:00.000Z,1.9297541444752269,49.60095932224136
2021-06-15T00:00:00.000Z,1.9432306783478681,52.46108997030466
2021-06-16T00:00:00.000Z,1.9574369631540556,48.38199896386631
2021-06-17T00:00:00.000Z,1.9400890573028242,49.070678082482885
2021-06-18T00:00:00.000Z,1.8301425133835505,43.1297204238718
2021-06-19T00:00:00.000Z,1.8080874346712645,39.88094525659441
2021-06-20T00:00:00.000Z,1.7645243505726647,40.882380659515825
2021-06-21T00:00:00.000Z,1.9383577488406136,31.102732477070685
2021-06-22T00:00:00.000Z,1.8254978764311929,30.980932838500586
2021-06-23T00:00:00.000Z,1.4395830778078276,34.183778712285985
2021-06-24T00:00:00.000Z,1.4576296022224395,36.13471948503321
2021-06-25T00:00:00.000Z,1.4498046557593287,33.710247765918034
2021-06-26T00:00:00.000Z,1.4487126370424754,32.99630508510551
2021-06-27T00:00:00.000Z,2.0075805493780616,45.909005737560975
2021-06-28T00:00:00.000Z,2.091062400657217,53.76421489530192
2021-06-29T00:00:00.000Z,2.103281706559813,59.15799444688411
2021-06-30T00:00:00.000Z,2.1897636593598224,71.51147536964807
2021-07-01T00:00:00.000Z,2.2090079826868103,66.07678829573665
2021-07-02T00:00:00.000Z,2.228160688901011,72.58614530133393
2021-07-03T00:00:00.000Z,2.233218562732079,76.54963701254191
2021-07-04T00:00:00.000Z,2.2318194717008266,83.09853095125818
2021-07-05T00:00:00.000Z,2.24995208001657,77.35131940916374
2021-07-06T00:00:00.000Z,2.251134473194275,80.14400447892129
2021-07-07T00:00:00.000Z,2.249398717272058,78.17566667010944
2021-07-08T00:00:00.000Z,2.249576655761996,73.80107196495247
2021-07-09T00:00:00.000Z,2.2494137379314685,77.30150112879727
2021-07-10T00:00:00.000Z,2.346990202502719,95.70289385776091
2021-07-11T00:00:00.000Z,2.282891230549408,100.1888976746888
2021-07-12T00:00:00.000Z,2.3051831861748946,112.64013487806238
2021-07-13T00:00:00.000Z,2.330834855832644,105.24976596634585
2021-07-14T00:00:00.000Z,2.3214157878671324,112.05609167231066
2021-07-15T00:00:00.000Z,2.3316054754678492,108.30440971790568
2021-07-16T00:00:00.000Z,2.349890719913536,96.87468168496888
2021-07-17T00:00:00.000Z,2.3516334544012936,102.85080148092902
2021-07-18T00:00:00.000Z,2.311505354319752,96.56529377512754
2021-07-19T00:00:00.000Z,2.3123760824368387,89.15093903110026
2021-07-20T00:00:00.000Z,2.3167053429384117,88.48820493491877
2021-07-21T00:00:00.000Z,2.131590361617031,101.69712147708152
2021-07-22T00:00:00.000Z,2.1244599477377997,107.72730613055614
2021-07-23T00:00:00.000Z,2.182612273578213,129.32282427348804
2021-07-24T00:00:00.000Z,2.197247271785974,145.31936175559687
2021-07-25T00:00:00.000Z,2.1622621497725913,145.74568501628897
2021-07-26T00:00:00.000Z,2.1586827038535388,143.89073074570803
2021-07-27T00:00:00.000Z,1.8304737931365371,166.5530933939009
2021-07-28T00:00:00.000Z,1.8277656147128976,194.51121331826565
2021-07-29T00:00:00.000Z,1.8185161772572487,205.94930249990156
2021-07-30T00:00:00.000Z,1.7237850067046667,219.3579144643788
2021-07-31T00:00:00.000Z,1.685151254008992,243.34227357873175
2021-08-01T00:00:00.000Z,1.6766621198088276,249.81525419018334
2021-08-02T00:00:00.000Z,1.6864486697372836,247.92683773939385
2021-08-03T00:00:00.000Z,1.7063009905689859,236.9916301133135
2021-08-04T00:00:00.000Z,1.7595373460719717,286.6317675436205
2021-08-05T00:00:00.000Z,1.7593074755827702,297.8202898327247
2021-08-06T00:00:00.000Z,1.745743347870491,325.7374259633211
2021-08-07T00:00:00.000Z,1.7368033245881156,376.6974462652728
2021-08-08T00:00:00.000Z,1.782277854622522,355.8472279700948
2021-08-09T00:00:00.000Z,1.6572556203584439,371.0429665732797
2021-08-10T00:00:00.000Z,1.6623044716441735,375.6949978120493
2021-08-11T00:00:00.000Z,1.7021645638995055,442.1639148125703
2021-08-12T00:00:00.000Z,1.654603412598562,450.5262726436131
2021-08-13T00:00:00.000Z,1.7075554179249557,529.0326206280482
2021-08-14T00:00:00.000Z,1.687065971417641,531.7448128274322
2021-08-15T00:00:00.000Z,1.6093342791874141,519.334662735972
2021-08-16T00:00:00.000Z,1.7862332373503291,435.48722759708903
2021-08-17T00:00:00.000Z,1.795256289017913,404.2003041541083
2021-08-18T00:00:00.000Z,1.7368574785347992,440.617142387175
2021-08-19T00:00:00.000Z,1.7337178918689475,440.386622401451
2021-08-20T00:00:00.000Z,1.7056367712969713,477.55699825989234
2021-08-21T00:00:00.000Z,1.705685684523531,502.3372785877739
2021-08-22T00:00:00.000Z,1.6731251844139237,470.4861430662382
2021-08-23T00:00:00.000Z,1.65308733200438,504.28780330139836
2021-08-24T00:00:00.000Z,1.6992852317551304,467.0102242393812
2021-08-25T00:00:00.000Z,1.6982852607166867,462.216309699359
2021-08-26T00:00:00.000Z,1.6476613194151577,482.4549536586026
2021-08-27T00:00:00.000Z,1.5883750782313748,520.1350234802375
2021-08-28T00:00:00.000Z,1.5880357524088193,527.8505039056207
2021-08-29T00:00:00.000Z,1.6031125752678779,508.82427645517606
2021-08-30T00:00:00.000Z,1.5872676490367033,499.2690498313222
2021-08-31T00:00:00.000Z,1.5939198203717728,492.1719681037004
2021-09-01T00:00:00.000Z,1.5922130079771553,519.2166862834243
2021-09-02T00:00:00.000Z,1.5753013931684419,553.0691017300722
2021-09-03T00:00:00.000Z,1.4508914084265072,596.6540483117255
2021-09-04T00:00:00.000Z,1.456713664077078,589.4427126319605
2021-09-05T00:00:00.000Z,1.459331894461752,559.263385861387
2021-09-06T00:00:00.000Z,1.3750817609000745,565.8263845811409
2021-09-07T00:00:00.000Z,1.4691328763309937,482.5917711198109
2021-09-08T00:00:00.000Z,1.4664815693627384,496.76712373187115
2021-09-09T00:00:00.000Z,1.4671922005126068,509.540496812535
2021-09-10T00:00:00.000Z,1.3740608917879524,470.72605598482005
2021-09-11T00:00:00.000Z,1.37309306715067,472.6667368926271
2021-09-12T00:00:00.000Z,1.2390473487148097,493.98526003370574
2021-09-13T00:00:00.000Z,1.2509905060253685,469.2357780128973
2021-09-14T00:00:00.000Z,1.2594341465381682,490.78695692719526
2021-09-15T00:00:00.000Z,1.1215559350718265,509.29566996722514
2021-09-16T00:00:00.000Z,1.0906365629747712,530.4658062574795
2021-09-17T00:00:00.000Z,1.058385186358794,517.5280463146033
2021-09-18T00:00:00.000Z,1.0594086637943674,513.2609127463462
2021-09-19T00:00:00.000Z,1.026552037903213,500.4281995147783
2021-09-20T00:00:00.000Z,1.0649881074406946,453.16985009767086
2021-09-21T00:00:00.000Z,1.049353281946324,436.73031523518483
2021-09-22T00:00:00.000Z,1.369582111423447,550.208697044638
2021-09-23T00:00:00.000Z,1.3478693110408373,578.373666948607
2021-09-24T00:00:00.000Z,1.430647459895678,503.84274214229464
2021-09-25T00:00:00.000Z,1.4239653934583938,506.3912075527916
2021-09-26T00:00:00.000Z,1.4055346721021837,527.211653476724
2021-09-27T00:00:00.000Z,1.409576436254218,511.19501949753607
2021-09-28T00:00:00.000Z,1.4157559022840343,484.88484771405507
2021-09-29T00:00:00.000Z,1.4200151609382792,467.47405826994174
2021-09-30T00:00:00.000Z,1.4402766993089728,500.91671194874937
2021-10-01T00:00:00.000Z,1.454785027016152,541.4495199350996
2021-10-02T00:00:00.000Z,1.459744370109536,581.5099325371406
2021-10-03T00:00:00.000Z,1.434870520085493,584.0474056247382
2021-10-04T00:00:00.000Z,1.4360333681546535,572.5976286180071
2021-10-05T00:00:00.000Z,1.4289855971833603,595.493713901172
2021-10-06T00:00:00.000Z,1.4947867293742318,673.1615270437122
2021-10-07T00:00:00.000Z,1.3856529304706722,674.9670389376323
2021-10-08T00:00:00.000Z,1.3859759307017137,671.4144491789394
2021-10-09T00:00:00.000Z,1.385633483054443,686.5042421459059
2021-10-10T00:00:00.000Z,1.361328921704649,660.0914110975983
2021-10-11T00:00:00.000Z,1.3669615137523816,644.975337393647
2021-10-12T00:00:00.000Z,1.3724621596246207,621.1583013081463
2021-10-13T00:00:00.000Z,1.3552592977975064,630.7425658373627
2021-10-14T00:00:00.000Z,1.386693961457223,695.1743697624735
2021-10-15T00:00:00.000Z,1.3848280811557585,713.5316688009627
2021-10-16T00:00:00.000Z,1.3828422055942373,736.5184952950164
2021-10-17T00:00:00.000Z,1.3813930139099766,721.845936057025
2021-10-18T00:00:00.000Z,1.3817977730158415,714.4829778822237
2021-10-19T00:00:00.000Z,1.3749269480425077,728.7907518005433
2021-10-20T00:00:00.000Z,1.3363701892247846,789.7832334144202
2021-10-21T00:00:00.000Z,1.32607772874055,779.9603773294484
2021-10-22T00:00:00.000Z,1.010767206622741,781.826773936869
2021-10-23T00:00:00.000Z,1.0035895978852185,805.9429426336285
2021-10-24T00:00:00.000Z,0.8763537371358823,786.583272324531
2021-10-25T00:00:00.000Z,0.9044018083619766,850.5865651175499
2021-10-26T00:00:00.000Z,0.9007099914953689,866.1691137959114
2021-10-27T00:00:00.000Z,0.9119135481749644,827.189353376603
2021-10-28T00:00:00.000Z,0.9156233276388722,905.3562275472291
2021-10-29T00:00:00.000Z,0.9001758012425412,959.766303596177
2021-10-30T00:00:00.000Z,0.8907832308286766,1011.396642510723
2021-10-31T00:00:00.000Z,0.8756375276224806,999.6586154476757
2021-11-01T00:00:00.000Z,0.8550509340713334,1021.8328962423817
2021-11-02T00:00:00.000Z,1.0218208555709485,1207.4320411761032
2021-11-03T00:00:00.000Z,1.011782960353699,1212.7081702970665
2021-11-04T00:00:00.000Z,1.0132932510522996,1218.894151622239
2021-11-05T00:00:00.000Z,0.962640836593468,1318.3036059812212
2021-11-06T00:00:00.000Z,1.047783893132894,1191.659073548101
2021-11-07T00:00:00.000Z,1.0438980928029582,1225.0476430806661
2021-11-08T00:00:00.000Z,1.0440441335705515,1245.2899490163877
2021-11-09T00:00:00.000Z,1.02717179367096,1235.7976220497433
2021-11-10T00:00:00.000Z,1.0315454321976916,1198.4581075968742
2021-11-11T00:00:00.000Z,1.0272899753186073,1161.6311802054095
2021-11-12T00:00:00.000Z,1.0320286365449218,1154.007310845635
2021-11-13T00:00:00.000Z,0.9915181689078543,1159.92928281847
2021-11-14T00:00:00.000Z,1.0052934783842056,1125.0524420207325
2021-11-15T00:00:00.000Z,1.003964329848423,1135.7858517580623
2021-11-16T00:00:00.000Z,1.0489934481087302,1047.6135971541287
2021-11-17T00:00:00.000Z,1.0474422481780197,1043.3283842779288
2021-11-18T00:00:00.000Z,1.0701479961574156,991.9286293385566
2021-11-19T00:00:00.000Z,1.043340246412461,1030.5111975481934
2021-11-20T00:00:00.000Z,1.0474174688718203,1005.441997651056
2021-11-21T00:00:00.000Z,1.0581925177463296,1059.7732906237302
2021-11-22T00:00:00.000Z,1.0562871319304146,1062.8927723518286
2021-11-23T00:00:00.000Z,1.1264741321387297,1200.7612439646452
2021-11-24T00:00:00.000Z,1.2985854210886283,1453.8786492724003
2021-11-25T00:00:00.000Z,1.3797579528365604,1677.6064225248924
2021-11-26T00:00:00.000Z,1.449449360443879,1477.5901717878992
2021-11-27T00:00:00.000Z,1.432520574538749,1565.5390010518881
2021-11-28T00:00:00.000Z,1.4500866665194636,1477.1270152304517
2021-11-29T00:00:00.000Z,1.5363144087802116,1722.6371623520317
2021-11-30T00:00:00.000Z,1.5425041222042921,1849.9525816360053
2021-12-01T00:00:00.000Z,1.5624133162680387,1762.0398999469849
2021-12-02T00:00:00.000Z,1.4995248900472191,1599.830121498045
2021-12-03T00:00:00.000Z,1.5156220007365093,1518.017253964453
2021-12-04T00:00:00.000Z,1.5783068618380462,1342.2823985617815
2021-12-05T00:00:00.000Z,1.5581545096059217,1386.5292752377818
2021-12-06T00:00:00.000Z,1.5256387438734815,1326.7153036156353
2021-12-07T00:00:00.000Z,1.5240898102297755,1348.0296047764552
2021-12-08T00:00:00.000Z,1.5236298117963165,1356.223429299258
2021-12-09T00:00:00.000Z,1.538218093160133,1280.4066912523483
2021-12-10T00:00:00.000Z,1.5470727933533448,1211.4069494356886
2021-12-11T00:00:00.000Z,1.5421765621555639,1219.0501387115237
2021-12-12T00:00:00.000Z,1.5481977474656838,1274.8865285205072
2021-12-13T00:00:00.000Z,1.5874186462721864,1154.8844983365434
2021-12-14T00:00:00.000Z,1.6010661729505988,1080.138982699113
2021-12-15T00:00:00.000Z,1.6013974017584256,1068.71670415904
2021-12-16T00:00:00.000Z,1.6148785018625567,1180.9984055681257
2021-12-17T00:00:00.000Z,1.6295401552572861,1114.9704244757086
2021-12-18T00:00:00.000Z,1.618138797831806,1138.227897060203
2021-12-19T00:00:00.000Z,1.618898324001022,1106.1753715235654
2021-12-20T00:00:00.000Z,1.6211894463555407,1069.7275044076177
2021-12-21T00:00:00.000Z,1.615983289228035,1109.9177347969219
2021-12-22T00:00:00.000Z,1.6177518990733752,1139.5636106865131
2021-12-23T00:00:00.000Z,1.5633445310523764,1195.1001822735159
2021-12-24T00:00:00.000Z,1.3728087790445855,1208.7280927650509
2021-12-25T00:00:00.000Z,1.2495418851968785,1196.9947581689812
2021-12-26T00:00:00.000Z,1.1890232796849305,1155.8970981670207
2021-12-27T00:00:00.000Z,1.1651572034316569,1151.065863813223
2021-12-28T00:00:00.000Z,1.1813526014598714,1057.180637310237
2021-12-29T00:00:00.000Z,0.9978175478824496,1050.331319391731
2021-12-30T00:00:00.000Z,0.9467958442028926,1012.8898453098462
2021-12-31T00:00:00.000Z,0.9430488228949766,1012.7756561276626
2022-01-01T00:00:00.000Z,0.9100511309489154,1029.9174078622736
2022-01-02T00:00:00.000Z,0.9012229094117542,1032.1366762578207
2022-01-03T00:00:00.000Z,0.8195723984623188,1016.8738573278076
2022-01-04T00:00:00.000Z,0.8065914326408355,1016.5481840882833
2022-01-05T00:00:00.000Z,0.806905943199206,972.0921904557867
2022-01-06T00:00:00.000Z,0.8730340262015319,865.6868833343876
2022-01-07T00:00:00.000Z,0.8906001417948541,806.1830999115922
2022-01-08T00:00:00.000Z,0.8868374679805521,767.0265788246674
2022-01-09T00:00:00.000Z,0.9013346051814609,802.3596774501533
2022-01-10T00:00:00.000Z,0.9111212404584965,757.3656636492734
2022-01-11T00:00:00.000Z,0.9389446788348665,813.0352013187683
2022-01-12T00:00:00.000Z,0.9188029505357733,854.5684111035896
2022-01-13T00:00:00.000Z,0.8992346590690278,831.2349282404716
2022-01-14T00:00:00.000Z,0.8994170440822086,819.9780124902833
2022-01-15T00:00:00.000Z,0.8172171085176477,847.2558190327479
2022-01-16T00:00:00.000Z,0.8052081360361881,861.5173063653727
2022-01-17T00:00:00.000Z,0.8277496469629874,800.2649197969923
2022-01-18T00:00:00.000Z,0.8308224627369484,770.3249129508112
2022-01-19T00:00:00.000Z,0.8287088631359301,773.9302447716444
2022-01-20T00:00:00.000Z,0.8157457194112927,784.8053867322557
2022-01-21T00:00:00.000Z,0.9317192451616744,669.7681336849631
2022-01-22T00:00:00.000Z,1.0245802773191495,563.8562162421653
2022-01-23T00:00:00.000Z,1.0260770233336731,572.1805969578511
2022-01-24T00:00:00.000Z,1.0255453977424442,552.8438969569432
2022-01-25T00:00:00.000Z,1.0554704276163192,579.7960879372434
2022-01-26T00:00:00.000Z,1.0754963876352743,602.9953106744902
2022-01-27T00:00:00.000Z,1.0794117032388801,550.6730554075102
2022-01-28T00:00:00.000Z,1.0843742264169751,557.5234261675253
2022-01-29T00:00:00.000Z,1.1033130672181573,580.9864959484211
2022-01-30T00:00:00.000Z,1.1082308512997034,590.9916651165229
2022-01-31T00:00:00.000Z,1.1099808868090593,603.5888546238942
2022-02-01T00:00:00.000Z,1.1263926829175774,628.6166864019809
2022-02-02T00:00:00.000Z,1.1338793727995138,595.9821238686317
2022-02-03T00:00:00.000Z,1.1345191603196383,574.623666083697
2022-02-04T00:00:00.000Z,1.2210813601649564,641.4185967205035
2022-02-05T00:00:00.000Z,1.175799315239575,659.2250559115879
2022-02-06T00:00:00.000Z,1.1552666237422706,663.3216277315678
2022-02-07T00:00:00.000Z,1.1817163792498842,717.3180462957669
2022-02-08T00:00:00.000Z,1.183381744531206,679.1948425288396
2022-02-09T00:00:00.000Z,1.1874423936453882,719.4829591945281
2022-02-10T00:00:00.000Z,1.158049061056363,724.2430469388343
2022-02-11T00:00:00.000Z,1.1541639048982333,686.9067794006858
2022-02-12T00:00:00.000Z,1.163799430194923,650.4147566719973
2022-02-13T00:00:00.000Z,1.1683422032052548,626.6865959614494
2022-02-14T00:00:00.000Z,1.1599104958564055,628.4245483528061
2022-02-15T00:00:00.000Z,1.1882515392266648,672.0323311461746
2022-02-16T00:00:00.000Z,1.1656575561400189,661.9152935995795
2022-02-17T00:00:00.000Z,1.1785194052754921,619.7843604392531
2022-02-18T00:00:00.000Z,1.1862093754941727,591.4709141077716
2022-02-19T00:00:00.000Z,1.1851811370274832,577.1179589852367
2022-02-20T00:00:00.000Z,1.085280315480857,550.4213165996175
2022-02-21T00:00:00.000Z,0.9339434926813368,550.0241991260192
2022-02-22T00:00:00.000Z,0.9361845669195049,536.8183209700622
2022-02-23T00:00:00.000Z,0.9355949259281005,554.3960793255969
2022-02-24T00:00:00.000Z,0.9984019206695399,492.4438866074788
2022-02-25T00:00:00.000Z,1.046191702713724,539.1967497926993
2022-02-26T00:00:00.000Z,1.0105181038909248,561.1735105316945
2022-02-27T00:00:00.000Z,1.0098479816799326,560.7127097866392
2022-02-28T00:00:00.000Z,0.9995487520058985,565.0890993736147
2022-03-01T00:00:00.000Z,1.0161564244490482,596.2132005522166
2022-03-02T00:00:00.000Z,1.0137461882264525,598.8289115017297
2022-03-03T00:00:00.000Z,1.01601209690748,571.0564900386364
2022-03-04T00:00:00.000Z,1.0170816019987419,540.4409394663904
2022-03-05T00:00:00.000Z,1.0097562417549935,538.1426194530638
2022-03-06T00:00:00.000Z,0.9204873909542594,523.3836774123886
2022-03-07T00:00:00.000Z,0.9252561061539386,496.91800155832976
2022-03-08T00:00:00.000Z,0.9312611609443687,509.3516688872352
2022-03-09T00:00:00.000Z,0.8961439387143827,532.7487083794198
2022-03-10T00:00:00.000Z,0.8926129731492645,507.662073537493
2022-03-11T00:00:00.000Z,0.8583468859461153,503.2022546030239
2022-03-12T00:00:00.000Z,0.8562050244155052,499.9605738685815
2022-03-13T00:00:00.000Z,0.844230108872443,498.8767345489709
2022-03-14T00:00:00.000Z,0.83117788524563,487.3287039868797
2022-03-15T00:00:00.000Z,0.8264831263332763,490.2742330051857
2022-03-16T00:00:00.000Z,0.8369493947615202,505.7842081169347
2022-03-17T00:00:00.000Z,0.8370137635735573,540.9103047770102
2022-03-18T00:00:00.000Z,0.8585103924987637,567.6897970788925
2022-03-19T00:00:00.000Z,0.832820268673549,574.9469165389982
2022-03-20T00:00:00.000Z,0.8331119917234416,548.43129550611
2022-03-21T00:00:00.000Z,0.8363643486287008,565.3007304655237
2022-03-22T00:00:00.000Z,0.8294464048350193,587.2455211216998
2022-03-23T00:00:00.000Z,0.8363577439470679,570.9193831487994
2022-03-24T00:00:00.000Z,0.848823966547021,600.9973244547605
2022-03-25T00:00:00.000Z,0.8529007627698958,580.6950506385239
2022-03-26T00:00:00.000Z,0.7467452992132619,586.6833202230498
2022-03-27T00:00:00.000Z,0.6762240348334179,594.8152681145622
2022-03-28T00:00:00.000Z,0.7158356850511984,642.393938153276
2022-03-29T00:00:00.000Z,0.7160374785417868,650.935659362359
2022-03-30T00:00:00.000Z,0.7163959458963339,650.1031731095534
2022-03-31T00:00:00.000Z,0.7200973052909613,616.3766886005156
2022-04-01T00:00:00.000Z,0.7490330524702556,653.8977246230944
2022-04-02T00:00:00.000Z,0.7279081788528105,650.3673249837952
2022-04-03T00:00:00.000Z,0.69653159073148,653.1182145412882
2022-04-04T00:00:00.000Z,0.706334439731524,634.692498451758
2022-04-05T00:00:00.000Z,0.697815068897872,648.8570836991278
2022-04-06T00:00:00.000Z,0.7485457265609597,591.4040523854542
2022-04-07T00:00:00.000Z,0.7455962006115684,593.987693651598
2022-04-08T00:00:00.000Z,0.7315971584396427,599.1624432853972
2022-04-09T00:00:00.000Z,0.7101375631910164,592.290055302221
2022-04-10T00:00:00.000Z,0.7092694710598615,602.7108778318755
2022-04-11T00:00:00.000Z,0.8133664255584272,537.7434190584232
2022-04-12T00:00:00.000Z,0.8137668576788967,534.6503079640506
2022-04-13T00:00:00.000Z,0.8122070116173682,549.2096600929932
2022-04-14T00:00:00.000Z,0.8212005653237683,532.7732583737667
2022-04-15T00:00:00.000Z,0.8150360080126355,532.7972550235589
2022-04-16T00:00:00.000Z,0.779172216613604,528.2404464308268
2022-04-17T00:00:00.000Z,0.7591212594668489,532.2182813411093
2022-04-18T00:00:00.000Z,0.7597013900879922,522.2161678572752
2022-04-19T00:00:00.000Z,0.7526186469875042,539.5460203664736
2022-04-20T00:00:00.000Z,0.746704038596771,530.2451297206209
2022-04-21T00:00:00.000Z,0.7344104184395923,536.8681247076399
2022-04-22T00:00:00.000Z,0.7395171887399635,516.6465716308609
2022-04-23T00:00:00.000Z,0.713080870366477,519.8101602562191
2022-04-24T00:00:00.000Z,0.7073389498537388,509.648951405189
2022-04-25T00:00:00.000Z,0.7056285170404819,505.8950833397954
2022-04-26T00:00:00.000Z,0.7051158928721554,494.7880493237965
2022-04-27T00:00:00.000Z,0.6374149915334693,481.5016141638231
2022-04-28T00:00:00.000Z,0.646229610801979,495.2071792907914
2022-04-29T00:00:00.000Z,0.6608712912211735,470.8875982534289
2022-04-30T00:00:00.000Z,0.6434595078702124,466.21704245308405
2022-05-01T00:00:00.000Z,0.593046631763006,464.53956844711286
2022-05-02T00:00:00.000Z,0.5963318382539857,468.1403668946073
2022-05-03T00:00:00.000Z,0.6002065655421217,474.59718818408305
2022-05-04T00:00:00.000Z,0.6043539850957486,483.20677746583766
2022-05-05T00:00:00.000Z,0.6109584822519172,458.76413227101193
2022-05-06T00:00:00.000Z,0.5486057323028853,444.7325746496478
2022-05-07T00:00:00.000Z,0.549341022997024,447.6603639807289
2022-05-08T00:00:00.000Z,0.5723728912743143,421.17833600169524
2022-05-09T00:00:00.000Z,0.6644703757305644,375.69819193084925
2022-05-10T00:00:00.000Z,0.675319857501648,387.8472134724502
2022-05-11T00:00:00.000Z,0.7111953101764037,338.60669030175626
2022-05-12T00:00:00.000Z,0.8499807634224307,288.268786844196
2022-05-13T00:00:00.000Z,0.8836045227239918,306.5387356118871
2022-05-14T00:00:00.000Z,0.8834206015528453,304.47859996868607
2022-05-15T00:00:00.000Z,0.9244854548439395,323.41314397170333
2022-05-16T00:00:00.000Z,0.9377448195256627,303.64248468702124
2022-05-17T00:00:00.000Z,0.9336037263661249,299.17771390247725
2022-05-18T00:00:00.000Z,0.9347193706044861,289.9337110787658
2022-05-19T00:00:00.000Z,0.9332058099499309,298.90800054818624
2022-05-20T00:00:00.000Z,0.9367298286084751,286.4690004432622
2022-05-21T00:00:00.000Z,0.9454755276706441,294.7811651949113
2022-05-22T00:00:00.000Z,0.9551412502970076,302.36296998693894
2022-05-23T00:00:00.000Z,0.9533412380867626,292.2659754092754
2022-05-24T00:00:00.000Z,0.9584736049482036,295.41497127657027
2022-05-25T00:00:00.000Z,0.9578771915953401,290.4299539799736
2022-05-26T00:00:00.000Z,0.9620638829729942,277.9172381262154
2022-05-27T00:00:00.000Z,0.9863305968726039,255.54798921002492
2022-05-28T00:00:00.000Z,1.003733291225618,268.7573259565384
2022-05-29T00:00:00.000Z,1.0016617898574487,270.811489435701
2022-05-30T00:00:00.000Z,1.1828090875821662,315.05360674600183
2022-05-31T00:00:00.000Z,1.1865701709447292,302.60343518569505
2022-06-01T00:00:00.000Z,1.1929982555079301,286.2412465222937
2022-06-02T00:00:00.000Z,1.1899838629995325,277.25613835288686
2022-06-03T00:00:00.000Z,1.1845442781527606,268.8525368885496
2022-06-04T00:00:00.000Z,1.1868680221231265,275.2986804875294
2022-06-05T00:00:00.000Z,1.1902020118247942,279.62916015204416
2022-06-06T00:00:00.000Z,1.1918963865464096,283.38979920772795
2022-06-07T00:00:00.000Z,1.1821315667753396,274.7711386123707
2022-06-08T00:00:00.000Z,1.130556241902919,272.55087730633835
2022-06-09T00:00:00.000Z,1.1208472220517354,268.3273884678863
2022-06-10T00:00:00.000Z,1.054720452917869,252.68273307235123
2022-06-11T00:00:00.000Z,0.9618562958135733,232.7312362629156
2022-06-12T00:00:00.000Z,0.9569006327344979,215.43484495340118
2022-06-13T00:00:00.000Z,1.0605389513987389,184.8884555115952
2022-06-14T00:00:00.000Z,1.0233363647580258,181.18238268841753
2022-06-15T00:00:00.000Z,1.0854657574752629,157.75267082801568
2022-06-16T00:00:00.000Z,1.087131309912019,157.4205251405066
2022-06-17T00:00:00.000Z,1.0946660675387794,160.4673408304023
2022-06-18T00:00:00.000Z,1.1044166725632538,146.77325921847097
2022-06-19T00:00:00.000Z,1.229246037516347,166.58234249076068
2022-06-20T00:00:00.000Z,1.2193232835027223,165.80513684185712
2022-06-21T00:00:00.000Z,1.2111556771813812,165.7256203806534
2022-06-22T00:00:00.000Z,1.2191570834207746,155.70779805020075
2022-06-23T00:00:00.000Z,1.2646676361635971,168.36616486921778
2022-06-24T00:00:00.000Z,1.3005893818152512,180.2486881635086
2022-06-25T00:00:00.000Z,1.2969071010541398,175.80314903913802
2022-06-26T00:00:00.000Z,1.278548207257502,179.4889278395471
2022-06-27T00:00:00.000Z,1.2617392860256602,173.36185296531022
2022-06-28T00:00:00.000Z,1.2596875512685233,170.6840544905116
2022-06-29T00:00:00.000Z,1.0940984811683758,161.18423012100718
2022-06-30T00:00:00.000Z,1.1324596441534023,144.11474683474114
2022-07-01T00:00:00.000Z,1.2003863669543824,123.90011840557841
2022-07-02T00:00:00.000Z,1.208158610800624,115.83950446487798
2022-07-03T00:00:00.000Z,1.2106422097685727,110.151268945619
2022-07-04T00:00:00.000Z,1.2246266245905673,115.20103188116326
2022-07-05T00:00:00.000Z,1.2157122529453939,110.66095061932985
2022-07-06T00:00:00.000Z,1.2293038378479313,114.86708091399076
2022-07-07T00:00:00.000Z,1.2528532427983106,119.67513296526472
2022-07-08T00:00:00.000Z,1.251440861920056,116.0132294134119
2022-07-09T00:00:00.000Z,1.2553457411066644,116.48222302844243
2022-07-10T00:00:00.000Z,1.2552114855405159,109.73834827786774
2022-07-11T00:00:00.000Z,1.2406683897745552,106.07411387850033
2022-07-12T00:00:00.000Z,1.2601941043481217,95.0240071651649
2022-07-13T00:00:00.000Z,1.1881291218827754,94.2310920796588
2022-07-14T00:00:00.000Z,1.2558900682989058,103.30952728952943
2022-07-15T00:00:00.000Z,1.188232967557384,102.69654422880417
2022-07-16T00:00:00.000Z,1.3586715190952632,120.82306900618568
2022-07-17T00:00:00.000Z,1.378598967703048,111.24039320971639
2022-07-18T00:00:00.000Z,1.3927200381126938,121.20982985753804
2022-07-19T00:00:00.000Z,1.3327613216666527,130.43871700761952
2022-07-20T00:00:00.000Z,1.3327580940778532,129.57373399336757
2022-07-21T00:00:00.000Z,1.3360026814333852,125.26001880875135
2022-07-22T00:00:00.000Z,1.326163271652135,120.841986918867
2022-07-23T00:00:00.000Z,1.2986411023163384,114.0226528164435
2022-07-24T00:00:00.000Z,1.2771218889080986,118.19944245032447
2022-07-25T00:00:00.000Z,1.2972869480275064,108.97450362362412
2022-07-26T00:00:00.000Z,1.3126523932577239,99.9899364547628
2022-07-27T00:00:00.000Z,1.4447147726227942,115.7315649838802
2022-07-28T00:00:00.000Z,1.4477850434429502,117.69396455104805
2022-07-29T00:00:00.000Z,1.4448775652828862,121.42948683332642
2022-07-30T00:00:00.000Z,1.4034357440633476,117.52794350721956
2022-07-31T00:00:00.000Z,1.3147799399296172,117.52416956262623
2022-08-01T00:00:00.000Z,1.2965786497683003,114.76432801352026
2022-08-02T00:00:00.000Z,1.2834868284670575,115.29953386724034
2022-08-03T00:00:00.000Z,1.2749296698188501,116.74557032202475
2022-08-04T00:00:00.000Z,1.2754645970944964,111.99590840144357
2022-08-05T00:00:00.000Z,1.2691249440251275,112.69649716249992
2022-08-06T00:00:00.000Z,1.2608932463159457,113.39477603746548
2022-08-07T00:00:00.000Z,1.2559871815109862,113.36826308190453
2022-08-08T00:00:00.000Z,1.2564031090752559,112.3977134226815
2022-08-09T00:00:00.000Z,1.2615617635066936,104.96527339027794
2022-08-10T00:00:00.000Z,1.275235279253815,111.85360239244994
2022-08-11T00:00:00.000Z,1.2198612877483612,116.46419979409269
2022-08-12T00:00:00.000Z,1.2183577968105825,117.18691859873205
2022-08-13T00:00:00.000Z,1.1773380396010868,118.76226301350319
2022-08-14T00:00:00.000Z,1.1888028015780545,113.76560453217884
2022-08-15T00:00:00.000Z,1.0258186124082997,108.95189519119623
2022-08-16T00:00:00.000Z,0.9894680620052666,106.94221500694323
2022-08-17T00:00:00.000Z,0.9374338834403749,104.56526341771529
2022-08-18T00:00:00.000Z,0.892314356701271,104.61824419982844
2022-08-19T00:00:00.000Z,1.000887583437895,90.36206110341253
2022-08-20T00:00:00.000Z,1.003332616912515,92.26209522397298
2022-08-21T00:00:00.000Z,0.9997853427442082,92.7192875810846
2022-08-22T00:00:00.000Z,0.9862301567339465,90.44175851714573
2022-08-23T00:00:00.000Z,0.9751662873844592,91.00286291694907
2022-08-24T00:00:00.000Z,0.9417307304920945,89.78926045766202
2022-08-25T00:00:00.000Z,0.9034099750757018,91.6866045588009
2022-08-26T00:00:00.000Z,0.7609110666299733,83.000298882043
2022-08-27T00:00:00.000Z,0.7698082175450365,78.44734434632167
2022-08-28T00:00:00.000Z,0.7532259379129707,77.76217879652344
2022-08-29T00:00:00.000Z,0.7551542080705494,78.61783401271198
2022-08-30T00:00:00.000Z,0.7539389653644609,77.28259487315606
2022-08-31T00:00:00.000Z,0.756964475418283,78.01188682236086
2022-09-01T00:00:00.000Z,0.7545793568763137,77.0874213540722
2022-09-02T00:00:00.000Z,0.749365002402056,76.46720405025481
2022-09-03T00:00:00.000Z,0.7430121270833929,75.12727176882352
2022-09-04T00:00:00.000Z,0.7429546152008111,75.5835334255202
2022-09-05T00:00:00.000Z,0.7411945885405203,75.54259026374986
2022-09-06T00:00:00.000Z,0.7444089440728172,72.76664305827357
2022-09-07T00:00:00.000Z,0.7442051835556237,71.91392388528693
2022-09-08T00:00:00.000Z,0.7356422963668233,74.14163940002918
2022-09-09T00:00:00.000Z,0.7251764215644569,78.38467249527305
2022-09-10T00:00:00.000Z,0.701424164466792,78.30104902204123
2022-09-11T00:00:00.000Z,0.7006804447753435,78.6018517536129
2022-09-12T00:00:00.000Z,0.6962251878447993,76.40411678898496
2022-09-13T00:00:00.000Z,0.7171254439118323,71.04159244873959
2022-09-14T00:00:00.000Z,0.7103785000917859,69.77768403035894
2022-09-15T00:00:00.000Z,0.7115267689088848,67.9399753568748
2022-09-16T00:00:00.000Z,0.7263979671491992,64.08459947126038
2022-09-17T00:00:00.000Z,0.7264213381895672,64.12247183885006
2022-09-18T00:00:00.000Z,0.639440488453883,58.49180996986912
2022-09-19T00:00:00.000Z,0.6335580357567607,56.08115399363292
2022-09-20T00:00:00.000Z,0.6351354228871605,56.55661226691546
2022-09-21T00:00:00.000Z,0.6388652461677208,56.91040339692876
2022-09-22T00:00:00.000Z,0.6378493037386241,54.9432159811511
2022-09-23T00:00:00.000Z,0.6424835879137671,55.275644144528385
2022-09-24T00:00:00.000Z,0.6691356666768549,57.97810902383777
2022-09-25T00:00:00.000Z,0.6056667732782968,56.41399158823973
2022-09-26T00:00:00.000Z,0.5950390364002042,57.48585874333336
2022-09-27T00:00:00.000Z,0.595204011095905,57.158454906898136
2022-09-28T00:00:00.000Z,0.5943715884237052,57.67368244051098
2022-09-29T00:00:00.000Z,0.5954719170051256,56.38687144397427
2022-09-30T00:00:00.000Z,0.601860684602386,57.598058026044015
2022-10-01T00:00:00.000Z,0.6042017984289559,56.16329073258124
2022-10-02T00:00:00.000Z,0.6042445129565804,55.759815178537444
2022-10-03T00:00:00.000Z,0.6064937611334837,56.15868091750262
2022-10-04T00:00:00.000Z,0.6128422726449991,57.28508988938582
2022-10-05T00:00:00.000Z,0.6132887300559542,56.15392123887806
2022-10-06T00:00:00.000Z,0.6149426953453485,57.43305358985558
2022-10-07T00:00:00.000Z,0.6179391661186102,55.98578636431662
2022-10-08T00:00:00.000Z,0.6026098108849687,55.94649688596917
2022-10-09T00:00:00.000Z,0.5541549125171759,54.86852160044532
2022-10-10T00:00:00.000Z,0.55636406278622,53.24800138915075
2022-10-11T00:00:00.000Z,0.5535025396346408,52.32491908267819
2022-10-12T00:00:00.000Z,0.604060047761417,55.386154523948086
2022-10-13T00:00:00.000Z,0.5701201215164249,56.26932290433355
2022-10-14T00:00:00.000Z,0.572740560699501,54.80535330154606
2022-10-15T00:00:00.000Z,0.5720383510366018,53.45976579618136
2022-10-16T00:00:00.000Z,0.5454917861741067,53.81418061706998
2022-10-17T00:00:00.000Z,0.549493297627763,54.58653537945727
2022-10-18T00:00:00.000Z,0.4669957161072825,53.30729688696791
2022-10-19T00:00:00.000Z,0.45161759106859034,52.13883178564234
2022-10-20T00:00:00.000Z,0.45164594281303483,51.42846842850323
2022-10-21T00:00:00.000Z,0.4552103202547762,52.23271101590937
2022-10-22T00:00:00.000Z,0.4434323737799267,52.938523920132425
2022-10-23T00:00:00.000Z,0.5282054114055759,57.24657662337166
2022-10-24T00:00:00.000Z,0.5185351504359125,54.973616343148414
2022-10-25T00:00:00.000Z,0.5693797660842731,58.925297504111754
2022-10-26T00:00:00.000Z,1.0528444022531187,73.99800875890531
2022-10-27T00:00:00.000Z,1.1018119445068884,67.76830340308128
2022-10-28T00:00:00.000Z,1.1032904670779462,67.13144339761364
2022-10-29T00:00:00.000Z,1.0998570614321639,68.73774011434851
2022-10-30T00:00:00.000Z,1.1085429003509475,66.37025838830127
2022-10-31T00:00:00.000Z,1.103187160322898,66.32702134833164
2022-11-01T00:00:00.000Z,1.126003878349852,62.42737731439502
2022-11-02T00:00:00.000Z,1.1276990777211953,61.64166605245685
2022-11-03T00:00:00.000Z,1.1341579119349878,59.54384709804274
2022-11-04T00:00:00.000Z,1.1831819987515715,65.67892278903048
2022-11-05T00:00:00.000Z,1.183946026943022,64.75662850597736
2022-11-06T00:00:00.000Z,1.183985137274598,63.117118446171034
2022-11-07T00:00:00.000Z,1.2009793421967674,59.82407771866079
2022-11-08T00:00:00.000Z,1.2944110071902346,51.704949086261415
2022-11-09T00:00:00.000Z,1.4533233707230517,41.8405517388116
2022-11-10T00:00:00.000Z,1.6040247546476831,49.79638756317671
2022-11-11T00:00:00.000Z,1.597488350889116,47.70368405427695
2022-11-12T00:00:00.000Z,1.6028695447680001,45.59833588191546
2022-11-13T00:00:00.000Z,1.6039617010924991,44.15821461030126
2022-11-14T00:00:00.000Z,1.6031118851488584,44.69136798487938
2022-11-15T00:00:00.000Z,1.6031550903523917,45.01332506806408
2022-11-16T00:00:00.000Z,1.6066638681525092,43.28549125855371
2022-11-17T00:00:00.000Z,1.6054600630956442,43.48371679718231
2022-11-18T00:00:00.000Z,1.60408100663899,43.37798763462904
2022-11-19T00:00:00.000Z,1.6037505598841573,43.005417673652644
2022-11-20T00:00:00.000Z,1.6120028035530147,40.696710262624144
2022-11-21T00:00:00.000Z,1.6153789194642827,39.02320655831458
2022-11-22T00:00:00.000Z,1.584466603378575,39.17661817718518
2022-11-23T00:00:00.000Z,1.586799298868337,40.41377456840418
2022-11-24T00:00:00.000Z,1.5680103787964603,41.72932973533131
2022-11-25T00:00:00.000Z,1.2556276525539216,39.06973546192275
2022-11-26T00:00:00.000Z,1.2367153011582561,39.43492565123224
2022-11-27T00:00:00.000Z,1.243253058699326,40.264825161675795
2022-11-28T00:00:00.000Z,1.2394139611033954,38.45827301995632
2022-11-29T00:00:00.000Z,1.2439881515645894,39.185136324776394
2022-11-30T00:00:00.000Z,1.2642375356143063,41.16497411074872
2022-12-01T00:00:00.000Z,1.2566099374746151,41.67770485914231
2022-12-02T00:00:00.000Z,1.2586939615511115,42.07725408956924
2022-12-03T00:00:00.000Z,1.2594338939715108,42.81685740867071
2022-12-04T00:00:00.000Z,1.2061405187881027,44.45176608311716
2022-12-05T00:00:00.000Z,1.2093747849929433,45.10441863951102
2022-12-06T00:00:00.000Z,1.2083564375614912,44.3626557654609
2022-12-07T00:00:00.000Z,1.1996539016291348,43.358204707313966
2022-12-08T00:00:00.000Z,1.1086912857891889,43.175598868291964
2022-12-09T00:00:00.000Z,0.9444109914442866,47.46873467186098
2022-12-10T00:00:00.000Z,0.669682753167928,46.93086819774914
2022-12-11T00:00:00.000Z,0.6728201889298,49.089348983546856
2022-12-12T00:00:00.000Z,0.6792182928545124,46.57905121105961
2022-12-13T00:00:00.000Z,0.6734062623567912,47.7472956702783
2022-12-14T00:00:00.000Z,0.6763330751504267,48.85119492152934
2022-12-15T00:00:00.000Z,0.7520137057012295,44.411310586160944
2022-12-16T00:00:00.000Z,0.7791532007391485,41.33826044679081
2022-12-17T00:00:00.000Z,0.7799436563143096,40.82695977963506
2022-12-18T00:00:00.000Z,0.7801833345372011,41.007397145823866
2022-12-19T00:00:00.000Z,0.7807153631317287,40.508971061616435
2022-12-20T00:00:00.000Z,0.7579966885983332,40.88998613712295
2022-12-21T00:00:00.000Z,0.7427513060861498,40.84937133514137
2022-12-22T00:00:00.000Z,0.7540833836441616,39.412528295368794
2022-12-23T00:00:00.000Z,0.7495810307803962,40.241923010915094
2022-12-24T00:00:00.000Z,0.7406742067982706,40.26448765880892
2022-12-25T00:00:00.000Z,0.707229508631476,39.63122931434738
2022-12-26T00:00:00.000Z,0.7073794653652848,40.04016333235777
2022-12-27T00:00:00.000Z,0.7047220027472805,39.631920043606264
2022-12-28T00:00:00.000Z,0.6862607439780569,39.40124843428085
2022-12-29T00:00:00.000Z,0.6833821722499687,39.37253107813615
2022-12-30T00:00:00.000Z,0.6628451754562689,38.57232611232622
2022-12-31T00:00:00.000Z,0.6613082690614414,38.74737134288702
2023-01-01T00:00:00.000Z,0.660301134288477,38.44662121080625
2023-01-02T00:00:00.000Z,0.6621197974349268,39.28867875306376
2023-01-03T00:00:00.000Z,0.6497794751330047,38.33754948246737
2023-01-04T00:00:00.000Z,0.6652502700611153,39.885338600978095
2023-01-05T00:00:00.000Z,0.6645715230855143,39.35459031367588
2023-01-06T00:00:00.000Z,0.6611209875656737,39.06970989007723
2023-01-07T00:00:00.000Z,0.6632315989802636,39.55335462160932
2023-01-08T00:00:00.000Z,0.5526976475869583,39.56096492928413
2023-01-09T00:00:00.000Z,0.6929280416744762,44.09147628131807
2023-01-10T00:00:00.000Z,0.678721785719596,42.70328347652189
2023-01-11T00:00:00.000Z,0.7437229762685412,46.86549177463476
2023-01-12T00:00:00.000Z,0.803894445649364,51.13388245479426
2023-01-13T00:00:00.000Z,0.801892933157301,51.91258969732451
2023-01-14T00:00:00.000Z,0.7356458779762319,53.89776691636759
2023-01-15T00:00:00.000Z,0.6902196160039913,52.79430315852656
2023-01-16T00:00:00.000Z,0.6882785414061032,52.44695390791487
2023-01-17T00:00:00.000Z,0.6931507891548124,54.184521623995266
2023-01-18T00:00:00.000Z,0.7100636715112302,52.06983448829752
2023-01-19T00:00:00.000Z,0.7239132205028739,50.43631206193509
2023-01-20T00:00:00.000Z,0.7433631659506863,53.323346118524505
2023-01-21T00:00:00.000Z,0.7478997820401141,56.69181668540212
2023-01-22T00:00:00.000Z,0.7475011222973122,57.67278169459256
2023-01-23T00:00:00.000Z,0.7703697396627076,61.599724676271286
2023-01-24T00:00:00.000Z,0.7640557734445331,63.49657860420685
2023-01-25T00:00:00.000Z,0.8122216627261459,59.53039673113046
2023-01-26T00:00:00.000Z,0.8079678073384465,60.91438184248533
2023-01-27T00:00:00.000Z,0.8052113092108084,62.5292871807353
2023-01-28T00:00:00.000Z,0.8061698024945227,62.278169491156135
2023-01-29T00:00:00.000Z,0.8336592118911808,67.83104187653281
2023-01-30T00:00:00.000Z,0.8371166309696748,67.38712385012482
2023-01-31T00:00:00.000Z,0.8320816579692154,68.07314189435755
2023-02-01T00:00:00.000Z,0.8578380809144848,73.51189761813613
2023-02-02T00:00:00.000Z,0.9506512151046534,84.57362694356843
2023-02-03T00:00:00.000Z,1.0064759612801784,94.98314546132872
2023-02-04T00:00:00.000Z,1.0020604688006434,94.56340924546477
2023-02-05T00:00:00.000Z,1.0701681924540192,86.76474742332165
2023-02-06T00:00:00.000Z,1.0705773375777148,87.6615016749015
2023-02-07T00:00:00.000Z,1.068039254001866,91.99014825852474
2023-02-08T00:00:00.000Z,1.0456100592636055,88.8474218571779
2023-02-09T00:00:00.000Z,1.224927481606133,74.18174610740314
2023-02-10T00:00:00.000Z,1.198963588895956,72.9920187144264
2023-02-11T00:00:00.000Z,1.1719265044684284,75.8719017897534
2023-02-12T00:00:00.000Z,1.1786392580342324,74.28302836910953
2023-02-13T00:00:00.000Z,1.1938530753521568,70.79258707906197
2023-02-14T00:00:00.000Z,1.21693352087856,76.96465250726355
2023-02-15T00:00:00.000Z,1.2444167800189552,84.12789740969016
2023-02-16T00:00:00.000Z,1.2477541858141943,88.15939434280871
2023-02-17T00:00:00.000Z,1.2406687519582833,85.9343962525943
2023-02-18T00:00:00.000Z,1.2279157639819014,86.78047181051072
2023-02-19T00:00:00.000Z,1.2328152649164048,84.12969032620221
2023-02-20T00:00:00.000Z,1.2260848167115834,82.94922715872839
2023-02-21T00:00:00.000Z,1.2380107487722483,80.08444409370952
2023-02-22T00:00:00.000Z,1.2483435881182219,75.11632294805017
2023-02-23T00:00:00.000Z,1.247085566314788,76.93381813456824
2023-02-24T00:00:00.000Z,1.2352109620572467,73.58641435840897
2023-02-25T00:00:00.000Z,1.2387199750685025,71.98030215834162
2023-02-26T00:00:00.000Z,1.2458955284494195,75.57522933535321
2023-02-27T00:00:00.000Z,1.2523857788368942,73.31725335520282
2023-02-28T00:00:00.000Z,1.22234799375787,76.00635296653947
2023-03-01T00:00:00.000Z,1.2640411535805143,83.56046977169883
2023-03-02T00:00:00.000Z,1.2698204933736228,81.43607763440444
2023-03-03T00:00:00.000Z,1.2448470390141526,80.37083787297331
2023-03-04T00:00:00.000Z,1.1357393990268745,77.48348190646234
2023-03-05T00:00:00.000Z,1.0434710193406294,77.04857308965458
2023-03-06T00:00:00.000Z,1.0568282639221556,80.32446347403813
2023-03-07T00:00:00.000Z,1.0374705821962835,75.63304162635532
2023-03-08T00:00:00.000Z,1.1105549121151228,66.70721796081831
2023-03-09T00:00:00.000Z,1.116589343103427,61.58239143523815
2023-03-10T00:00:00.000Z,1.1138412231149524,60.52078552596949
2023-03-11T00:00:00.000Z,0.9714818922857646,62.07980547442228
2023-03-12T00:00:00.000Z,1.0065763774081276,66.55987805381297
2023-03-13T00:00:00.000Z,1.0160612293605435,70.22667860231358
2023-03-14T00:00:00.000Z,1.0201162562015351,72.51365397025329
2023-03-15T00:00:00.000Z,1.0408833713194847,67.0860428951932
2023-03-16T00:00:00.000Z,0.9918098155609986,66.76120818077646
2023-03-17T00:00:00.000Z,0.9767261481958609,72.10146846897172
2023-03-18T00:00:00.000Z,0.9713642255682982,74.92760315053445
2023-03-19T00:00:00.000Z,0.9697650108174628,73.55781858206916
2023-03-20T00:00:00.000Z,0.9931780401126946,68.59410975207955
2023-03-21T00:00:00.000Z,0.9944770886572014,70.18312468472537
2023-03-22T00:00:00.000Z,1.0018608712658121,67.34050217672348
2023-03-23T00:00:00.000Z,0.9998614567132532,68.63627123295088
2023-03-24T00:00:00.000Z,1.01908857276399,62.8452105942845
2023-03-25T00:00:00.000Z,1.0211180075847868,60.29906182989262
2023-03-26T00:00:00.000Z,1.016527132842786,61.545966796676424
2023-03-27T00:00:00.000Z,1.0593672952452184,55.926641040639566
2023-03-28T00:00:00.000Z,1.0424358828753841,56.719704685613145
2023-03-29T00:00:00.000Z,1.0627622754238062,59.90397590648897
2023-03-30T00:00:00.000Z,1.0525732238305925,58.89228158370793
2023-03-31T00:00:00.000Z,0.9853992699452231,59.98863901732112
2023-04-01T00:00:00.000Z,0.9838274016989066,59.639728597091484
2023-04-02T00:00:00.000Z,0.9840414263960253,58.67893557064007
2023-04-03T00:00:00.000Z,0.9792965806175068,58.30147703718726
2023-04-04T00:00:00.000Z,0.9846942499800717,59.54953400690495
2023-04-05T00:00:00.000Z,0.9700719940982945,60.04779513402846
2023-04-06T00:00:00.000Z,0.9534052660433759,60.04467200496741
2023-04-07T00:00:00.000Z,0.8655778331406708,59.05416280820934
2023-04-08T00:00:00.000Z,0.8236307759134852,58.96205701683182
2023-04-09T00:00:00.000Z,0.8237993500403917,57.90738735156671
2023-04-10T00:00:00.000Z,0.8217817771477314,59.07576180151773
2023-04-11T00:00:00.000Z,0.7790274530612282,59.35561184296588
2023-04-12T00:00:00.000Z,0.751046428350469,59.627223010366215
2023-04-13T00:00:00.000Z,0.7550803034455433,61.927466596438876
2023-04-14T00:00:00.000Z,0.7146216723499343,63.057843283093064
2023-04-15T00:00:00.000Z,0.7186032316736142,64.36295800503068
2023-04-16T00:00:00.000Z,0.6584461787129293,64.88025540973139
2023-04-17T00:00:00.000Z,0.6424495231237931,63.70689689017483
2023-04-18T00:00:00.000Z,0.640626288713331,63.355201692210656
2023-04-19T00:00:00.000Z,0.6895684202172784,57.003638815703454
2023-04-20T00:00:00.000Z,0.6822561637945638,56.21204687644603
2023-04-21T00:00:00.000Z,0.6877947317947287,53.485117625486744
2023-04-22T00:00:00.000Z,0.6834633737550874,53.9059462526462
2023-04-23T00:00:00.000Z,0.6287388923009041,52.51824336127869
2023-04-24T00:00:00.000Z,0.6183439117486559,51.46288154963978
2023-04-25T00:00:00.000Z,0.6138797980927119,51.97012376552576
2023-04-26T00:00:00.000Z,0.5297925257876487,52.21591538293771
2023-04-27T00:00:00.000Z,0.5319724518449968,53.21604896191606
2023-04-28T00:00:00.000Z,0.49111422264379573,52.36730385957785
2023-04-29T00:00:00.000Z,0.4919983762344597,52.993710684149654
2023-04-30T00:00:00.000Z,0.485992018099251,53.05339064998015
2023-05-01T00:00:00.000Z,0.5159127750985235,50.2216647025587
2023-05-02T00:00:00.000Z,0.5170163136832913,50.712629464341916
2023-05-03T00:00:00.000Z,0.5183163315647674,51.0316840910728
2023-05-04T00:00:00.000Z,0.5150493677531186,49.738007424786716
2023-05-05T00:00:00.000Z,0.5303219069833108,51.374674743776495
2023-05-06T00:00:00.000Z,0.5504368020430814,48.93333838573029
2023-05-07T00:00:00.000Z,0.5509183836613085,48.03269340946071
2023-05-08T00:00:00.000Z,0.557900202158133,46.47919884645991
2023-05-09T00:00:00.000Z,0.5582554852978238,45.58184787151401
2023-05-10T00:00:00.000Z,0.5506744341974859,45.715188719857856
2023-05-11T00:00:00.000Z,0.5515785299297526,44.59036168097129
2023-05-12T00:00:00.000Z,0.5527799794647236,44.94788930821004
2023-05-13T00:00:00.000Z,0.5255949347299981,44.60414277983757
2023-05-14T00:00:00.000Z,0.5205562016427896,45.03933827618014
2023-05-15T00:00:00.000Z,0.5199924990729798,45.93779621839429
2023-05-16T00:00:00.000Z,0.5156570871517427,45.56394741396247
2023-05-17T00:00:00.000Z,0.5825305691884377,48.6117046396989
2023-05-18T00:00:00.000Z,0.5904661988750892,46.83975999649794
2023-05-19T00:00:00.000Z,0.500049333013089,47.77917616319354
2023-05-20T00:00:00.000Z,0.500646944270908,46.99686227307659
2023-05-21T00:00:00.000Z,0.47664821211338365,46.50075481538735
2023-05-22T00:00:00.000Z,0.47729021956202206,46.952874696186626
2023-05-23T00:00:00.000Z,0.4803732449970792,48.05915913267207
2023-05-24T00:00:00.000Z,0.47837684540824993,47.337078391805015
2023-05-25T00:00:00.000Z,0.47686523171598894,47.514148452529874
2023-05-26T00:00:00.000Z,0.4762427778870864,47.525042455978415
2023-05-27T00:00:00.000Z,0.46966618125215787,47.47097218218737
2023-05-28T00:00:00.000Z,0.4936276411817925,49.48076829704211
2023-05-29T00:00:00.000Z,0.49176102949074596,49.04948571747561
2023-05-30T00:00:00.000Z,0.49467219707864624,49.70598037572219
2023-05-31T00:00:00.000Z,0.5023332862841577,52.63017947649012
2023-06-01T00:00:00.000Z,0.5240949589094585,55.01105916318107
2023-06-02T00:00:00.000Z,0.5239702645048694,55.205615318439854
2023-06-03T00:00:00.000Z,0.5321352722866971,53.23830960502436
2023-06-04T00:00:00.000Z,0.5211611157727349,53.030862766931875
2023-06-05T00:00:00.000Z,0.5210019984574488,50.5179726179522
2023-06-06T00:00:00.000Z,0.5281022100044918,52.24766209259058
2023-06-07T00:00:00.000Z,0.5731373648750993,48.628766752813355
2023-06-08T00:00:00.000Z,0.5753604280439503,50.03904930315359
2023-06-09T00:00:00.000Z,0.5790579219468631,49.280088280770585
2023-06-10T00:00:00.000Z,0.6330361621098985,45.59506272266972
2023-06-11T00:00:00.000Z,0.6325976400222203,45.56360994163441
2023-06-12T00:00:00.000Z,0.6349748998971516,44.79763405389643
2023-06-13T00:00:00.000Z,0.6342918563169051,44.6300841506777
2023-06-14T00:00:00.000Z,0.630373756376052,44.74210798870444
2023-06-15T00:00:00.000Z,0.6546840974036933,42.44281220184026
2023-06-16T00:00:00.000Z,0.6456998711598325,44.9798725469328
2023-06-17T00:00:00.000Z,0.6338159638908224,45.13420717112653
2023-06-18T00:00:00.000Z,0.6298034794382701,45.37061904013952
2023-06-19T00:00:00.000Z,0.6314259734341113,44.416186136816734
2023-06-20T00:00:00.000Z,0.6311284074990442,44.71401611345248
2023-06-21T00:00:00.000Z,0.6767081193553955,47.830525118222354
2023-06-22T00:00:00.000Z,0.6788721105821403,46.520807662922294
2023-06-23T00:00:00.000Z,0.6821887163880134,47.6594979699055
2023-06-24T00:00:00.000Z,0.6852703796947108,46.79660141840396
2023-06-25T00:00:00.000Z,0.687924208090559,47.61179029456537
2023-06-26T00:00:00.000Z,0.6957962834855839,46.22016590525732
2023-06-27T00:00:00.000Z,0.6796353892259047,46.63363874426491
2023-06-28T00:00:00.000Z,0.7087222505557583,43.872056468524065
2023-06-29T00:00:00.000Z,0.7105887826592021,44.70109369149405
2023-06-30T00:00:00.000Z,0.6831666115524955,45.842271185614116
2023-07-01T00:00:00.000Z,0.6619566761216952,46.301983281111625
2023-07-02T00:00:00.000Z,0.6612286710850869,46.10577670395153
2023-07-03T00:00:00.000Z,0.657242604166856,46.98233432076859
2023-07-04T00:00:00.000Z,0.6626006979271245,45.68180832065266
2023-07-05T00:00:00.000Z,0.6646847080383956,43.40362076154417
2023-07-06T00:00:00.000Z,0.6625413289435017,41.54659615210142
2023-07-07T00:00:00.000Z,0.6260441801588026,42.03936979515054
2023-07-08T00:00:00.000Z,0.6458699312542754,39.40888959011033
2023-07-09T00:00:00.000Z,0.6482494045258259,39.83185102072738
2023-07-10T00:00:00.000Z,0.6061907707577089,40.68272287798874
2023-07-11T00:00:00.000Z,0.6104402708442219,41.39045222629885
2023-07-12T00:00:00.000Z,0.6088845245830344,40.98591016551118
2023-07-13T00:00:00.000Z,0.6577006058599353,43.808885687670106
2023-07-14T00:00:00.000Z,0.6633397632799624,42.71279695736695
2023-07-15T00:00:00.000Z,0.6435657514876209,41.7021676365605
2023-07-16T00:00:00.000Z,0.6080503765970534,41.06228929972946
2023-07-17T00:00:00.000Z,0.6077474718044135,40.83372937351691
2023-07-18T00:00:00.000Z,0.6070508408711218,40.68259012085017
2023-07-19T00:00:00.000Z,0.6065402747315292,41.274797381452295
2023-07-20T00:00:00.000Z,0.6072755846676516,41.69335948296395
2023-07-21T00:00:00.000Z,0.5515928296795887,42.06239317804735
2023-07-22T00:00:00.000Z,0.5460877812245136,41.52376244887105
2023-07-23T00:00:00.000Z,0.537021146899689,41.54464537188973
2023-07-24T00:00:00.000Z,0.5517791675973607,39.76679972464237
2023-07-25T00:00:00.000Z,0.545815678965478,39.520987902872065
2023-07-26T00:00:00.000Z,0.5397100608349129,39.58341577510946
2023-07-27T00:00:00.000Z,0.5595936344496792,41.14531290233733
2023-07-28T00:00:00.000Z,0.5369187515877154,42.524147294208824
2023-07-29T00:00:00.000Z,0.5340469374940781,41.935808170586675
2023-07-30T00:00:00.000Z,0.525581348560182,41.50116072549571
2023-07-31T00:00:00.000Z,0.5254397269757867,40.822733719264335
2023-08-01T00:00:00.000Z,0.5262321960742508,40.32891801337277
2023-08-02T00:00:00.000Z,0.5213889471796792,40.63230486552964
2023-08-03T00:00:00.000Z,0.5646660626599358,43.190667644306075
2023-08-04T00:00:00.000Z,0.5477053297127659,44.53761546322512
2023-08-05T00:00:00.000Z,0.5344231674306347,45.993014059392074
2023-08-06T00:00:00.000Z,0.5385558881624336,47.11232073577083
2023-08-07T00:00:00.000Z,0.4994772025835014,45.633192733401444
2023-08-08T00:00:00.000Z,0.5078008708331891,47.088791929437136
2023-08-09T00:00:00.000Z,0.5076730683926178,46.60727239873626
2023-08-10T00:00:00.000Z,0.5388603049797654,49.302798298374256
2023-08-11T00:00:00.000Z,0.6059574507736778,53.63853314375843
2023-08-12T00:00:00.000Z,0.5699474167158405,53.11656301719432
2023-08-13T00:00:00.000Z,0.5739333774778886,51.50812913967493
2023-08-14T00:00:00.000Z,0.5650930425040279,52.554036225208854
2023-08-15T00:00:00.000Z,0.6195305605501795,48.99135167012955
2023-08-16T00:00:00.000Z,0.6330708092361712,47.39820552718379
2023-08-17T00:00:00.000Z,0.6563470189170615,45.27723177706654
2023-08-18T00:00:00.000Z,0.6587070233359037,44.575953764206055
2023-08-19T00:00:00.000Z,0.6593836454328404,45.20498363631826
2023-08-20T00:00:00.000Z,0.6591753813787765,45.19569386454785
2023-08-21T00:00:00.000Z,0.659536718438519,44.56455926233026
2023-08-22T00:00:00.000Z,0.6739682731960297,42.92289509957202
2023-08-23T00:00:00.000Z,0.6610597381969061,44.19713734882537
2023-08-24T00:00:00.000Z,0.6664526059241511,43.223382874151454
2023-08-25T00:00:00.000Z,0.6716078901267469,42.347690294846934
2023-08-26T00:00:00.000Z,0.6598246535687389,41.90433616768194
2023-08-27T00:00:00.000Z,0.6512880438958787,42.49781815470141
2023-08-28T00:00:00.000Z,0.6502669113869441,42.990827295190826
2023-08-29T00:00:00.000Z,0.6626988757039805,44.7267294964218
2023-08-30T00:00:00.000Z,0.6605661233465098,44.30813509675354
2023-08-31T00:00:00.000Z,0.6736321328291898,42.658458471324494
2023-09-01T00:00:00.000Z,0.6758603101573836,42.049604954103486
2023-09-02T00:00:00.000Z,0.6391264403581922,41.76561972813179
2023-09-03T00:00:00.000Z,0.6296487397455249,41.29580712953013
2023-09-04T00:00:00.000Z,0.6171243320585112,41.090125173096624
2023-09-05T00:00:00.000Z,0.6100035025016124,41.32061157684491
2023-09-06T00:00:00.000Z,0.6027724892925441,40.80832361988807
2023-09-07T00:00:00.000Z,0.5957471962751679,41.65035998609246
2023-09-08T00:00:00.000Z,0.595562072053299,41.286417464332565
2023-09-09T00:00:00.000Z,0.5533773833807573,40.75626291847256
2023-09-10T00:00:00.000Z,0.43853479355980346,40.05188026004989
2023-09-11T00:00:00.000Z,0.44033054417598716,39.21821164226175
2023-09-12T00:00:00.000Z,0.4445301413533416,39.93863938065177
2023-09-13T00:00:00.000Z,0.4334789799578286,39.908808321143226
2023-09-14T00:00:00.000Z,0.3819456457841024,40.27897116800777
2023-09-15T00:00:00.000Z,0.37437177525327703,40.7157818917208
2023-09-16T00:00:00.000Z,0.35536422954494457,41.53890550882928
2023-09-17T00:00:00.000Z,0.3546919615886123,40.961033835258064
2023-09-18T00:00:00.000Z,0.34983426893505,40.648851011755355
2023-09-19T00:00:00.000Z,0.3502795646609703,40.752413593383444
2023-09-20T00:00:00.000Z,0.34819810896659403,40.69995573868276
2023-09-21T00:00:00.000Z,0.3337253016605223,39.79283137891901
2023-09-22T00:00:00.000Z,0.313032940767442,39.65954663492638
2023-09-23T00:00:00.000Z,0.305787462071681,39.55045815287029
2023-09-24T00:00:00.000Z,0.3015866439636766,39.03749960932234
2023-09-25T00:00:00.000Z,0.3007206923292578,38.757448762271444
2023-09-26T00:00:00.000Z,0.29530644096125225,38.8554445765368
2023-09-27T00:00:00.000Z,0.2907201961404463,38.793110855301215
2023-09-28T00:00:00.000Z,0.27542644025086055,40.02148194963334
2023-09-29T00:00:00.000Z,0.277621756689355,40.35098302524583
2023-09-30T00:00:00.000Z,0.25056933409541754,39.9189571960069
2023-10-01T00:00:00.000Z,0.28947805736534776,41.58386756668684
2023-10-02T00:00:00.000Z,0.30822347370545244,40.28986643256257
2023-10-03T00:00:00.000Z,0.3076767588380375,39.893418199200894
2023-10-04T00:00:00.000Z,0.30991988508828694,39.40201169442954
2023-10-05T00:00:00.000Z,0.31169204332701966,38.87437722672158
2023-10-06T00:00:00.000Z,0.3184534678796247,39.65542454832904
2023-10-07T00:00:00.000Z,0.3093874322184358,39.39608928231314
2023-10-08T00:00:00.000Z,0.3087662014693614,39.15687191600892
2023-10-09T00:00:00.000Z,0.31145770143256196,38.462640515814826
2023-10-10T00:00:00.000Z,0.3431226174026258,40.11675157995291
2023-10-11T00:00:00.000Z,0.3435133452262819,41.046760200334155
2023-10-12T00:00:00.000Z,0.37198456462837104,39.26883049146869
2023-10-13T00:00:00.000Z,0.3731788553575214,39.59053355769996
2023-10-14T00:00:00.000Z,0.3720348273304851,39.767005535649
2023-10-15T00:00:00.000Z,0.37049384084659887,39.498474760391126
2023-10-16T00:00:00.000Z,0.3688540012871242,40.20127195606657
2023-10-17T00:00:00.000Z,0.3718968107158873,40.95189115897416
2023-10-18T00:00:00.000Z,0.3985021821646986,39.257065234394496
2023-10-19T00:00:00.000Z,0.402233551480126,38.58363165434923
2023-10-20T00:00:00.000Z,0.4129361773143507,39.55447546328069
2023-10-21T00:00:00.000Z,0.40777651527748904,40.03883035645119
2023-10-22T00:00:00.000Z,0.4122898275095758,40.77670933031301
2023-10-23T00:00:00.000Z,0.44465856564081446,42.78309588323568
2023-10-24T00:00:00.000Z,0.5484032254518884,46.9287982124975
2023-10-25T00:00:00.000Z,0.5478767520406783,46.67582204816945
2023-10-26T00:00:00.000Z,0.5783134492671372,49.47597041279109
2023-10-27T00:00:00.000Z,0.5773736664035093,50.138451411781595
2023-10-28T00:00:00.000Z,0.5796551161358032,49.16416620935348
2023-10-29T00:00:00.000Z,0.5818027673221734,50.227848274040056
2023-10-30T00:00:00.000Z,0.5875957795819592,49.124749435627955
2023-10-31T00:00:00.000Z,0.5786631795117921,48.442010355893714
2023-11-01T00:00:00.000Z,0.568231964276291,49.80397648527015
2023-11-02T00:00:00.000Z,0.5648200313615617,50.31195915531542
2023-11-03T00:00:00.000Z,0.7185889107104619,57.25483087307708
2023-11-04T00:00:00.000Z,0.7587736657644222,62.36051232796715
2023-11-05T00:00:00.000Z,0.7629975371971086,64.83950961643947
2023-11-06T00:00:00.000Z,0.7583962010913788,66.37243216635015
2023-11-07T00:00:00.000Z,0.7707638603568184,64.53569829372765
2023-11-08T00:00:00.000Z,0.9358497150343508,75.8457287202967
2023-11-09T00:00:00.000Z,1.0921111640062724,89.94606034412035
2023-11-10T00:00:00.000Z,1.0985149655701996,95.64650631117091
2023-11-11T00:00:00.000Z,1.0873173541031773,92.9060803797804
2023-11-12T00:00:00.000Z,1.1072013515466106,89.85297567116648
2023-11-13T00:00:00.000Z,1.1226306413052598,87.25078677230205
2023-11-14T00:00:00.000Z,1.1325983697239035,84.91205348261536
2023-11-15T00:00:00.000Z,1.1576252338718704,93.15785855385046
2023-11-16T00:00:00.000Z,1.232846853844321,84.61701384991672
2023-11-17T00:00:00.000Z,1.218230524405425,83.29106149135288
2023-11-18T00:00:00.000Z,1.2093265146743584,87.20778494150005
2023-11-19T00:00:00.000Z,1.2467169255993524,97.36905470323175
2023-11-20T00:00:00.000Z,1.249899021732547,103.8075346438333
2023-11-21T00:00:00.000Z,1.3795263888850482,89.959429996769
2023-11-22T00:00:00.000Z,1.4446144958000695,103.73448066550442
2023-11-23T00:00:00.000Z,1.4515910828448157,98.79965760086586
2023-11-24T00:00:00.000Z,1.4478820618307824,99.96116076502261
2023-11-25T00:00:00.000Z,1.4554064444921975,108.03966032066332
2023-11-26T00:00:00.000Z,1.4660402241328108,116.9737210785554
2023-11-27T00:00:00.000Z,1.4682619061521933,114.13099648284648
2023-11-28T00:00:00.000Z,1.4683043009801031,116.5428562963242
2023-11-29T00:00:00.000Z,1.4946545062676038,109.06892836074755
2023-11-30T00:00:00.000Z,1.4947930511397622,107.51218680678218
2023-12-01T00:00:00.000Z,1.4971375030431173,108.13311267682504
2023-12-02T00:00:00.000Z,1.4976366047439382,113.76938160184052
2023-12-03T00:00:00.000Z,1.4652961918462588,109.17639985286321
2023-12-04T00:00:00.000Z,1.4467861992086,110.86599828410127
2023-12-05T00:00:00.000Z,1.4482827174708248,110.32599745178317
2023-12-06T00:00:00.000Z,1.5301989074697033,96.95458997824146
2023-12-07T00:00:00.000Z,1.529550772068666,102.79757249901117
2023-12-08T00:00:00.000Z,1.4218033077395804,103.10609631139008
2023-12-09T00:00:00.000Z,1.2840668298653015,107.67116864366255
2023-12-10T00:00:00.000Z,1.268824783082664,107.51159230471504
2023-12-11T00:00:00.000Z,1.2977041681277104,99.0531320033909
2023-12-12T00:00:00.000Z,1.2923859095832935,97.75706264497245
2023-12-13T00:00:00.000Z,1.287009761587936,99.3218560862233
2023-12-14T00:00:00.000Z,1.292844819288945,104.9759512137889
2023-12-15T00:00:00.000Z,1.3157223354311256,93.59626388369541
2023-12-16T00:00:00.000Z,1.2711133260665368,94.20189699790177
2023-12-17T00:00:00.000Z,1.2762727246870713,90.5785166857228