DateTime,Price,Out,At,In
2021-03-30T00:00:00.000Z,46.68,0.010929,0.896175,0.092896
2021-03-31T00:00:00.000Z,46.68,0.006639,0.893776,0.099585
2021-04-01T00:00:00.000Z,78.14,0,0.999061,0.000939
2021-04-02T00:00:00.000Z,92.87,0,0.670383,0.329617
2021-04-03T00:00:00.000Z,77.54,0,0.706635,0.293365
2021-04-04T00:00:00.000Z,81.78,0,0.72096,0.27904
2021-04-05T00:00:00.000Z,100.43,0,0.717359,0.282641
2021-04-06T00:00:00.000Z,89.54,0,0.761169,0.238831
2021-04-07T00:00:00.000Z,81.32,0,0.782549,0.217451
2021-04-08T00:00:00.000Z,87.99,0,0.772764,0.227236
2021-04-09T00:00:00.000Z,75.47,0.094395,0.701529,0.204076
2021-04-10T00:00:00.000Z,88.79,0,0.783459,0.216541
2021-04-11T00:00:00.000Z,97.75,0,0.785767,0.214233
2021-04-12T00:00:00.000Z,87.15,0,0.803989,0.196011
2021-04-13T00:00:00.000Z,80.77,0.071637,0.743908,0.184454
2021-04-14T00:00:00.000Z,80.41,0.129048,0.68785,0.183102
2021-04-15T00:00:00.000Z,75.07,0.304633,0.52098,0.174388
2021-04-16T00:00:00.000Z,71.63,0.441398,0.388255,0.170347
2021-04-17T00:00:00.000Z,72.21,0.436695,0.392224,0.171081
2021-04-18T00:00:00.000Z,69.38,0.450632,0.381323,0.168045
2021-04-19T00:00:00.000Z,63.08,0.761441,0.074732,0.163827
2021-04-20T00:00:00.000Z,73.75,0.389268,0.440976,0.169756
2021-04-21T00:00:00.000Z,69.07,0.472345,0.363681,0.163975
2021-04-22T00:00:00.000Z,70.01,0.433211,0.403663,0.163126
2021-04-23T00:00:00.000Z,66.3,0.65247,0.190801,0.156729
2021-04-24T00:00:00.000Z,64.52,0.689949,0.154782,0.155269
2021-04-25T00:00:00.000Z,59.83,0.753354,0.094657,0.151988
2021-04-26T00:00:00.000Z,67.25,0.516419,0.33009,0.153491
2021-04-27T00:00:00.000Z,63.18,0.70985,0.140951,0.149199
2021-04-28T00:00:00.000Z,60.66,0.472896,0.431768,0.095336
2021-04-29T00:00:00.000Z,62.2,0.471841,0.430854,0.097305
2021-04-30T00:00:00.000Z,62.42,0.466949,0.435526,0.097525
2021-05-01T00:00:00.000Z,69.85,0.426036,0.127876,0.446088
2021-05-02T00:00:00.000Z,65.55,0.471732,0.42624,0.102027
2021-05-03T00:00:00.000Z,63,0.506556,0.394191,0.099253
2021-05-04T00:00:00.000Z,60.01,0.525195,0.377682,0.097123
2021-05-05T00:00:00.000Z,65.54,0.469725,0.424187,0.106088
2021-05-06T00:00:00.000Z,62.8,0.500585,0.400702,0.098714
2021-05-07T00:00:00.000Z,65.64,0.466633,0.422813,0.110554
2021-05-08T00:00:00.000Z,66.5,0.458041,0.120863,0.421097
2021-05-09T00:00:00.000Z,69.32,0.439331,0.106946,0.453724
2021-05-10T00:00:00.000Z,64.27,0.495726,0.404894,0.09938
2021-05-11T00:00:00.000Z,65.37,0.480724,0.101408,0.417868
2021-05-12T00:00:00.000Z,65.59,0.473154,0.107886,0.41896
2021-05-13T00:00:00.000Z,69.84,0.434739,0.103981,0.46128
2021-05-14T00:00:00.000Z,85.74,0.159671,0.160175,0.680154
2021-05-15T00:00:00.000Z,77.34,0.252903,0.215043,0.532055
2021-05-16T00:00:00.000Z,77.98,0.249789,0.215213,0.534997
2021-05-17T00:00:00.000Z,75.89,0.256761,0.229209,0.51403
2021-05-18T00:00:00.000Z,80.95,0.217708,0.234975,0.547317
2021-05-19T00:00:00.000Z,62.92,0.507648,0.398368,0.093984
2021-05-20T00:00:00.000Z,68.67,0.444198,0.132391,0.423411
2021-05-21T00:00:00.000Z,59.87,0.544602,0.364489,0.090909
2021-05-22T00:00:00.000Z,57.92,0.564353,0.345844,0.089803
2021-05-23T00:00:00.000Z,46.55,0.905396,0.094431,0.000173
2021-05-24T00:00:00.000Z,61.64,0.496607,0.407865,0.095528
2021-05-25T00:00:00.000Z,58.76,0.532807,0.372982,0.094211
2021-05-26T00:00:00.000Z,61.83,0.49041,0.413866,0.095724
2021-05-27T00:00:00.000Z,59.77,0.507829,0.397153,0.095018
2021-05-28T00:00:00.000Z,54.43,0.870244,0.037688,0.092067
2021-05-29T00:00:00.000Z,52.72,0.886347,0.02123,0.092423
2021-05-30T00:00:00.000Z,56.69,0.556738,0.344611,0.09865
2021-05-31T00:00:00.000Z,63.02,0.476776,0.412959,0.110265
2021-06-01T00:00:00.000Z,62.15,0.508953,0.379825,0.111222
2021-06-02T00:00:00.000Z,64.91,0.473105,0.409943,0.116952
2021-06-03T00:00:00.000Z,66.4,0.468672,0.404564,0.126763
2021-06-04T00:00:00.000Z,62.28,0.531026,0.353525,0.11545
2021-06-05T00:00:00.000Z,61.67,0.535321,0.350677,0.114002
2021-06-06T00:00:00.000Z,63.02,0.511781,0.372745,0.115474
2021-06-07T00:00:00.000Z,61.01,0.534497,0.355196,0.110307
2021-06-08T00:00:00.000Z,57.63,0.587556,0.305965,0.106479
2021-06-09T00:00:00.000Z,60.41,0.539138,0.351062,0.109801
2021-06-10T00:00:00.000Z,55.03,0.642214,0.253968,0.103818
2021-06-11T00:00:00.000Z,48.08,0.886427,0.113358,0.000215
2021-06-12T00:00:00.000Z,48.99,0.882391,0.117393,0.000216
2021-06-13T00:00:00.000Z,51.37,0.871651,0.128133,0.000216
2021-06-14T00:00:00.000Z,49.6,0.873377,0.126407,0.000216
2021-06-15T00:00:00.000Z,52.46,0.857236,0.041224,0.10154
2021-06-16T00:00:00.000Z,48.38,0.874511,0.125272,0.000217
2021-06-17T00:00:00.000Z,49.07,0.871997,0.127785,0.000218
2021-06-18T00:00:00.000Z,43.13,0.89499,0.104791,0.000219
2021-06-19T00:00:00.000Z,39.88,0.993789,0.005989,0.000222
2021-06-20T00:00:00.000Z,40.88,0.989991,0.009786,0.000222
2021-06-21T00:00:00.000Z,31.1,0.992881,0.006897,0.000222
2021-06-22T00:00:00.000Z,30.98,0.989509,0.010268,0.000223
2021-06-23T00:00:00.000Z,34.18,0.983085,0.00779,0.009125
2021-06-24T00:00:00.000Z,36.13,0.979769,0.010894,0.009337
2021-06-25T00:00:00.000Z,33.71,0.978222,0.013778,0.008
2021-06-26T00:00:00.000Z,33,0.981082,0.018696,0.000223
2021-06-27T00:00:00.000Z,45.91,0.847454,0.124527,0.028019
2021-06-28T00:00:00.000Z,53.76,0.811916,0.051578,0.136505
2021-06-29T00:00:00.000Z,59.16,0.525394,0.326236,0.14837
2021-06-30T00:00:00.000Z,71.51,0.32924,0.2405,0.430259
2021-07-01T00:00:00.000Z,66.08,0.459535,0.381133,0.159332
2021-07-02T00:00:00.000Z,72.59,0.307552,0.266406,0.426042
2021-07-03T00:00:00.000Z,76.55,0.262404,0.262404,0.475192
2021-07-04T00:00:00.000Z,83.1,0.17129,0.296256,0.532454
2021-07-05T00:00:00.000Z,77.35,0.251153,0.283157,0.46569
2021-07-06T00:00:00.000Z,80.14,0.176535,0.326632,0.496833
2021-07-07T00:00:00.000Z,78.18,0.237128,0.303089,0.459783
2021-07-08T00:00:00.000Z,73.8,0.273087,0.305563,0.42135
2021-07-09T00:00:00.000Z,77.3,0.249788,0.297649,0.452563
2021-07-10T00:00:00.000Z,95.7,0,0.282374,0.717626
2021-07-11T00:00:00.000Z,100.19,0,0.27171,0.72829
2021-07-12T00:00:00.000Z,112.64,0,0.164719,0.835281
2021-07-13T00:00:00.000Z,105.25,0,0.32133,0.67867
2021-07-14T00:00:00.000Z,112.06,0,0.208368,0.791632
2021-07-15T00:00:00.000Z,108.3,0,0.289928,0.710072
2021-07-16T00:00:00.000Z,96.87,0.099815,0.347769,0.552416
2021-07-17T00:00:00.000Z,102.85,0,0.380053,0.619947
2021-07-18T00:00:00.000Z,96.57,0.127756,0.329349,0.542895
2021-07-19T00:00:00.000Z,89.15,0.211518,0.307059,0.481423
2021-07-20T00:00:00.000Z,88.49,0.206164,0.367694,0.426142
2021-07-21T00:00:00.000Z,101.7,0,0.378956,0.621044
2021-07-22T00:00:00.000Z,107.73,0,0.300917,0.699083
2021-07-23T00:00:00.000Z,129.32,0,0.034812,0.965188
2021-07-24T00:00:00.000Z,145.32,0,0.08638,0.91362
2021-07-25T00:00:00.000Z,145.75,0,0.112565,0.887435
2021-07-26T00:00:00.000Z,143.89,0,0.137965,0.862035
2021-07-27T00:00:00.000Z,166.55,0,0.062012,0.937988
2021-07-28T00:00:00.000Z,194.51,0,0.100948,0.899052
2021-07-29T00:00:00.000Z,205.95,0,0.184698,0.815302
2021-07-30T00:00:00.000Z,219.36,0,0.150473,0.849527
2021-07-31T00:00:00.000Z,243.34,0,0.05963,0.94037
2021-08-01T00:00:00.000Z,249.82,0,0.112227,0.887773
2021-08-02T00:00:00.000Z,247.93,0,0.130982,0.869018
2021-08-03T00:00:00.000Z,236.99,0,0.188235,0.811765
2021-08-04T00:00:00.000Z,286.63,0,0.043315,0.956685
2021-08-05T00:00:00.000Z,297.82,0,0.095083,0.904917
2021-08-06T00:00:00.000Z,325.74,0,0.116068,0.883932
2021-08-07T00:00:00.000Z,376.7,0,0.075669,0.924331
2021-08-08T00:00:00.000Z,355.85,0,0.200507,0.799493
2021-08-09T00:00:00.000Z,371.04,0,0.195137,0.804863
2021-08-10T00:00:00.000Z,375.69,0,0.225651,0.774349
2021-08-11T00:00:00.000Z,442.16,0,0.090264,0.909736
2021-08-12T00:00:00.000Z,450.53,0,0.150489,0.849511
2021-08-13T00:00:00.000Z,529.03,0,0.072656,0.927344
2021-08-14T00:00:00.000Z,531.74,0,0.138086,0.861914
2021-08-15T00:00:00.000Z,519.33,0,0.17241,0.82759
2021-08-16T00:00:00.000Z,435.49,0.157204,0.157082,0.685714
2021-08-17T00:00:00.000Z,404.2,0.195093,0.22737,0.577537
2021-08-18T00:00:00.000Z,440.62,0.135189,0.228212,0.636599
2021-08-19T00:00:00.000Z,440.39,0.126392,0.26036,0.613248
2021-08-20T00:00:00.000Z,477.56,0.082146,0.280664,0.63719
2021-08-21T00:00:00.000Z,502.34,0,0.211475,0.788525
2021-08-22T00:00:00.000Z,470.49,0.101994,0.304357,0.593648
2021-08-23T00:00:00.000Z,504.29,0,0.255869,0.744131
2021-08-24T00:00:00.000Z,467.01,0.096668,0.33312,0.570212
2021-08-25T00:00:00.000Z,462.22,0.119633,0.324085,0.556282
2021-08-26T00:00:00.000Z,482.45,0.066785,0.304334,0.628881
2021-08-27T00:00:00.000Z,520.14,0,0.236659,0.763341
2021-08-28T00:00:00.000Z,527.85,0,0.195585,0.804415
2021-08-29T00:00:00.000Z,508.82,0,0.310175,0.689825
2021-08-30T00:00:00.000Z,499.27,0,0.33867,0.66133
2021-08-31T00:00:00.000Z,492.17,0,0.346717,0.653283
2021-09-01T00:00:00.000Z,519.22,0,0.289428,0.710572
2021-09-02T00:00:00.000Z,553.07,0,0.165299,0.834701
2021-09-03T00:00:00.000Z,596.65,0,0.036126,0.963874
2021-09-04T00:00:00.000Z,589.44,0,0.05238,0.94762
2021-09-05T00:00:00.000Z,559.26,0,0.19082,0.80918
2021-09-06T00:00:00.000Z,565.83,0,0.155328,0.844672
2021-09-07T00:00:00.000Z,482.59,0.159797,0.276617,0.563587
2021-09-08T00:00:00.000Z,496.77,0.07197,0.341395,0.586636
2021-09-09T00:00:00.000Z,509.54,0.067118,0.325435,0.607447
2021-09-10T00:00:00.000Z,470.73,0.209961,0.3147,0.475338
2021-09-11T00:00:00.000Z,472.67,0.202133,0.325351,0.472516
2021-09-12T00:00:00.000Z,493.99,0.128165,0.304065,0.567769
2021-09-13T00:00:00.000Z,469.24,0.234828,0.298802,0.46637
2021-09-14T00:00:00.000Z,490.79,0.124904,0.316551,0.558546
2021-09-15T00:00:00.000Z,509.3,0.057968,0.277997,0.664035
2021-09-16T00:00:00.000Z,530.47,0.033176,0.218002,0.748822
2021-09-17T00:00:00.000Z,517.53,0.055108,0.260081,0.684812
2021-09-18T00:00:00.000Z,513.26,0.055214,0.268005,0.676781
2021-09-19T00:00:00.000Z,500.43,0.126274,0.257934,0.615791
2021-09-20T00:00:00.000Z,453.17,0.35049,0.221241,0.42827
2021-09-21T00:00:00.000Z,436.73,0.443055,0.137184,0.419761
2021-09-22T00:00:00.000Z,550.21,0.008279,0.259719,0.732001
2021-09-23T00:00:00.000Z,578.37,0,0.163985,0.836015
2021-09-24T00:00:00.000Z,503.84,0.155802,0.344604,0.499594
2021-09-25T00:00:00.000Z,506.39,0.151842,0.340897,0.507261
2021-09-26T00:00:00.000Z,527.21,0.036801,0.367378,0.59582
2021-09-27T00:00:00.000Z,511.2,0.146439,0.30823,0.545331
2021-09-28T00:00:00.000Z,484.88,0.216351,0.333001,0.450648
2021-09-29T00:00:00.000Z,467.47,0.342391,0.287681,0.369928
2021-09-30T00:00:00.000Z,500.92,0.144061,0.372746,0.483193
2021-10-01T00:00:00.000Z,541.45,0.016046,0.345753,0.638201
2021-10-02T00:00:00.000Z,581.51,0,0.162219,0.837781
2021-10-03T00:00:00.000Z,584.05,0,0.167289,0.832711
2021-10-04T00:00:00.000Z,572.6,0,0.204241,0.795759
2021-10-05T00:00:00.000Z,595.49,0,0.096105,0.903895
2021-10-06T00:00:00.000Z,673.16,0,0.022535,0.977465
2021-10-07T00:00:00.000Z,674.97,0,0.03216,0.96784
2021-10-08T00:00:00.000Z,671.41,0,0.039803,0.960197
2021-10-09T00:00:00.000Z,686.5,0,0.047717,0.952283
2021-10-10T00:00:00.000Z,660.09,0,0.056088,0.943912
2021-10-11T00:00:00.000Z,644.98,0,0.062831,0.937169
2021-10-12T00:00:00.000Z,621.16,0.03801,0.082026,0.879964
2021-10-13T00:00:00.000Z,630.74,0.008426,0.088562,0.903012
2021-10-14T00:00:00.000Z,695.17,0,0.062143,0.937857
2021-10-15T00:00:00.000Z,713.53,0,0.055778,0.944222
2021-10-16T00:00:00.000Z,736.52,0,0.038912,0.961088
2021-10-17T00:00:00.000Z,721.85,0,0.073385,0.926615
2021-10-18T00:00:00.000Z,714.48,0,0.080347,0.919653
2021-10-19T00:00:00.000Z,728.79,0,0.061057,0.938943
2021-10-20T00:00:00.000Z,789.78,0,0.025302,0.974698
2021-10-21T00:00:00.000Z,779.96,0,0.046036,0.953964
2021-10-22T00:00:00.000Z,781.83,0,0.037031,0.962969
2021-10-23T00:00:00.000Z,805.94,0,0.04263,0.95737
2021-10-24T00:00:00.000Z,786.58,0,0.054219,0.945781
2021-10-25T00:00:00.000Z,850.59,0,0.013023,0.986977
2021-10-26T00:00:00.000Z,866.17,0,0.022547,0.977453
2021-10-27T00:00:00.000Z,827.19,0,0.049399,0.950601
2021-10-28T00:00:00.000Z,905.36,0,0.023131,0.976869
2021-10-29T00:00:00.000Z,959.77,0,0.018937,0.981063
2021-10-30T00:00:00.000Z,1011.4,0,0.029201,0.970799
2021-10-31T00:00:00.000Z,999.66,0,0.063966,0.936034
2021-11-01T00:00:00.000Z,1021.83,0,0.062526,0.937474
2021-11-02T00:00:00.000Z,1207.43,0,0.030396,0.969604
2021-11-03T00:00:00.000Z,1212.71,0,0.054564,0.945436
2021-11-04T00:00:00.000Z,1218.89,0,0.073555,0.926445
2021-11-05T00:00:00.000Z,1318.3,0,0.026159,0.973841
2021-11-06T00:00:00.000Z,1191.66,0.021316,0.083874,0.89481
2021-11-07T00:00:00.000Z,1225.05,0.019522,0.098071,0.882407
2021-11-08T00:00:00.000Z,1245.29,0.01884,0.106583,0.874577
2021-11-09T00:00:00.000Z,1235.8,0.018572,0.11686,0.864567
2021-11-10T00:00:00.000Z,1198.46,0.018363,0.124124,0.857513
2021-11-11T00:00:00.000Z,1161.63,0.055311,0.096378,0.84831
2021-11-12T00:00:00.000Z,1154.01,0.070781,0.087929,0.84129
2021-11-13T00:00:00.000Z,1159.93,0.052156,0.11214,0.835704
2021-11-14T00:00:00.000Z,1125.05,0.125601,0.045898,0.828501
2021-11-15T00:00:00.000Z,1135.79,0.109106,0.069118,0.821776
2021-11-16T00:00:00.000Z,1047.61,0.17138,0.052376,0.776244
2021-11-17T00:00:00.000Z,1043.33,0.167967,0.062031,0.770002
2021-11-18T00:00:00.000Z,991.93,0.177355,0.06598,0.756665
2021-11-19T00:00:00.000Z,1030.51,0.161961,0.080723,0.757315
2021-11-20T00:00:00.000Z,1005.44,0.159752,0.098539,0.741709
2021-11-21T00:00:00.000Z,1059.77,0.15393,0.081655,0.764415
2021-11-22T00:00:00.000Z,1062.89,0.15129,0.091467,0.757243
2021-11-23T00:00:00.000Z,1200.76,0.013799,0.146668,0.839533
2021-11-24T00:00:00.000Z,1453.88,0,0.038218,0.961782
2021-11-25T00:00:00.000Z,1677.61,0,0.032684,0.967316
2021-11-26T00:00:00.000Z,1477.59,0.027898,0.054562,0.917541
2021-11-27T00:00:00.000Z,1565.54,0,0.094834,0.905166
2021-11-28T00:00:00.000Z,1477.13,0.025444,0.07769,0.896865
2021-11-29T00:00:00.000Z,1722.64,0,0.044862,0.955138
2021-11-30T00:00:00.000Z,1849.95,0,0.036262,0.963738
2021-12-01T00:00:00.000Z,1762.04,0,0.071509,0.928491
2021-12-02T00:00:00.000Z,1599.83,0.028526,0.091402,0.880071
2021-12-03T00:00:00.000Z,1518.02,0.064808,0.088194,0.846997
2021-12-04T00:00:00.000Z,1342.28,0.145566,0.043255,0.811179
2021-12-05T00:00:00.000Z,1386.53,0.093009,0.086625,0.820366
2021-12-06T00:00:00.000Z,1326.72,0.139022,0.071106,0.789872
2021-12-07T00:00:00.000Z,1348.03,0.1133,0.084312,0.802388
2021-12-08T00:00:00.000Z,1356.22,0.110119,0.086189,0.803693
2021-12-09T00:00:00.000Z,1280.41,0.138631,0.158417,0.702952
2021-12-10T00:00:00.000Z,1211.41,0.18144,0.15211,0.66645
2021-12-11T00:00:00.000Z,1219.05,0.177704,0.159135,0.663161
2021-12-12T00:00:00.000Z,1274.89,0.132314,0.182311,0.685375
2021-12-13T00:00:00.000Z,1154.88,0.211209,0.151683,0.637108
2021-12-14T00:00:00.000Z,1080.14,0.304183,0.116559,0.579258
2021-12-15T00:00:00.000Z,1068.72,0.31094,0.113884,0.575176
2021-12-16T00:00:00.000Z,1181,0.167474,0.177984,0.654542
2021-12-17T00:00:00.000Z,1114.97,0.258904,0.143411,0.597685
2021-12-18T00:00:00.000Z,1138.23,0.21061,0.183007,0.606384
2021-12-19T00:00:00.000Z,1106.18,0.275274,0.133612,0.591114
2021-12-20T00:00:00.000Z,1069.73,0.301253,0.137876,0.560871
2021-12-21T00:00:00.000Z,1109.92,0.261207,0.153521,0.585272
2021-12-22T00:00:00.000Z,1139.56,0.197838,0.208333,0.593829
2021-12-23T00:00:00.000Z,1195.1,0.157859,0.207459,0.634683
2021-12-24T00:00:00.000Z,1208.73,0.156455,0.193168,0.650377
2021-12-25T00:00:00.000Z,1196.99,0.176097,0.175474,0.64843
2021-12-26T00:00:00.000Z,1155.9,0.196771,0.177957,0.625272
2021-12-27T00:00:00.000Z,1151.07,0.203292,0.175196,0.621511
2021-12-28T00:00:00.000Z,1057.18,0.354035,0.106353,0.539612
2021-12-29T00:00:00.000Z,1050.33,0.369534,0.088252,0.542214
2021-12-30T00:00:00.000Z,1012.89,0.387925,0.077425,0.53465
2021-12-31T00:00:00.000Z,1012.78,0.388654,0.079791,0.531555
2022-01-01T00:00:00.000Z,1029.92,0.368556,0.101567,0.529876
2022-01-02T00:00:00.000Z,1032.14,0.359096,0.113614,0.527289
2022-01-03T00:00:00.000Z,1016.87,0.381153,0.094481,0.524366
2022-01-04T00:00:00.000Z,1016.55,0.384807,0.092519,0.522673
2022-01-05T00:00:00.000Z,972.09,0.434051,0.050693,0.515257
2022-01-06T00:00:00.000Z,865.69,0.482301,0.020063,0.497636
2022-01-07T00:00:00.000Z,806.18,0.497946,0.032428,0.469625
2022-01-08T00:00:00.000Z,767.03,0.508242,0.02977,0.461988
2022-01-09T00:00:00.000Z,802.36,0.491142,0.045179,0.463679
2022-01-10T00:00:00.000Z,757.37,0.508348,0.040915,0.450737
2022-01-11T00:00:00.000Z,813.04,0.481963,0.046023,0.472014
2022-01-12T00:00:00.000Z,854.57,0.467547,0.025085,0.507367
2022-01-13T00:00:00.000Z,831.23,0.465279,0.05105,0.483671
2022-01-14T00:00:00.000Z,819.98,0.473825,0.05593,0.470246
2022-01-15T00:00:00.000Z,847.26,0.460868,0.04461,0.494522
2022-01-16T00:00:00.000Z,861.52,0.457802,0.040657,0.501541
2022-01-17T00:00:00.000Z,800.26,0.487579,0.058144,0.454276
2022-01-18T00:00:00.000Z,770.32,0.510138,0.043145,0.446717
2022-01-19T00:00:00.000Z,773.93,0.498583,0.056001,0.445416
2022-01-20T00:00:00.000Z,784.81,0.49154,0.064069,0.444391
2022-01-21T00:00:00.000Z,669.77,0.565888,0.026595,0.407516
2022-01-22T00:00:00.000Z,563.86,0.59857,0.066194,0.335235
2022-01-23T00:00:00.000Z,572.18,0.589505,0.073823,0.336672
2022-01-24T00:00:00.000Z,552.84,0.597688,0.096251,0.306061
2022-01-25T00:00:00.000Z,579.8,0.582781,0.082392,0.334827
2022-01-26T00:00:00.000Z,603,0.57476,0.043598,0.381643
2022-01-27T00:00:00.000Z,550.67,0.59449,0.105194,0.300316
2022-01-28T00:00:00.000Z,557.52,0.589472,0.107545,0.302983
2022-01-29T00:00:00.000Z,580.99,0.573756,0.094655,0.331589
2022-01-30T00:00:00.000Z,590.99,0.56798,0.0627,0.36932
2022-01-31T00:00:00.000Z,603.59,0.563737,0.053726,0.382538
2022-02-01T00:00:00.000Z,628.62,0.556731,0.028129,0.41514
2022-02-02T00:00:00.000Z,595.98,0.560928,0.06636,0.372712
2022-02-03T00:00:00.000Z,574.62,0.569279,0.10563,0.325091
2022-02-04T00:00:00.000Z,641.42,0.53911,0.039139,0.421751
2022-02-05T00:00:00.000Z,659.23,0.530508,0.042029,0.427463
2022-02-06T00:00:00.000Z,663.32,0.52788,0.044034,0.428086
2022-02-07T00:00:00.000Z,717.32,0.50517,0.037156,0.457674
2022-02-08T00:00:00.000Z,679.19,0.518136,0.051493,0.430371
2022-02-09T00:00:00.000Z,719.48,0.501047,0.042239,0.456714
2022-02-10T00:00:00.000Z,724.24,0.493625,0.046772,0.459604
2022-02-11T00:00:00.000Z,686.91,0.508249,0.061013,0.430738
2022-02-12T00:00:00.000Z,650.41,0.532443,0.053204,0.414353
2022-02-13T00:00:00.000Z,626.69,0.554092,0.052762,0.393146
2022-02-14T00:00:00.000Z,628.42,0.55254,0.052194,0.395266
2022-02-15T00:00:00.000Z,672.03,0.520014,0.056154,0.423832
2022-02-16T00:00:00.000Z,661.92,0.522398,0.064371,0.413231
2022-02-17T00:00:00.000Z,619.78,0.562633,0.051269,0.386098
2022-02-18T00:00:00.000Z,591.47,0.579132,0.071017,0.34985
2022-02-19T00:00:00.000Z,577.12,0.587326,0.102206,0.310468
2022-02-20T00:00:00.000Z,550.42,0.609749,0.118046,0.272205
2022-02-21T00:00:00.000Z,550.02,0.626255,0.090137,0.283608
2022-02-22T00:00:00.000Z,536.82,0.638642,0.096289,0.265069
2022-02-23T00:00:00.000Z,554.4,0.604335,0.111188,0.284477
2022-02-24T00:00:00.000Z,492.44,0.725807,0.094935,0.179258
2022-02-25T00:00:00.000Z,539.2,0.626275,0.106509,0.267217
2022-02-26T00:00:00.000Z,561.17,0.592798,0.107167,0.300034
2022-02-27T00:00:00.000Z,560.71,0.591036,0.109758,0.299205
2022-02-28T00:00:00.000Z,565.09,0.585047,0.106523,0.30843
2022-03-01T00:00:00.000Z,596.21,0.560682,0.067184,0.372134
2022-03-02T00:00:00.000Z,598.83,0.553308,0.071058,0.375634
2022-03-03T00:00:00.000Z,571.06,0.572526,0.116304,0.311169
2022-03-04T00:00:00.000Z,540.44,0.622462,0.113108,0.26443
2022-03-05T00:00:00.000Z,538.14,0.620543,0.117193,0.262264
2022-03-06T00:00:00.000Z,523.38,0.679494,0.091662,0.228844
2022-03-07T00:00:00.000Z,496.92,0.717317,0.086757,0.195926
2022-03-08T00:00:00.000Z,509.35,0.687394,0.100952,0.211654
2022-03-09T00:00:00.000Z,532.75,0.628819,0.115583,0.255598
2022-03-10T00:00:00.000Z,507.66,0.695362,0.093787,0.210851
2022-03-11T00:00:00.000Z,503.2,0.709285,0.086954,0.203761
2022-03-12T00:00:00.000Z,499.96,0.709889,0.095723,0.194388
2022-03-13T00:00:00.000Z,498.88,0.707703,0.098543,0.193754
2022-03-14T00:00:00.000Z,487.33,0.7336,0.093406,0.172993
2022-03-15T00:00:00.000Z,490.27,0.719195,0.102992,0.177813
2022-03-16T00:00:00.000Z,505.78,0.693936,0.098024,0.20804
2022-03-17T00:00:00.000Z,540.91,0.60354,0.112784,0.283675
2022-03-18T00:00:00.000Z,567.69,0.561363,0.098978,0.339659
2022-03-19T00:00:00.000Z,574.95,0.548195,0.112643,0.339162
2022-03-20T00:00:00.000Z,548.43,0.591318,0.111764,0.296918
2022-03-21T00:00:00.000Z,565.3,0.561432,0.107171,0.331397
2022-03-22T00:00:00.000Z,587.25,0.538668,0.071472,0.38986
2022-03-23T00:00:00.000Z,570.92,0.552115,0.112934,0.334951
2022-03-24T00:00:00.000Z,601,0.523602,0.070193,0.406205
2022-03-25T00:00:00.000Z,580.7,0.527218,0.102039,0.370744
2022-03-26T00:00:00.000Z,586.68,0.524245,0.097259,0.378497
2022-03-27T00:00:00.000Z,594.82,0.520097,0.083305,0.396598
2022-03-28T00:00:00.000Z,642.39,0.48605,0.040168,0.473782
2022-03-29T00:00:00.000Z,650.94,0.471019,0.055444,0.473537
2022-03-30T00:00:00.000Z,650.1,0.470746,0.059737,0.469517
2022-03-31T00:00:00.000Z,616.38,0.515824,0.052225,0.43195
2022-04-01T00:00:00.000Z,653.9,0.46236,0.064653,0.472987
2022-04-02T00:00:00.000Z,650.37,0.46369,0.068535,0.467774
2022-04-03T00:00:00.000Z,653.12,0.462748,0.065323,0.471928
2022-04-04T00:00:00.000Z,634.69,0.4831,0.065585,0.451315
2022-04-05T00:00:00.000Z,648.86,0.464972,0.074358,0.46067
2022-04-06T00:00:00.000Z,591.4,0.547023,0.082263,0.370714
2022-04-07T00:00:00.000Z,593.99,0.538157,0.091655,0.370189
2022-04-08T00:00:00.000Z,599.16,0.532229,0.087376,0.380395
2022-04-09T00:00:00.000Z,592.29,0.540645,0.091492,0.367864
2022-04-10T00:00:00.000Z,602.71,0.528173,0.083932,0.387895
2022-04-11T00:00:00.000Z,537.74,0.643283,0.096582,0.260135
2022-04-12T00:00:00.000Z,534.65,0.646222,0.096292,0.257485
2022-04-13T00:00:00.000Z,549.21,0.619284,0.106835,0.273882
2022-04-14T00:00:00.000Z,532.77,0.639372,0.103738,0.25689
2022-04-15T00:00:00.000Z,532.8,0.637636,0.106113,0.256251
2022-04-16T00:00:00.000Z,528.24,0.67308,0.081702,0.245218
2022-04-17T00:00:00.000Z,532.22,0.635544,0.109596,0.25486
2022-04-18T00:00:00.000Z,522.22,0.672373,0.103503,0.224124
2022-04-19T00:00:00.000Z,539.55,0.621947,0.118683,0.25937
2022-04-20T00:00:00.000Z,530.25,0.633858,0.114623,0.251519
2022-04-21T00:00:00.000Z,536.87,0.625415,0.118021,0.256565
2022-04-22T00:00:00.000Z,516.65,0.682838,0.108606,0.208556
2022-04-23T00:00:00.000Z,519.81,0.672097,0.108814,0.219089
2022-04-24T00:00:00.000Z,509.65,0.710661,0.091057,0.198282
2022-04-25T00:00:00.000Z,505.9,0.715262,0.090038,0.1947
2022-04-26T00:00:00.000Z,494.79,0.737532,0.083604,0.178864
2022-04-27T00:00:00.000Z,481.5,0.782188,0.058106,0.159707
2022-04-28T00:00:00.000Z,495.21,0.732976,0.081013,0.186011
2022-04-29T00:00:00.000Z,470.89,0.80066,0.043571,0.155769
2022-04-30T00:00:00.000Z,466.22,0.806078,0.04662,0.147302
2022-05-01T00:00:00.000Z,464.54,0.806109,0.046934,0.146957
2022-05-02T00:00:00.000Z,468.14,0.794114,0.050759,0.155126
2022-05-03T00:00:00.000Z,474.6,0.789033,0.055841,0.155126
2022-05-04T00:00:00.000Z,483.21,0.765877,0.066351,0.167773
2022-05-05T00:00:00.000Z,458.76,0.809603,0.045009,0.145388
2022-05-06T00:00:00.000Z,444.73,0.842014,0.038271,0.119715
2022-05-07T00:00:00.000Z,447.66,0.836883,0.043316,0.119802
2022-05-08T00:00:00.000Z,421.18,0.876408,0.005073,0.118519
2022-05-09T00:00:00.000Z,375.7,0.884446,0.016396,0.099158
2022-05-10T00:00:00.000Z,387.85,0.881198,0.015506,0.103296
2022-05-11T00:00:00.000Z,338.61,0.904393,0.00485,0.090757
2022-05-12T00:00:00.000Z,288.27,0.908615,0.00964,0.081745
2022-05-13T00:00:00.000Z,306.54,0.904743,0.007906,0.087351
2022-05-14T00:00:00.000Z,304.48,0.902748,0.010087,0.087165
2022-05-15T00:00:00.000Z,323.41,0.893922,0.009917,0.096161
2022-05-16T00:00:00.000Z,303.64,0.900718,0.012417,0.086865
2022-05-17T00:00:00.000Z,299.18,0.898459,0.020141,0.0814
2022-05-18T00:00:00.000Z,289.93,0.902169,0.016685,0.081146
2022-05-19T00:00:00.000Z,298.91,0.894515,0.024398,0.081087
2022-05-20T00:00:00.000Z,286.47,0.900755,0.018327,0.080917
2022-05-21T00:00:00.000Z,294.78,0.891517,0.027704,0.080779
2022-05-22T00:00:00.000Z,302.36,0.88847,0.027051,0.084479
2022-05-23T00:00:00.000Z,292.27,0.886938,0.032517,0.080545
2022-05-24T00:00:00.000Z,295.41,0.885781,0.033845,0.080374
2022-05-25T00:00:00.000Z,290.43,0.887277,0.032555,0.080168
2022-05-26T00:00:00.000Z,277.92,0.905968,0.014326,0.079706
2022-05-27T00:00:00.000Z,255.55,0.917206,0.009728,0.073067
2022-05-28T00:00:00.000Z,268.76,0.912195,0.008289,0.079516
2022-05-29T00:00:00.000Z,270.81,0.910357,0.007848,0.081795
2022-05-30T00:00:00.000Z,315.05,0.868605,0.027096,0.104299
2022-05-31T00:00:00.000Z,302.6,0.872904,0.039331,0.087765
2022-06-01T00:00:00.000Z,286.24,0.879298,0.03913,0.081572
2022-06-02T00:00:00.000Z,277.26,0.89264,0.026205,0.081154
2022-06-03T00:00:00.000Z,268.85,0.904139,0.017108,0.078753
2022-06-04T00:00:00.000Z,275.3,0.888202,0.031043,0.080756
2022-06-05T00:00:00.000Z,279.63,0.881785,0.037677,0.080538
2022-06-06T00:00:00.000Z,283.39,0.873312,0.046399,0.080289
2022-06-07T00:00:00.000Z,274.77,0.883497,0.036411,0.080093
2022-06-08T00:00:00.000Z,272.55,0.885312,0.034726,0.079963
2022-06-09T00:00:00.000Z,268.33,0.892391,0.029598,0.078011
2022-06-10T00:00:00.000Z,252.68,0.917969,0.010398,0.071633
2022-06-11T00:00:00.000Z,232.73,0.924652,0.004843,0.070505
2022-06-12T00:00:00.000Z,215.43,0.927141,0.009575,0.063284
2022-06-13T00:00:00.000Z,184.89,0.933036,0.007147,0.059816
2022-06-14T00:00:00.000Z,181.18,0.933649,0.006707,0.059645
2022-06-15T00:00:00.000Z,157.75,0.936245,0.006419,0.057336
2022-06-16T00:00:00.000Z,157.42,0.936335,0.006361,0.057304
2022-06-17T00:00:00.000Z,160.47,0.931917,0.010845,0.057238
2022-06-18T00:00:00.000Z,146.77,0.940188,0.00695,0.052862
2022-06-19T00:00:00.000Z,166.58,0.926643,0.014267,0.05909
2022-06-20T00:00:00.000Z,165.81,0.924902,0.016124,0.058975
2022-06-21T00:00:00.000Z,165.73,0.922678,0.018457,0.058865
2022-06-22T00:00:00.000Z,155.71,0.931833,0.011416,0.056751
2022-06-23T00:00:00.000Z,168.37,0.920424,0.019649,0.059928
2022-06-24T00:00:00.000Z,180.25,0.913559,0.010334,0.076107
2022-06-25T00:00:00.000Z,175.8,0.911747,0.021517,0.066736
2022-06-26T00:00:00.000Z,179.49,0.909919,0.014786,0.075295
2022-06-27T00:00:00.000Z,173.36,0.910687,0.022901,0.066412
2022-06-28T00:00:00.000Z,170.68,0.909616,0.026112,0.064272
2022-06-29T00:00:00.000Z,161.18,0.921464,0.020369,0.058167
2022-06-30T00:00:00.000Z,144.11,0.93697,0.011356,0.051674
2022-07-01T00:00:00.000Z,123.9,0.940711,0.008679,0.05061
2022-07-02T00:00:00.000Z,115.84,0.941135,0.011827,0.047038
2022-07-03T00:00:00.000Z,110.15,0.93504,0.020435,0.044526
2022-07-04T00:00:00.000Z,115.2,0.930084,0.024235,0.045681
2022-07-05T00:00:00.000Z,110.66,0.924066,0.031857,0.044077
2022-07-06T00:00:00.000Z,114.87,0.920575,0.034496,0.044929
2022-07-07T00:00:00.000Z,119.68,0.911423,0.029579,0.058998
2022-07-08T00:00:00.000Z,116.01,0.914228,0.039758,0.046014
2022-07-09T00:00:00.000Z,116.48,0.907593,0.046416,0.045992
2022-07-10T00:00:00.000Z,109.74,0.914557,0.042562,0.042881
2022-07-11T00:00:00.000Z,106.07,0.932397,0.026914,0.040689
2022-07-12T00:00:00.000Z,95.02,0.951482,0.017864,0.030654
2022-07-13T00:00:00.000Z,94.23,0.949683,0.020063,0.030253
2022-07-14T00:00:00.000Z,103.31,0.93379,0.019926,0.046284
2022-07-15T00:00:00.000Z,102.7,0.934981,0.019284,0.045735
2022-07-16T00:00:00.000Z,120.82,0.889362,0.035688,0.07495
2022-07-17T00:00:00.000Z,111.24,0.900504,0.046127,0.053369
2022-07-18T00:00:00.000Z,121.21,0.883957,0.0391,0.076943
2022-07-19T00:00:00.000Z,130.44,0.880429,0.011393,0.108179
2022-07-20T00:00:00.000Z,129.57,0.879563,0.021674,0.098762
2022-07-21T00:00:00.000Z,125.26,0.877974,0.028641,0.093385
2022-07-22T00:00:00.000Z,120.84,0.881888,0.044851,0.073261
2022-07-23T00:00:00.000Z,114.02,0.888219,0.056956,0.054825
2022-07-24T00:00:00.000Z,118.2,0.876886,0.059095,0.064019
2022-07-25T00:00:00.000Z,108.97,0.903207,0.049644,0.047149
2022-07-26T00:00:00.000Z,99.99,0.938203,0.025382,0.036415
2022-07-27T00:00:00.000Z,115.73,0.870784,0.069263,0.059952
2022-07-28T00:00:00.000Z,117.69,0.866195,0.07251,0.061295
2022-07-29T00:00:00.000Z,121.43,0.858382,0.064306,0.077312
2022-07-30T00:00:00.000Z,117.53,0.860885,0.079156,0.059959
2022-07-31T00:00:00.000Z,117.52,0.857957,0.080162,0.061881
2022-08-01T00:00:00.000Z,114.76,0.86241,0.080154,0.057436
2022-08-02T00:00:00.000Z,115.3,0.86045,0.082348,0.057203
2022-08-03T00:00:00.000Z,116.75,0.854352,0.08699,0.058658
2022-08-04T00:00:00.000Z,112,0.870502,0.077434,0.052065
2022-08-05T00:00:00.000Z,112.7,0.86507,0.082854,0.052076
2022-08-06T00:00:00.000Z,113.39,0.856896,0.090248,0.052856
2022-08-07T00:00:00.000Z,113.37,0.859625,0.087791,0.052583
2022-08-08T00:00:00.000Z,112.4,0.858129,0.090268,0.051603
2022-08-09T00:00:00.000Z,104.97,0.923299,0.033306,0.043395
2022-08-10T00:00:00.000Z,111.85,0.855402,0.093786,0.050811
2022-08-11T00:00:00.000Z,116.46,0.834602,0.103714,0.061684
2022-08-12T00:00:00.000Z,117.19,0.831934,0.106613,0.061453
2022-08-13T00:00:00.000Z,118.76,0.827967,0.099101,0.072932
2022-08-14T00:00:00.000Z,113.77,0.835622,0.10885,0.055528
2022-08-15T00:00:00.000Z,108.95,0.890766,0.061641,0.047593
2022-08-16T00:00:00.000Z,106.94,0.908356,0.046122,0.045523
2022-08-17T00:00:00.000Z,104.57,0.927539,0.030649,0.041812
2022-08-18T00:00:00.000Z,104.62,0.92498,0.033254,0.041766
2022-08-19T00:00:00.000Z,90.36,0.952501,0.020675,0.026823
2022-08-20T00:00:00.000Z,92.26,0.944741,0.027852,0.027407
2022-08-21T00:00:00.000Z,92.72,0.940374,0.032277,0.027349
2022-08-22T00:00:00.000Z,90.44,0.939057,0.034213,0.02673
2022-08-23T00:00:00.000Z,91,0.935497,0.037807,0.026696
2022-08-24T00:00:00.000Z,89.79,0.93669,0.036759,0.026551
2022-08-25T00:00:00.000Z,91.69,0.9291,0.043706,0.027194
2022-08-26T00:00:00.000Z,83,0.96802,0.00802,0.023961
2022-08-27T00:00:00.000Z,78.45,0.967924,0.013162,0.018914
2022-08-28T00:00:00.000Z,77.76,0.963557,0.017687,0.018756
2022-08-29T00:00:00.000Z,78.62,0.959408,0.021607,0.018985
2022-08-30T00:00:00.000Z,77.28,0.957662,0.023666,0.018671
2022-08-31T00:00:00.000Z,78.01,0.953541,0.027807,0.018651
2022-09-01T00:00:00.000Z,77.09,0.951664,0.029805,0.018531
2022-09-02T00:00:00.000Z,76.47,0.948233,0.03361,0.018157
2022-09-03T00:00:00.000Z,75.13,0.956176,0.026034,0.01779
2022-09-04T00:00:00.000Z,75.58,0.9456,0.036347,0.018053
2022-09-05T00:00:00.000Z,75.54,0.942687,0.039283,0.018031
2022-09-06T00:00:00.000Z,72.77,0.96708,0.015715,0.017205
2022-09-07T00:00:00.000Z,71.91,0.973196,0.01007,0.016735
2022-09-08T00:00:00.000Z,74.14,0.956595,0.026062,0.017343
2022-09-09T00:00:00.000Z,78.38,0.927939,0.039619,0.032442
2022-09-10T00:00:00.000Z,78.3,0.925402,0.042504,0.032093
2022-09-11T00:00:00.000Z,78.6,0.921702,0.040936,0.037362
2022-09-12T00:00:00.000Z,76.4,0.921639,0.054192,0.02417
2022-09-13T00:00:00.000Z,71.04,0.970844,0.012679,0.016478
2022-09-14T00:00:00.000Z,69.78,0.971046,0.012483,0.01647
2022-09-15T00:00:00.000Z,67.94,0.973526,0.010609,0.015865
2022-09-16T00:00:00.000Z,64.08,0.977634,0.007708,0.014659
2022-09-17T00:00:00.000Z,64.12,0.973996,0.011279,0.014725
2022-09-18T00:00:00.000Z,58.49,0.98786,0.006117,0.006023
2022-09-19T00:00:00.000Z,56.08,0.986433,0.007746,0.005821
2022-09-20T00:00:00.000Z,56.56,0.982647,0.01149,0.005862
2022-09-21T00:00:00.000Z,56.91,0.975037,0.019108,0.005854
2022-09-22T00:00:00.000Z,54.94,0.980021,0.014365,0.005615
2022-09-23T00:00:00.000Z,55.28,0.973373,0.020974,0.005652
2022-09-24T00:00:00.000Z,57.98,0.964093,0.022291,0.013617
2022-09-25T00:00:00.000Z,56.41,0.966238,0.027941,0.005821
2022-09-26T00:00:00.000Z,57.49,0.958884,0.028558,0.012558
2022-09-27T00:00:00.000Z,57.16,0.956875,0.030949,0.012175
2022-09-28T00:00:00.000Z,57.67,0.952569,0.035191,0.01224
2022-09-29T00:00:00.000Z,56.39,0.954962,0.039246,0.005792
2022-09-30T00:00:00.000Z,57.6,0.947519,0.040412,0.012068
2022-10-01T00:00:00.000Z,56.16,0.953307,0.040966,0.005727
2022-10-02T00:00:00.000Z,55.76,0.958395,0.035886,0.00572
2022-10-03T00:00:00.000Z,56.16,0.947868,0.046416,0.005716
2022-10-04T00:00:00.000Z,57.29,0.937667,0.051054,0.011279
2022-10-05T00:00:00.000Z,56.15,0.942789,0.051508,0.005703
2022-10-06T00:00:00.000Z,57.43,0.932421,0.056147,0.011431
2022-10-07T00:00:00.000Z,55.99,0.938096,0.056218,0.005686
2022-10-08T00:00:00.000Z,55.95,0.936147,0.058177,0.005676
2022-10-09T00:00:00.000Z,54.87,0.958558,0.035959,0.005483
2022-10-10T00:00:00.000Z,53.25,0.988837,0.005832,0.005331
2022-10-11T00:00:00.000Z,52.32,0.98468,0.010001,0.005319
2022-10-12T00:00:00.000Z,55.39,0.937344,0.048692,0.013964
2022-10-13T00:00:00.000Z,56.27,0.915958,0.070072,0.013969
2022-10-14T00:00:00.000Z,54.81,0.93598,0.055132,0.008888
2022-10-15T00:00:00.000Z,53.46,0.97006,0.024672,0.005268
2022-10-16T00:00:00.000Z,53.81,0.965378,0.029355,0.005268
2022-10-17T00:00:00.000Z,54.59,0.943834,0.0473,0.008866
2022-10-18T00:00:00.000Z,53.31,0.973442,0.0213,0.005258
2022-10-19T00:00:00.000Z,52.14,0.980492,0.014261,0.005247
2022-10-20T00:00:00.000Z,51.43,0.984363,0.010395,0.005242
2022-10-21T00:00:00.000Z,52.23,0.971273,0.023492,0.005235
2022-10-22T00:00:00.000Z,52.94,0.963494,0.028027,0.008479
2022-10-23T00:00:00.000Z,57.25,0.886184,0.059201,0.054616
2022-10-24T00:00:00.000Z,54.97,0.918424,0.053091,0.028485
2022-10-25T00:00:00.000Z,58.93,0.875551,0.038158,0.086291
2022-10-26T00:00:00.000Z,74,0.823383,0.041307,0.13531
2022-10-27T00:00:00.000Z,67.77,0.856511,0.024785,0.118704
2022-10-28T00:00:00.000Z,67.13,0.856057,0.027039,0.116904
2022-10-29T00:00:00.000Z,68.74,0.847446,0.030652,0.121902
2022-10-30T00:00:00.000Z,66.37,0.851239,0.035914,0.112847
2022-10-31T00:00:00.000Z,66.33,0.848994,0.039246,0.111761
2022-11-01T00:00:00.000Z,62.43,0.87444,0.030161,0.095399
2022-11-02T00:00:00.000Z,61.64,0.873026,0.037749,0.089225
2022-11-03T00:00:00.000Z,59.54,0.877399,0.073157,0.049445
2022-11-04T00:00:00.000Z,65.68,0.842329,0.048979,0.108692
2022-11-05T00:00:00.000Z,64.76,0.840888,0.05276,0.106351
2022-11-06T00:00:00.000Z,63.12,0.852827,0.055272,0.091901
2022-11-07T00:00:00.000Z,59.82,0.873666,0.079373,0.046961
2022-11-08T00:00:00.000Z,51.7,0.956058,0.039084,0.004858
2022-11-09T00:00:00.000Z,41.84,0.982904,0.016838,0.000258
2022-11-10T00:00:00.000Z,49.8,0.938684,0.046711,0.014605
2022-11-11T00:00:00.000Z,47.7,0.950032,0.036548,0.013421
2022-11-12T00:00:00.000Z,45.6,0.949531,0.050094,0.000375
2022-11-13T00:00:00.000Z,44.16,0.920843,0.078874,0.000284
2022-11-14T00:00:00.000Z,44.69,0.899813,0.099829,0.000358
2022-11-15T00:00:00.000Z,45.01,0.889686,0.109959,0.000355
2022-11-16T00:00:00.000Z,43.29,0.892331,0.107435,0.000235
2022-11-17T00:00:00.000Z,43.48,0.884476,0.11529,0.000233
2022-11-18T00:00:00.000Z,43.38,0.878957,0.120811,0.000232
2022-11-19T00:00:00.000Z,43.01,0.878658,0.12111,0.000231
2022-11-20T00:00:00.000Z,40.7,0.948558,0.051211,0.00023
2022-11-21T00:00:00.000Z,39.02,0.975371,0.024438,0.000191
2022-11-22T00:00:00.000Z,39.18,0.969004,0.030806,0.000191
2022-11-23T00:00:00.000Z,40.41,0.932938,0.066834,0.000228
2022-11-24T00:00:00.000Z,41.73,0.869737,0.130036,0.000228
2022-11-25T00:00:00.000Z,39.07,0.970289,0.029484,0.000227
2022-11-26T00:00:00.000Z,39.43,0.952442,0.047331,0.000227
2022-11-27T00:00:00.000Z,40.26,0.946399,0.053375,0.000226
2022-11-28T00:00:00.000Z,38.46,0.959718,0.040093,0.000188
2022-11-29T00:00:00.000Z,39.19,0.949001,0.050774,0.000225
2022-11-30T00:00:00.000Z,41.16,0.904128,0.095648,0.000225
2022-12-01T00:00:00.000Z,41.68,0.873796,0.12206,0.004143
2022-12-02T00:00:00.000Z,42.08,0.850825,0.126205,0.02297
2022-12-03T00:00:00.000Z,42.82,0.827766,0.144328,0.027907
2022-12-04T00:00:00.000Z,44.45,0.813771,0.139552,0.046677
2022-12-05T00:00:00.000Z,45.1,0.803771,0.129036,0.067193
2022-12-06T00:00:00.000Z,44.36,0.810348,0.144614,0.045038
2022-12-07T00:00:00.000Z,43.36,0.813594,0.152955,0.033451
2022-12-08T00:00:00.000Z,43.18,0.811526,0.155516,0.032958
2022-12-09T00:00:00.000Z,47.47,0.78394,0.043095,0.172965
2022-12-10T00:00:00.000Z,46.93,0.790227,0.037918,0.171855
2022-12-11T00:00:00.000Z,49.09,0.775628,0.031674,0.192698
2022-12-12T00:00:00.000Z,46.58,0.786843,0.060034,0.153123
2022-12-13T00:00:00.000Z,47.75,0.767869,0.056159,0.175973
2022-12-14T00:00:00.000Z,48.85,0.753253,0.054746,0.192001
2022-12-15T00:00:00.000Z,44.41,0.818441,0.123071,0.058488
2022-12-16T00:00:00.000Z,41.34,0.925414,0.054257,0.020329
2022-12-17T00:00:00.000Z,40.83,0.922572,0.068313,0.009115
2022-12-18T00:00:00.000Z,41.01,0.914545,0.069094,0.016362
2022-12-19T00:00:00.000Z,40.51,0.910421,0.086951,0.002629
2022-12-20T00:00:00.000Z,40.89,0.904226,0.079938,0.015836
2022-12-21T00:00:00.000Z,40.85,0.90105,0.083388,0.015562
2022-12-22T00:00:00.000Z,39.41,0.937019,0.062775,0.000206
2022-12-23T00:00:00.000Z,40.24,0.90744,0.090054,0.002505
2022-12-24T00:00:00.000Z,40.26,0.904945,0.09252,0.002536
2022-12-25T00:00:00.000Z,39.63,0.921346,0.078449,0.000205
2022-12-26T00:00:00.000Z,40.04,0.906325,0.091319,0.002356
2022-12-27T00:00:00.000Z,39.63,0.916078,0.083717,0.000205
2022-12-28T00:00:00.000Z,39.4,0.939217,0.060578,0.000205
2022-12-29T00:00:00.000Z,39.37,0.936068,0.063728,0.000204
2022-12-30T00:00:00.000Z,38.57,0.960057,0.039739,0.000204
2022-12-31T00:00:00.000Z,38.75,0.953535,0.046261,0.000204
2023-01-01T00:00:00.000Z,38.45,0.953633,0.046163,0.000203
2023-01-02T00:00:00.000Z,39.29,0.928813,0.070984,0.000203
2023-01-03T00:00:00.000Z,38.34,0.947347,0.052451,0.000202
2023-01-04T00:00:00.000Z,39.89,0.888013,0.101071,0.010916
2023-01-05T00:00:00.000Z,39.35,0.914362,0.085436,0.000202
2023-01-06T00:00:00.000Z,39.07,0.922299,0.077499,0.000202
2023-01-07T00:00:00.000Z,39.55,0.890541,0.109258,0.000201
2023-01-08T00:00:00.000Z,39.56,0.905118,0.089892,0.00499
2023-01-09T00:00:00.000Z,44.09,0.746315,0.107423,0.146262
2023-01-10T00:00:00.000Z,42.7,0.78965,0.092986,0.117363
2023-01-11T00:00:00.000Z,46.87,0.698707,0.061688,0.239606
2023-01-12T00:00:00.000Z,51.13,0.664776,0.031599,0.303625
2023-01-13T00:00:00.000Z,51.91,0.659083,0.036318,0.3046
2023-01-14T00:00:00.000Z,53.9,0.643837,0.038017,0.318146
2023-01-15T00:00:00.000Z,52.79,0.652976,0.042481,0.304543
2023-01-16T00:00:00.000Z,52.45,0.65354,0.04537,0.30109
2023-01-17T00:00:00.000Z,54.18,0.637698,0.046084,0.316218
2023-01-18T00:00:00.000Z,52.07,0.655979,0.047541,0.29648
2023-01-19T00:00:00.000Z,50.44,0.677123,0.046237,0.27664
2023-01-20T00:00:00.000Z,53.32,0.639198,0.056564,0.304237
2023-01-21T00:00:00.000Z,56.69,0.611775,0.040439,0.347787
2023-01-22T00:00:00.000Z,57.67,0.60552,0.040297,0.354184
2023-01-23T00:00:00.000Z,61.6,0.587966,0.026148,0.385887
2023-01-24T00:00:00.000Z,63.5,0.579653,0.027819,0.392528
2023-01-25T00:00:00.000Z,59.53,0.596355,0.041343,0.362302
2023-01-26T00:00:00.000Z,60.91,0.589242,0.036719,0.374039
2023-01-27T00:00:00.000Z,62.53,0.578675,0.039651,0.381674
2023-01-28T00:00:00.000Z,62.28,0.577342,0.045623,0.377034
2023-01-29T00:00:00.000Z,67.83,0.562638,0.021857,0.415505
2023-01-30T00:00:00.000Z,67.39,0.561726,0.028678,0.409596
2023-01-31T00:00:00.000Z,68.07,0.56005,0.0308,0.40915
2023-02-01T00:00:00.000Z,73.51,0.545066,0.01992,0.435014
2023-02-02T00:00:00.000Z,84.57,0.524649,0.017405,0.457946
2023-02-03T00:00:00.000Z,94.98,0.507074,0.031018,0.461909
2023-02-04T00:00:00.000Z,94.56,0.505461,0.038224,0.456316
2023-02-05T00:00:00.000Z,86.76,0.535262,0.026785,0.437953
2023-02-06T00:00:00.000Z,87.66,0.530896,0.034105,0.434999
2023-02-07T00:00:00.000Z,91.99,0.502557,0.050162,0.447282
2023-02-08T00:00:00.000Z,88.85,0.522304,0.047735,0.429961
2023-02-09T00:00:00.000Z,74.18,0.571433,0.039066,0.389501
2023-02-10T00:00:00.000Z,72.99,0.576617,0.038348,0.385035
2023-02-11T00:00:00.000Z,75.87,0.563963,0.047098,0.388939
2023-02-12T00:00:00.000Z,74.28,0.563827,0.052403,0.38377
2023-02-13T00:00:00.000Z,70.79,0.581624,0.056099,0.362276
2023-02-14T00:00:00.000Z,76.96,0.554694,0.054879,0.390427
2023-02-15T00:00:00.000Z,84.13,0.524814,0.038592,0.436595
2023-02-16T00:00:00.000Z,88.16,0.508852,0.052314,0.438834
2023-02-17T00:00:00.000Z,85.93,0.517239,0.050628,0.432133
2023-02-18T00:00:00.000Z,86.78,0.509423,0.059326,0.431251
2023-02-19T00:00:00.000Z,84.13,0.519103,0.055183,0.425713
2023-02-20T00:00:00.000Z,82.95,0.524429,0.060737,0.414834
2023-02-21T00:00:00.000Z,80.08,0.547601,0.055578,0.396822
2023-02-22T00:00:00.000Z,75.12,0.57436,0.058476,0.367165
2023-02-23T00:00:00.000Z,76.93,0.56463,0.062879,0.372492
2023-02-24T00:00:00.000Z,73.59,0.575449,0.063188,0.361363
2023-02-25T00:00:00.000Z,71.98,0.588395,0.064171,0.347435
2023-02-26T00:00:00.000Z,75.58,0.563136,0.073302,0.363562
2023-02-27T00:00:00.000Z,73.32,0.573987,0.068553,0.357459
2023-02-28T00:00:00.000Z,76.01,0.559018,0.075339,0.365643
2023-03-01T00:00:00.000Z,83.56,0.510266,0.066067,0.423667
2023-03-02T00:00:00.000Z,81.44,0.522625,0.06988,0.407494
2023-03-03T00:00:00.000Z,80.37,0.533199,0.073561,0.39324
2023-03-04T00:00:00.000Z,77.48,0.554654,0.080073,0.365273
2023-03-05T00:00:00.000Z,77.05,0.558482,0.077366,0.364152
2023-03-06T00:00:00.000Z,80.32,0.529909,0.072757,0.397334
2023-03-07T00:00:00.000Z,75.63,0.56681,0.077547,0.355643
2023-03-08T00:00:00.000Z,66.71,0.644951,0.042276,0.312772
2023-03-09T00:00:00.000Z,61.58,0.671857,0.04862,0.279523
2023-03-10T00:00:00.000Z,60.52,0.671518,0.061188,0.267294
2023-03-11T00:00:00.000Z,62.08,0.662611,0.05746,0.279929
2023-03-12T00:00:00.000Z,66.56,0.629154,0.047528,0.323319
2023-03-13T00:00:00.000Z,70.23,0.603334,0.058101,0.338565
2023-03-14T00:00:00.000Z,72.51,0.572937,0.066261,0.360802
2023-03-15T00:00:00.000Z,67.09,0.62524,0.054119,0.320642
2023-03-16T00:00:00.000Z,66.76,0.62333,0.057632,0.319038
2023-03-17T00:00:00.000Z,72.1,0.571757,0.06381,0.364434
2023-03-18T00:00:00.000Z,74.93,0.540522,0.083162,0.376316
2023-03-19T00:00:00.000Z,73.56,0.552109,0.083468,0.364423
2023-03-20T00:00:00.000Z,68.59,0.613546,0.063963,0.322491
2023-03-21T00:00:00.000Z,70.18,0.592876,0.079394,0.32773
2023-03-22T00:00:00.000Z,67.34,0.621042,0.064067,0.314891
2023-03-23T00:00:00.000Z,68.64,0.608434,0.072083,0.319483
2023-03-24T00:00:00.000Z,62.85,0.6724,0.058388,0.269213
2023-03-25T00:00:00.000Z,60.3,0.678488,0.069695,0.251817
2023-03-26T00:00:00.000Z,61.55,0.668849,0.069779,0.261372
2023-03-27T00:00:00.000Z,55.93,0.729565,0.058127,0.212308
2023-03-28T00:00:00.000Z,56.72,0.720235,0.062609,0.217156
2023-03-29T00:00:00.000Z,59.9,0.666251,0.08624,0.247509
2023-03-30T00:00:00.000Z,58.89,0.6759,0.092555,0.231545
2023-03-31T00:00:00.000Z,59.99,0.662454,0.083297,0.254249
2023-04-01T00:00:00.000Z,59.64,0.66537,0.090482,0.244149
2023-04-02T00:00:00.000Z,58.68,0.674643,0.096464,0.228893
2023-04-03T00:00:00.000Z,58.3,0.683077,0.090582,0.226341
2023-04-04T00:00:00.000Z,59.55,0.659947,0.098897,0.241156
2023-04-05T00:00:00.000Z,60.05,0.653036,0.096713,0.250251
2023-04-06T00:00:00.000Z,60.04,0.651564,0.0986,0.249835
2023-04-07T00:00:00.000Z,59.05,0.665361,0.097103,0.237537
2023-04-08T00:00:00.000Z,58.96,0.673724,0.088005,0.238271
2023-04-09T00:00:00.000Z,57.91,0.687268,0.088977,0.223756
2023-04-10T00:00:00.000Z,59.08,0.663032,0.09964,0.237327
2023-04-11T00:00:00.000Z,59.36,0.659628,0.094888,0.245484
2023-04-12T00:00:00.000Z,59.63,0.657894,0.094819,0.247287
2023-04-13T00:00:00.000Z,61.93,0.633541,0.082431,0.284029
2023-04-14T00:00:00.000Z,63.06,0.627673,0.0497,0.322626
2023-04-15T00:00:00.000Z,64.36,0.610407,0.049678,0.339915
2023-04-16T00:00:00.000Z,64.88,0.605635,0.045979,0.348386
2023-04-17T00:00:00.000Z,63.71,0.622324,0.051062,0.326614
2023-04-18T00:00:00.000Z,63.36,0.623714,0.055091,0.321195
2023-04-19T00:00:00.000Z,57,0.726593,0.059502,0.213905
2023-04-20T00:00:00.000Z,56.21,0.742538,0.048513,0.208949
2023-04-21T00:00:00.000Z,53.49,0.780533,0.03621,0.183257
2023-04-22T00:00:00.000Z,53.91,0.776737,0.035904,0.187359
2023-04-23T00:00:00.000Z,52.52,0.785492,0.035831,0.178676
2023-04-24T00:00:00.000Z,51.46,0.798107,0.028111,0.173782
2023-04-25T00:00:00.000Z,51.97,0.789864,0.0353,0.174836
2023-04-26T00:00:00.000Z,52.22,0.788246,0.034319,0.177434
2023-04-27T00:00:00.000Z,53.22,0.776506,0.037982,0.185512
2023-04-28T00:00:00.000Z,52.37,0.784917,0.037692,0.17739
2023-04-29T00:00:00.000Z,52.99,0.775509,0.041485,0.183006
2023-04-30T00:00:00.000Z,53.05,0.774222,0.04271,0.183068
2023-05-01T00:00:00.000Z,50.22,0.815065,0.020198,0.164737
2023-05-02T00:00:00.000Z,50.71,0.806098,0.026663,0.167239
2023-05-03T00:00:00.000Z,51.03,0.797879,0.034432,0.167689
2023-05-04T00:00:00.000Z,49.74,0.816339,0.024599,0.159062
2023-05-05T00:00:00.000Z,51.37,0.78981,0.037061,0.173129
2023-05-06T00:00:00.000Z,48.93,0.822485,0.030663,0.146852
2023-05-07T00:00:00.000Z,48.03,0.829902,0.033284,0.136814
2023-05-08T00:00:00.000Z,46.48,0.840872,0.034304,0.124824
2023-05-09T00:00:00.000Z,45.58,0.853678,0.043846,0.102476
2023-05-10T00:00:00.000Z,45.72,0.850733,0.045485,0.103782
2023-05-11T00:00:00.000Z,44.59,0.863827,0.057261,0.078913
2023-05-12T00:00:00.000Z,44.95,0.860733,0.052759,0.086508
2023-05-13T00:00:00.000Z,44.6,0.860718,0.059038,0.080244
2023-05-14T00:00:00.000Z,45.04,0.857167,0.056252,0.086581
2023-05-15T00:00:00.000Z,45.94,0.842491,0.046109,0.111401
2023-05-16T00:00:00.000Z,45.56,0.846538,0.051556,0.101906
2023-05-17T00:00:00.000Z,48.61,0.809185,0.033147,0.157668
2023-05-18T00:00:00.000Z,46.84,0.82587,0.043406,0.130724
2023-05-19T00:00:00.000Z,47.78,0.815672,0.039263,0.145066
2023-05-20T00:00:00.000Z,47,0.82395,0.036471,0.13958
2023-05-21T00:00:00.000Z,46.5,0.836335,0.033887,0.129778
2023-05-22T00:00:00.000Z,46.95,0.822077,0.038792,0.139131
2023-05-23T00:00:00.000Z,48.06,0.80811,0.038624,0.153266
2023-05-24T00:00:00.000Z,47.34,0.816844,0.042209,0.140947
2023-05-25T00:00:00.000Z,47.51,0.813241,0.045524,0.141234
2023-05-26T00:00:00.000Z,47.53,0.812217,0.046827,0.140956
2023-05-27T00:00:00.000Z,47.47,0.810834,0.04879,0.140376
2023-05-28T00:00:00.000Z,49.48,0.7878,0.026779,0.18542
2023-05-29T00:00:00.000Z,49.05,0.791317,0.029963,0.17872
2023-05-30T00:00:00.000Z,49.71,0.784241,0.033309,0.18245
2023-05-31T00:00:00.000Z,52.63,0.739601,0.04265,0.217749
2023-06-01T00:00:00.000Z,55.01,0.710529,0.037441,0.25203
2023-06-02T00:00:00.000Z,55.21,0.706411,0.042238,0.251351
2023-06-03T00:00:00.000Z,53.24,0.736747,0.043229,0.220024
2023-06-04T00:00:00.000Z,53.03,0.736781,0.045924,0.217295
2023-06-05T00:00:00.000Z,50.52,0.776074,0.033864,0.190062
2023-06-06T00:00:00.000Z,52.25,0.737612,0.052274,0.210114
2023-06-07T00:00:00.000Z,48.63,0.793253,0.055515,0.151232
2023-06-08T00:00:00.000Z,50.04,0.769812,0.056459,0.173729
2023-06-09T00:00:00.000Z,49.28,0.774929,0.057109,0.167961
2023-06-10T00:00:00.000Z,45.6,0.844599,0.074531,0.08087
2023-06-11T00:00:00.000Z,45.56,0.839421,0.079809,0.08077
2023-06-12T00:00:00.000Z,44.8,0.852168,0.075367,0.072465
2023-06-13T00:00:00.000Z,44.63,0.84974,0.082946,0.067313
2023-06-14T00:00:00.000Z,44.74,0.846506,0.085117,0.068377
2023-06-15T00:00:00.000Z,42.44,0.917589,0.037799,0.044612
2023-06-16T00:00:00.000Z,44.98,0.839527,0.082699,0.077775
2023-06-17T00:00:00.000Z,45.13,0.833247,0.085658,0.081095
2023-06-18T00:00:00.000Z,45.37,0.823947,0.094672,0.08138
2023-06-19T00:00:00.000Z,44.42,0.838897,0.09491,0.066193
2023-06-20T00:00:00.000Z,44.71,0.835232,0.095009,0.069759
2023-06-21T00:00:00.000Z,47.83,0.768401,0.069133,0.162466
2023-06-22T00:00:00.000Z,46.52,0.79385,0.081604,0.124546
2023-06-23T00:00:00.000Z,47.66,0.767632,0.072828,0.15954
2023-06-24T00:00:00.000Z,46.8,0.788901,0.076909,0.134191
2023-06-25T00:00:00.000Z,47.61,0.765303,0.077646,0.157051
2023-06-26T00:00:00.000Z,46.22,0.791071,0.107549,0.10138
2023-06-27T00:00:00.000Z,46.63,0.785428,0.090417,0.124155
2023-06-28T00:00:00.000Z,43.87,0.858414,0.082556,0.05903
2023-06-29T00:00:00.000Z,44.7,0.834657,0.098708,0.066634
2023-06-30T00:00:00.000Z,45.84,0.803867,0.100969,0.095164
2023-07-01T00:00:00.000Z,46.3,0.784003,0.100254,0.115744
2023-07-02T00:00:00.000Z,46.11,0.79399,0.103975,0.102035
2023-07-03T00:00:00.000Z,46.98,0.774968,0.086733,0.138299
2023-07-04T00:00:00.000Z,45.68,0.801081,0.116865,0.082053
2023-07-05T00:00:00.000Z,43.4,0.873679,0.070083,0.056238
2023-07-06T00:00:00.000Z,41.55,0.933527,0.040921,0.025552
2023-07-07T00:00:00.000Z,42.04,0.919464,0.047559,0.032977
2023-07-08T00:00:00.000Z,39.41,0.962266,0.0376,0.000134
2023-07-09T00:00:00.000Z,39.83,0.946289,0.050578,0.003133
2023-07-10T00:00:00.000Z,40.68,0.932433,0.052246,0.015321
2023-07-11T00:00:00.000Z,41.39,0.922129,0.046551,0.031319
2023-07-12T00:00:00.000Z,40.99,0.92443,0.05038,0.02519
2023-07-13T00:00:00.000Z,43.81,0.840135,0.085327,0.074538
2023-07-14T00:00:00.000Z,42.71,0.88103,0.062399,0.056571
2023-07-15T00:00:00.000Z,41.7,0.912744,0.053541,0.033716
2023-07-16T00:00:00.000Z,41.06,0.920998,0.054183,0.024819
2023-07-17T00:00:00.000Z,40.83,0.919732,0.059749,0.020518
2023-07-18T00:00:00.000Z,40.68,0.921125,0.063736,0.015139
2023-07-19T00:00:00.000Z,41.27,0.913209,0.05794,0.028851
2023-07-20T00:00:00.000Z,41.69,0.903378,0.063321,0.033302
2023-07-21T00:00:00.000Z,42.06,0.900265,0.050357,0.049378
2023-07-22T00:00:00.000Z,41.52,0.907088,0.059905,0.033007
2023-07-23T00:00:00.000Z,41.54,0.905873,0.061033,0.033094
2023-07-24T00:00:00.000Z,39.77,0.94566,0.050061,0.00428
2023-07-25T00:00:00.000Z,39.52,0.958177,0.040529,0.001294
2023-07-26T00:00:00.000Z,39.58,0.95124,0.045699,0.003061
2023-07-27T00:00:00.000Z,41.15,0.904383,0.061758,0.033859
2023-07-28T00:00:00.000Z,42.52,0.878636,0.051636,0.069728
2023-07-29T00:00:00.000Z,41.94,0.89163,0.060656,0.047713
2023-07-30T00:00:00.000Z,41.5,0.898877,0.063215,0.037908
2023-07-31T00:00:00.000Z,40.82,0.906356,0.066354,0.02729
2023-08-01T00:00:00.000Z,40.33,0.922237,0.065759,0.012004
2023-08-02T00:00:00.000Z,40.63,0.908204,0.070491,0.021305
2023-08-03T00:00:00.000Z,43.19,0.844294,0.061536,0.09417
2023-08-04T00:00:00.000Z,44.54,0.788328,0.095926,0.115746
2023-08-05T00:00:00.000Z,45.99,0.753706,0.076475,0.169819
2023-08-06T00:00:00.000Z,47.11,0.729187,0.062722,0.208091
2023-08-07T00:00:00.000Z,45.63,0.764076,0.08649,0.149434
2023-08-08T00:00:00.000Z,47.09,0.727063,0.063358,0.209578
2023-08-09T00:00:00.000Z,46.61,0.729737,0.0843,0.185963
2023-08-10T00:00:00.000Z,49.3,0.684841,0.046492,0.268667
2023-08-11T00:00:00.000Z,53.64,0.625934,0.04948,0.324586
2023-08-12T00:00:00.000Z,53.12,0.633949,0.047442,0.318608
2023-08-13T00:00:00.000Z,51.51,0.654944,0.047551,0.297505
2023-08-14T00:00:00.000Z,52.55,0.636527,0.053442,0.310031
2023-08-15T00:00:00.000Z,48.99,0.691386,0.065418,0.243196
2023-08-16T00:00:00.000Z,47.4,0.720447,0.07926,0.200293
2023-08-17T00:00:00.000Z,45.28,0.771693,0.110264,0.118043
2023-08-18T00:00:00.000Z,44.58,0.788823,0.10932,0.101858
2023-08-19T00:00:00.000Z,45.2,0.770697,0.112592,0.116711
2023-08-20T00:00:00.000Z,45.2,0.769722,0.114071,0.116208
2023-08-21T00:00:00.000Z,44.56,0.786985,0.112382,0.100633
2023-08-22T00:00:00.000Z,42.92,0.856497,0.07361,0.069893
2023-08-23T00:00:00.000Z,44.2,0.788395,0.11896,0.092645
2023-08-24T00:00:00.000Z,43.22,0.830463,0.091187,0.078349
2023-08-25T00:00:00.000Z,42.35,0.874896,0.072595,0.052509
2023-08-26T00:00:00.000Z,41.9,0.883957,0.079658,0.036385
2023-08-27T00:00:00.000Z,42.5,0.869633,0.072556,0.057812
2023-08-28T00:00:00.000Z,42.99,0.844818,0.084337,0.070845
2023-08-29T00:00:00.000Z,44.73,0.77038,0.119784,0.109836
2023-08-30T00:00:00.000Z,44.31,0.777623,0.122338,0.100039
2023-08-31T00:00:00.000Z,42.66,0.85417,0.085265,0.060565
2023-09-01T00:00:00.000Z,42.05,0.871657,0.090293,0.038049
2023-09-02T00:00:00.000Z,41.77,0.88612,0.079438,0.034442
2023-09-03T00:00:00.000Z,41.3,0.89849,0.072775,0.028735
2023-09-04T00:00:00.000Z,41.09,0.901159,0.074176,0.024665
2023-09-05T00:00:00.000Z,41.32,0.895037,0.076149,0.028813
2023-09-06T00:00:00.000Z,40.81,0.900679,0.080866,0.018456
2023-09-07T00:00:00.000Z,41.65,0.881514,0.084515,0.033971
2023-09-08T00:00:00.000Z,41.29,0.890439,0.081047,0.028514
2023-09-09T00:00:00.000Z,40.76,0.902668,0.076048,0.021284
2023-09-10T00:00:00.000Z,40.05,0.941982,0.049755,0.008263
2023-09-11T00:00:00.000Z,39.22,0.966487,0.033385,0.000128
2023-09-12T00:00:00.000Z,39.94,0.939834,0.055556,0.00461
2023-09-13T00:00:00.000Z,39.91,0.944986,0.050434,0.00458
2023-09-14T00:00:00.000Z,40.28,0.928431,0.051957,0.019612
2023-09-15T00:00:00.000Z,40.72,0.910266,0.057933,0.031802
2023-09-16T00:00:00.000Z,41.54,0.884197,0.060071,0.055731
2023-09-17T00:00:00.000Z,40.96,0.898599,0.064836,0.036565
2023-09-18T00:00:00.000Z,40.65,0.909471,0.061016,0.029513
2023-09-19T00:00:00.000Z,40.75,0.907083,0.059363,0.033554
2023-09-20T00:00:00.000Z,40.7,0.906769,0.060251,0.03298
2023-09-21T00:00:00.000Z,39.79,0.955187,0.036762,0.008051
2023-09-22T00:00:00.000Z,39.66,0.956537,0.038905,0.004558
2023-09-23T00:00:00.000Z,39.55,0.959198,0.036373,0.004429
2023-09-24T00:00:00.000Z,39.04,0.970856,0.027949,0.001195
2023-09-25T00:00:00.000Z,38.76,0.98201,0.017863,0.000127
2023-09-26T00:00:00.000Z,38.86,0.975069,0.024805,0.000127
2023-09-27T00:00:00.000Z,38.79,0.977568,0.022305,0.000127
2023-09-28T00:00:00.000Z,40.02,0.940331,0.033245,0.026424
2023-09-29T00:00:00.000Z,40.35,0.91491,0.049539,0.035551
2023-09-30T00:00:00.000Z,39.92,0.939741,0.038662,0.021597
2023-10-01T00:00:00.000Z,41.58,0.864559,0.049583,0.085859
2023-10-02T00:00:00.000Z,40.29,0.912869,0.054302,0.032829
2023-10-03T00:00:00.000Z,39.89,0.935706,0.045845,0.018449
2023-10-04T00:00:00.000Z,39.4,0.94877,0.045546,0.005684
2023-10-05T00:00:00.000Z,38.87,0.970642,0.029232,0.000126
2023-10-06T00:00:00.000Z,39.66,0.938288,0.051014,0.010697
2023-10-07T00:00:00.000Z,39.4,0.944825,0.049579,0.005596
2023-10-08T00:00:00.000Z,39.16,0.955758,0.041521,0.002721
2023-10-09T00:00:00.000Z,38.46,0.982246,0.017628,0.000126
2023-10-10T00:00:00.000Z,40.12,0.905039,0.067376,0.027585
2023-10-11T00:00:00.000Z,41.05,0.864238,0.0692,0.066561
2023-10-12T00:00:00.000Z,39.27,0.941522,0.054055,0.004423
2023-10-13T00:00:00.000Z,39.59,0.926794,0.064165,0.009041
2023-10-14T00:00:00.000Z,39.77,0.921331,0.066745,0.011923
2023-10-15T00:00:00.000Z,39.5,0.931066,0.063591,0.005343
2023-10-16T00:00:00.000Z,40.2,0.894355,0.072795,0.032849
2023-10-17T00:00:00.000Z,40.95,0.858399,0.075774,0.065826
2023-10-18T00:00:00.000Z,39.26,0.933919,0.064904,0.001177
2023-10-19T00:00:00.000Z,38.58,0.968818,0.031057,0.000125
2023-10-20T00:00:00.000Z,39.55,0.919128,0.073248,0.007623
2023-10-21T00:00:00.000Z,40.04,0.890871,0.087885,0.021245
2023-10-22T00:00:00.000Z,40.78,0.856835,0.083671,0.059493
2023-10-23T00:00:00.000Z,42.78,0.801769,0.050426,0.147805
2023-10-24T00:00:00.000Z,46.93,0.663008,0.070596,0.266396
2023-10-25T00:00:00.000Z,46.68,0.664987,0.077447,0.257566
2023-10-26T00:00:00.000Z,49.48,0.621848,0.045525,0.332627
2023-10-27T00:00:00.000Z,50.14,0.61365,0.049955,0.336395
2023-10-28T00:00:00.000Z,49.16,0.622374,0.057752,0.319875
2023-10-29T00:00:00.000Z,50.23,0.611045,0.049104,0.339851
2023-10-30T00:00:00.000Z,49.12,0.620904,0.06315,0.315946
2023-10-31T00:00:00.000Z,48.44,0.634984,0.063324,0.301692
2023-11-01T00:00:00.000Z,49.8,0.614395,0.057216,0.328389
2023-11-02T00:00:00.000Z,50.31,0.607504,0.054391,0.338106
2023-11-03T00:00:00.000Z,57.25,0.519088,0.049127,0.431785
2023-11-04T00:00:00.000Z,62.36,0.467202,0.050488,0.482309
2023-11-05T00:00:00.000Z,64.84,0.447091,0.049066,0.503843
2023-11-06T00:00:00.000Z,66.37,0.437788,0.045641,0.516571
2023-11-07T00:00:00.000Z,64.54,0.448253,0.055875,0.495872
2023-11-08T00:00:00.000Z,75.85,0.384941,0.048591,0.566468
2023-11-09T00:00:00.000Z,89.95,0.34203,0.041108,0.616863
2023-11-10T00:00:00.000Z,95.65,0.337925,0.028501,0.633573
2023-11-11T00:00:00.000Z,92.91,0.337914,0.049626,0.61246
2023-11-12T00:00:00.000Z,89.85,0.345972,0.052387,0.601641
2023-11-13T00:00:00.000Z,87.25,0.362345,0.047142,0.590514
2023-11-14T00:00:00.000Z,84.91,0.374572,0.043739,0.581689
2023-11-15T00:00:00.000Z,93.16,0.333991,0.058579,0.607431
2023-11-16T00:00:00.000Z,84.62,0.369131,0.056553,0.574316
2023-11-17T00:00:00.000Z,83.29,0.385043,0.047561,0.567396
2023-11-18T00:00:00.000Z,87.21,0.360347,0.063992,0.575661
2023-11-19T00:00:00.000Z,97.37,0.328418,0.041831,0.629752
2023-11-20T00:00:00.000Z,103.81,0.321208,0.024306,0.654486
2023-11-21T00:00:00.000Z,89.96,0.342279,0.089187,0.568534
2023-11-22T00:00:00.000Z,103.73,0.317301,0.033937,0.648762
2023-11-23T00:00:00.000Z,98.8,0.321275,0.062743,0.615982
2023-11-24T00:00:00.000Z,99.96,0.319211,0.065569,0.61522
2023-11-25T00:00:00.000Z,108.04,0.304864,0.047958,0.647178
2023-11-26T00:00:00.000Z,116.97,0.294777,0.039539,0.665684
2023-11-27T00:00:00.000Z,114.13,0.294357,0.048509,0.657134
2023-11-28T00:00:00.000Z,116.54,0.29196,0.054812,0.653228
2023-11-29T00:00:00.000Z,109.07,0.295702,0.073306,0.630992
2023-11-30T00:00:00.000Z,107.51,0.313454,0.065748,0.620798
2023-12-01T00:00:00.000Z,108.13,0.303499,0.077856,0.618645
2023-12-02T00:00:00.000Z,113.77,0.28942,0.073477,0.637103
2023-12-03T00:00:00.000Z,109.18,0.293341,0.087947,0.618712
2023-12-04T00:00:00.000Z,110.87,0.291363,0.091923,0.616714
2023-12-05T00:00:00.000Z,110.33,0.29113,0.095923,0.612947
2023-12-06T00:00:00.000Z,96.95,0.369265,0.083628,0.547107
2023-12-07T00:00:00.000Z,102.8,0.325473,0.094352,0.580175
2023-12-08T00:00:00.000Z,103.11,0.328318,0.090189,0.581493
2023-12-09T00:00:00.000Z,107.67,0.305908,0.090842,0.603251
2023-12-10T00:00:00.000Z,107.51,0.305323,0.095663,0.599014
2023-12-11T00:00:00.000Z,99.05,0.369914,0.076188,0.553898
2023-12-12T00:00:00.000Z,97.76,0.370641,0.080755,0.548605
2023-12-13T00:00:00.000Z,99.32,0.365476,0.084069,0.550455
2023-12-14T00:00:00.000Z,104.98,0.314709,0.101704,0.583588
2023-12-15T00:00:00.000Z,93.6,0.395669,0.088851,0.51548
2023-12-16T00:00:00.000Z,94.2,0.39282,0.086883,0.520297