DateTime,New Addresses,Active Addresses,Zero Balance Addresses,Price
2021-03-21T00:00:00.000Z,3,3,,
2021-03-22T00:00:00.000Z,,,,
2021-03-23T00:00:00.000Z,,,,
2021-03-24T00:00:00.000Z,,,,
2021-03-25T00:00:00.000Z,,,,
2021-03-26T00:00:00.000Z,,,,
2021-03-27T00:00:00.000Z,,,,
2021-03-28T00:00:00.000Z,,,,
2021-03-29T00:00:00.000Z,6,8,5,
2021-03-30T00:00:00.000Z,633,636,84,46.68
2021-03-31T00:00:00.000Z,749,852,92,46.68
2021-04-01T00:00:00.000Z,1049,1304,128,78.14
2021-04-02T00:00:00.000Z,903,1294,163,92.87
2021-04-03T00:00:00.000Z,197,390,99,77.54
2021-04-04T00:00:00.000Z,222,346,72,81.78
2021-04-05T00:00:00.000Z,414,674,143,100.43
2021-04-06T00:00:00.000Z,295,548,135,89.54
2021-04-07T00:00:00.000Z,163,373,77,81.32
2021-04-08T00:00:00.000Z,110,261,66,87.99
2021-04-09T00:00:00.000Z,94,236,71,75.47
2021-04-10T00:00:00.000Z,162,313,70,88.79
2021-04-11T00:00:00.000Z,267,512,74,97.75
2021-04-12T00:00:00.000Z,114,292,81,87.15
2021-04-13T00:00:00.000Z,95,273,65,80.77
2021-04-14T00:00:00.000Z,67,215,64,80.41
2021-04-15T00:00:00.000Z,64,238,55,75.07
2021-04-16T00:00:00.000Z,38,145,34,71.63
2021-04-17T00:00:00.000Z,35,127,33,72.21
2021-04-18T00:00:00.000Z,44,192,46,69.38
2021-04-19T00:00:00.000Z,27,121,32,63.08
2021-04-20T00:00:00.000Z,28,155,38,73.75
2021-04-21T00:00:00.000Z,23,115,39,69.07
2021-04-22T00:00:00.000Z,61,173,49,70.01
2021-04-23T00:00:00.000Z,84,221,62,66.3
2021-04-24T00:00:00.000Z,26,112,24,64.52
2021-04-25T00:00:00.000Z,34,137,46,59.83
2021-04-26T00:00:00.000Z,35,110,25,67.25
2021-04-27T00:00:00.000Z,46,144,33,63.18
2021-04-28T00:00:00.000Z,2228,2511,53,60.66
2021-04-29T00:00:00.000Z,57,358,209,62.2
2021-04-30T00:00:00.000Z,33,185,89,62.42
2021-05-01T00:00:00.000Z,38,207,94,69.85
2021-05-02T00:00:00.000Z,33,141,53,65.55
2021-05-03T00:00:00.000Z,32,152,66,63
2021-05-04T00:00:00.000Z,34,167,63,60.01
2021-05-05T00:00:00.000Z,18,108,30,65.54
2021-05-06T00:00:00.000Z,18,84,26,62.8
2021-05-07T00:00:00.000Z,22,95,32,65.64
2021-05-08T00:00:00.000Z,19,72,15,66.5
2021-05-09T00:00:00.000Z,17,63,20,69.32
2021-05-10T00:00:00.000Z,8,45,13,64.27
2021-05-11T00:00:00.000Z,6,42,9,65.37
2021-05-12T00:00:00.000Z,11,56,14,65.59
2021-05-13T00:00:00.000Z,19,98,28,69.84
2021-05-14T00:00:00.000Z,47,143,42,85.74
2021-05-15T00:00:00.000Z,24,130,41,77.34
2021-05-16T00:00:00.000Z,29,130,49,77.98
2021-05-17T00:00:00.000Z,31,125,41,75.89
2021-05-18T00:00:00.000Z,18,105,30,80.95
2021-05-19T00:00:00.000Z,22,129,44,62.92
2021-05-20T00:00:00.000Z,20,112,35,68.67
2021-05-21T00:00:00.000Z,26,141,44,59.87
2021-05-22T00:00:00.000Z,13,109,34,57.92
2021-05-23T00:00:00.000Z,15,156,63,46.55
2021-05-24T00:00:00.000Z,21,155,63,61.64
2021-05-25T00:00:00.000Z,22,169,54,58.76
2021-05-26T00:00:00.000Z,14,106,27,61.83
2021-05-27T00:00:00.000Z,24,169,63,59.77
2021-05-28T00:00:00.000Z,16,139,53,54.43
2021-05-29T00:00:00.000Z,29,205,132,52.72
2021-05-30T00:00:00.000Z,15,281,201,56.69
2021-05-31T00:00:00.000Z,16,225,151,63.02
2021-06-01T00:00:00.000Z,15,177,112,62.15
2021-06-02T00:00:00.000Z,16,177,124,64.91
2021-06-03T00:00:00.000Z,18,166,102,66.4
2021-06-04T00:00:00.000Z,13,142,100,62.28
2021-06-05T00:00:00.000Z,12,63,23,61.67
2021-06-06T00:00:00.000Z,14,75,33,63.02
2021-06-07T00:00:00.000Z,16,117,46,61.01
2021-06-08T00:00:00.000Z,9,110,34,57.63
2021-06-09T00:00:00.000Z,16,96,32,60.41
2021-06-10T00:00:00.000Z,16,74,23,55.03
2021-06-11T00:00:00.000Z,11,99,29,48.08
2021-06-12T00:00:00.000Z,12,88,28,48.99
2021-06-13T00:00:00.000Z,11,72,16,51.37
2021-06-14T00:00:00.000Z,8,78,20,49.6
2021-06-15T00:00:00.000Z,5,70,18,52.46
2021-06-16T00:00:00.000Z,8,55,21,48.38
2021-06-17T00:00:00.000Z,5,60,25,49.07
2021-06-18T00:00:00.000Z,9,68,17,43.13
2021-06-19T00:00:00.000Z,9,127,67,39.88
2021-06-20T00:00:00.000Z,12,95,33,40.88
2021-06-21T00:00:00.000Z,7,112,26,31.1
2021-06-22T00:00:00.000Z,11,113,26,30.98
2021-06-23T00:00:00.000Z,8,73,13,34.18
2021-06-24T00:00:00.000Z,11,64,9,36.13
2021-06-25T00:00:00.000Z,6,43,8,33.71
2021-06-26T00:00:00.000Z,4,47,11,33
2021-06-27T00:00:00.000Z,15,83,20,45.91
2021-06-28T00:00:00.000Z,19,123,31,53.76
2021-06-29T00:00:00.000Z,17,129,25,59.16
2021-06-30T00:00:00.000Z,61,486,197,71.51
2021-07-01T00:00:00.000Z,57,585,317,66.08
2021-07-02T00:00:00.000Z,36,260,138,72.59
2021-07-03T00:00:00.000Z,38,222,111,76.55
2021-07-04T00:00:00.000Z,53,243,107,83.1
2021-07-05T00:00:00.000Z,38,192,90,77.35
2021-07-06T00:00:00.000Z,21,134,68,80.14
2021-07-07T00:00:00.000Z,42,168,82,78.18
2021-07-08T00:00:00.000Z,34,164,86,73.8
2021-07-09T00:00:00.000Z,50,161,73,77.3
2021-07-10T00:00:00.000Z,133,544,355,95.7
2021-07-11T00:00:00.000Z,174,351,146,100.19
2021-07-12T00:00:00.000Z,426,768,274,112.64
2021-07-13T00:00:00.000Z,165,416,162,105.25
2021-07-14T00:00:00.000Z,131,313,112,112.06
2021-07-15T00:00:00.000Z,224,486,176,108.3
2021-07-16T00:00:00.000Z,113,328,117,96.87
2021-07-17T00:00:00.000Z,88,289,121,102.85
2021-07-18T00:00:00.000Z,114,289,122,96.57
2021-07-19T00:00:00.000Z,77,254,100,89.15
2021-07-20T00:00:00.000Z,56,207,89,88.49
2021-07-21T00:00:00.000Z,115,274,113,101.7
2021-07-22T00:00:00.000Z,79,214,87,107.73
2021-07-23T00:00:00.000Z,168,349,138,129.32
2021-07-24T00:00:00.000Z,272,617,207,145.32
2021-07-25T00:00:00.000Z,190,431,158,145.75
2021-07-26T00:00:00.000Z,184,458,171,143.89
2021-07-27T00:00:00.000Z,290,592,217,166.55
2021-07-28T00:00:00.000Z,469,895,258,194.51
2021-07-29T00:00:00.000Z,602,1157,340,205.95
2021-07-30T00:00:00.000Z,285,692,210,219.36
2021-07-31T00:00:00.000Z,299,748,296,243.34
2021-08-01T00:00:00.000Z,324,817,259,249.82
2021-08-02T00:00:00.000Z,156,576,204,247.93
2021-08-03T00:00:00.000Z,139,427,140,236.99
2021-08-04T00:00:00.000Z,196,507,133,286.63
2021-08-05T00:00:00.000Z,282,672,158,297.82
2021-08-06T00:00:00.000Z,387,831,220,325.74
2021-08-07T00:00:00.000Z,434,930,241,376.7
2021-08-08T00:00:00.000Z,552,1270,326,355.85
2021-08-09T00:00:00.000Z,341,912,239,371.04
2021-08-10T00:00:00.000Z,323,750,190,375.69
2021-08-11T00:00:00.000Z,547,1173,248,442.16
2021-08-12T00:00:00.000Z,497,1093,246,450.53
2021-08-13T00:00:00.000Z,520,1130,275,529.03
2021-08-14T00:00:00.000Z,589,1385,332,531.74
2021-08-15T00:00:00.000Z,400,984,298,519.33
2021-08-16T00:00:00.000Z,315,969,273,435.49
2021-08-17T00:00:00.000Z,393,1103,296,404.2
2021-08-18T00:00:00.000Z,335,974,283,440.62
2021-08-19T00:00:00.000Z,449,991,263,440.39
2021-08-20T00:00:00.000Z,494,1035,321,477.56
2021-08-21T00:00:00.000Z,444,970,282,502.34
2021-08-22T00:00:00.000Z,389,895,284,470.49
2021-08-23T00:00:00.000Z,300,725,210,504.29
2021-08-24T00:00:00.000Z,223,601,184,467.01
2021-08-25T00:00:00.000Z,224,608,190,462.22
2021-08-26T00:00:00.000Z,245,599,155,482.45
2021-08-27T00:00:00.000Z,192,555,157,520.14
2021-08-28T00:00:00.000Z,221,575,190,527.85
2021-08-29T00:00:00.000Z,191,527,171,508.82
2021-08-30T00:00:00.000Z,156,483,152,499.27
2021-08-31T00:00:00.000Z,132,418,132,492.17
2021-09-01T00:00:00.000Z,135,402,102,519.22
2021-09-02T00:00:00.000Z,164,447,122,553.07
2021-09-03T00:00:00.000Z,173,423,115,596.65
2021-09-04T00:00:00.000Z,206,516,159,589.44
2021-09-05T00:00:00.000Z,198,465,125,559.26
2021-09-06T00:00:00.000Z,172,431,117,565.83
2021-09-07T00:00:00.000Z,240,579,187,482.59
2021-09-08T00:00:00.000Z,173,470,133,496.77
2021-09-09T00:00:00.000Z,171,460,155,509.54
2021-09-10T00:00:00.000Z,149,440,152,470.73
2021-09-11T00:00:00.000Z,153,506,194,472.67
2021-09-12T00:00:00.000Z,163,482,176,493.99
2021-09-13T00:00:00.000Z,164,413,148,469.24
2021-09-14T00:00:00.000Z,131,389,133,490.79
2021-09-15T00:00:00.000Z,141,420,150,509.3
2021-09-16T00:00:00.000Z,141,385,137,530.47
2021-09-17T00:00:00.000Z,120,323,107,517.53
2021-09-18T00:00:00.000Z,129,396,145,513.26
2021-09-19T00:00:00.000Z,135,398,150,500.43
2021-09-20T00:00:00.000Z,106,360,114,453.17
2021-09-21T00:00:00.000Z,152,390,129,436.73
2021-09-22T00:00:00.000Z,2496,3572,1938,550.21
2021-09-23T00:00:00.000Z,385,1007,474,578.37
2021-09-24T00:00:00.000Z,206,565,231,503.84
2021-09-25T00:00:00.000Z,143,474,217,506.39
2021-09-26T00:00:00.000Z,117,357,146,527.21
2021-09-27T00:00:00.000Z,89,292,112,511.2
2021-09-28T00:00:00.000Z,117,364,130,484.88
2021-09-29T00:00:00.000Z,128,399,154,467.47
2021-09-30T00:00:00.000Z,151,411,175,500.92
2021-10-01T00:00:00.000Z,130,376,147,541.45
2021-10-02T00:00:00.000Z,160,466,205,581.51
2021-10-03T00:00:00.000Z,145,438,190,584.05
2021-10-04T00:00:00.000Z,133,375,151,572.6
2021-10-05T00:00:00.000Z,176,430,159,595.49
2021-10-06T00:00:00.000Z,206,600,203,673.16
2021-10-07T00:00:00.000Z,164,436,161,674.97
2021-10-08T00:00:00.000Z,115,370,126,671.41
2021-10-09T00:00:00.000Z,165,433,176,686.5
2021-10-10T00:00:00.000Z,158,482,202,660.09
2021-10-11T00:00:00.000Z,131,402,158,644.98
2021-10-12T00:00:00.000Z,143,411,168,621.16
2021-10-13T00:00:00.000Z,116,331,136,630.74
2021-10-14T00:00:00.000Z,113,322,93,695.17
2021-10-15T00:00:00.000Z,124,332,110,713.53
2021-10-16T00:00:00.000Z,174,437,159,736.52
2021-10-17T00:00:00.000Z,164,448,187,721.85
2021-10-18T00:00:00.000Z,123,363,138,714.48
2021-10-19T00:00:00.000Z,125,402,146,728.79
2021-10-20T00:00:00.000Z,180,487,181,789.78
2021-10-21T00:00:00.000Z,181,447,157,779.96
2021-10-22T00:00:00.000Z,126,397,135,781.83
2021-10-23T00:00:00.000Z,124,386,139,805.94
2021-10-24T00:00:00.000Z,161,405,153,786.58
2021-10-25T00:00:00.000Z,149,402,140,850.59
2021-10-26T00:00:00.000Z,123,350,112,866.17
2021-10-27T00:00:00.000Z,125,308,88,827.19
2021-10-28T00:00:00.000Z,131,354,88,905.36
2021-10-29T00:00:00.000Z,209,515,153,959.77
2021-10-30T00:00:00.000Z,310,738,223,1011.4
2021-10-31T00:00:00.000Z,354,724,224,999.66
2021-11-01T00:00:00.000Z,218,514,158,1021.83
2021-11-02T00:00:00.000Z,386,838,240,1207.43
2021-11-03T00:00:00.000Z,371,854,267,1212.71
2021-11-04T00:00:00.000Z,375,782,256,1218.89
2021-11-05T00:00:00.000Z,341,768,239,1318.3
2021-11-06T00:00:00.000Z,305,768,310,1191.66
2021-11-07T00:00:00.000Z,264,686,260,1225.05
2021-11-08T00:00:00.000Z,215,512,188,1245.29
2021-11-09T00:00:00.000Z,209,434,153,1235.8
2021-11-10T00:00:00.000Z,174,423,146,1198.46
2021-11-11T00:00:00.000Z,201,468,155,1161.63
2021-11-12T00:00:00.000Z,176,437,147,1154.01
2021-11-13T00:00:00.000Z,169,421,142,1159.93
2021-11-14T00:00:00.000Z,204,523,198,1125.05
2021-11-15T00:00:00.000Z,171,394,144,1135.79
2021-11-16T00:00:00.000Z,200,491,175,1047.61
2021-11-17T00:00:00.000Z,162,402,127,1043.33
2021-11-18T00:00:00.000Z,150,418,135,991.93
2021-11-19T00:00:00.000Z,194,420,133,1030.51
2021-11-20T00:00:00.000Z,207,491,155,1005.44
2021-11-21T00:00:00.000Z,221,527,193,1059.77
2021-11-22T00:00:00.000Z,201,433,130,1062.89
2021-11-23T00:00:00.000Z,318,644,173,1200.76
2021-11-24T00:00:00.000Z,606,1381,511,1453.88
2021-11-25T00:00:00.000Z,502,1102,331,1677.61
2021-11-26T00:00:00.000Z,323,765,241,1477.59
2021-11-27T00:00:00.000Z,286,608,191,1565.54
2021-11-28T00:00:00.000Z,207,521,195,1477.13
2021-11-29T00:00:00.000Z,314,669,206,1722.64
2021-11-30T00:00:00.000Z,311,766,253,1849.95
2021-12-01T00:00:00.000Z,252,594,202,1762.04
2021-12-02T00:00:00.000Z,212,562,207,1599.83
2021-12-03T00:00:00.000Z,185,531,200,1518.02
2021-12-04T00:00:00.000Z,233,617,213,1342.28
2021-12-05T00:00:00.000Z,187,534,208,1386.53
2021-12-06T00:00:00.000Z,186,721,355,1326.72
2021-12-07T00:00:00.000Z,157,447,163,1348.03
2021-12-08T00:00:00.000Z,154,533,253,1356.22
2021-12-09T00:00:00.000Z,421,695,146,1280.41
2021-12-10T00:00:00.000Z,184,478,153,1211.41
2021-12-11T00:00:00.000Z,181,473,176,1219.05
2021-12-12T00:00:00.000Z,255,545,187,1274.89
2021-12-13T00:00:00.000Z,160,466,169,1154.88
2021-12-14T00:00:00.000Z,169,426,151,1080.14
2021-12-15T00:00:00.000Z,144,387,108,1068.72
2021-12-16T00:00:00.000Z,144,351,110,1181
2021-12-17T00:00:00.000Z,120,346,116,1114.97
2021-12-18T00:00:00.000Z,142,363,147,1138.23
2021-12-19T00:00:00.000Z,123,370,138,1106.18
2021-12-20T00:00:00.000Z,134,348,127,1069.73
2021-12-21T00:00:00.000Z,125,347,103,1109.92
2021-12-22T00:00:00.000Z,124,345,107,1139.56
2021-12-23T00:00:00.000Z,182,423,118,1195.1
2021-12-24T00:00:00.000Z,242,528,233,1208.73
2021-12-25T00:00:00.000Z,108,288,108,1196.99
2021-12-26T00:00:00.000Z,139,344,108,1155.9
2021-12-27T00:00:00.000Z,149,365,131,1151.07
2021-12-28T00:00:00.000Z,107,305,97,1057.18
2021-12-29T00:00:00.000Z,109,303,96,1050.33
2021-12-30T00:00:00.000Z,115,355,113,1012.89
2021-12-31T00:00:00.000Z,124,337,106,1012.78
2022-01-01T00:00:00.000Z,117,322,113,1029.92
2022-01-02T00:00:00.000Z,124,296,93,1032.14
2022-01-03T00:00:00.000Z,116,314,99,1016.87
2022-01-04T00:00:00.000Z,114,333,114,1016.55
2022-01-05T00:00:00.000Z,130,395,136,972.09
2022-01-06T00:00:00.000Z,158,442,134,865.69
2022-01-07T00:00:00.000Z,136,600,341,806.18
2022-01-08T00:00:00.000Z,118,413,185,767.03
2022-01-09T00:00:00.000Z,131,320,97,802.36
2022-01-10T00:00:00.000Z,88,243,74,757.37
2022-01-11T00:00:00.000Z,104,261,82,813.04
2022-01-12T00:00:00.000Z,103,280,82,854.57
2022-01-13T00:00:00.000Z,106,250,74,831.23
2022-01-14T00:00:00.000Z,85,228,80,819.98
2022-01-15T00:00:00.000Z,119,280,94,847.26
2022-01-16T00:00:00.000Z,114,292,101,861.52
2022-01-17T00:00:00.000Z,85,248,83,800.26
2022-01-18T00:00:00.000Z,91,255,93,770.32
2022-01-19T00:00:00.000Z,86,244,76,773.93
2022-01-20T00:00:00.000Z,70,231,66,784.81
2022-01-21T00:00:00.000Z,103,307,72,669.77
2022-01-22T00:00:00.000Z,94,342,118,563.86
2022-01-23T00:00:00.000Z,95,268,91,572.18
2022-01-24T00:00:00.000Z,70,241,76,552.84
2022-01-25T00:00:00.000Z,74,226,56,579.8
2022-01-26T00:00:00.000Z,62,215,50,603
2022-01-27T00:00:00.000Z,63,205,59,550.67
2022-01-28T00:00:00.000Z,58,162,33,557.52
2022-01-29T00:00:00.000Z,58,182,46,580.99
2022-01-30T00:00:00.000Z,62,185,39,590.99
2022-01-31T00:00:00.000Z,45,150,35,603.59
2022-02-01T00:00:00.000Z,57,174,34,628.62
2022-02-02T00:00:00.000Z,46,128,28,595.98
2022-02-03T00:00:00.000Z,44,141,41,574.62
2022-02-04T00:00:00.000Z,59,185,43,641.42
2022-02-05T00:00:00.000Z,80,205,45,659.23
2022-02-06T00:00:00.000Z,75,209,52,663.32
2022-02-07T00:00:00.000Z,76,202,38,717.32
2022-02-08T00:00:00.000Z,68,197,50,679.19
2022-02-09T00:00:00.000Z,78,185,48,719.48
2022-02-10T00:00:00.000Z,89,230,45,724.24
2022-02-11T00:00:00.000Z,68,204,55,686.91
2022-02-12T00:00:00.000Z,52,175,41,650.41
2022-02-13T00:00:00.000Z,59,203,61,626.69
2022-02-14T00:00:00.000Z,49,164,52,628.42
2022-02-15T00:00:00.000Z,47,159,24,672.03
2022-02-16T00:00:00.000Z,40,151,44,661.92
2022-02-17T00:00:00.000Z,46,177,41,619.78
2022-02-18T00:00:00.000Z,35,145,36,591.47
2022-02-19T00:00:00.000Z,58,167,34,577.12
2022-02-20T00:00:00.000Z,47,188,61,550.42
2022-02-21T00:00:00.000Z,52,177,43,550.02
2022-02-22T00:00:00.000Z,44,163,50,536.82
2022-02-23T00:00:00.000Z,39,156,46,554.4
2022-02-24T00:00:00.000Z,67,249,69,492.44
2022-02-25T00:00:00.000Z,50,149,43,539.2
2022-02-26T00:00:00.000Z,40,129,37,561.17
2022-02-27T00:00:00.000Z,46,163,37,560.71
2022-02-28T00:00:00.000Z,34,121,29,565.09
2022-03-01T00:00:00.000Z,57,169,37,596.21
2022-03-02T00:00:00.000Z,46,143,32,598.83
2022-03-03T00:00:00.000Z,41,124,33,571.06
2022-03-04T00:00:00.000Z,54,174,45,540.44
2022-03-05T00:00:00.000Z,51,158,35,538.14
2022-03-06T00:00:00.000Z,50,166,55,523.38
2022-03-07T00:00:00.000Z,64,227,70,496.92
2022-03-08T00:00:00.000Z,47,158,41,509.35
2022-03-09T00:00:00.000Z,47,157,56,532.75
2022-03-10T00:00:00.000Z,37,128,29,507.66
2022-03-11T00:00:00.000Z,41,149,51,503.2
2022-03-12T00:00:00.000Z,58,151,43,499.96
2022-03-13T00:00:00.000Z,53,139,28,498.88
2022-03-14T00:00:00.000Z,55,152,45,487.33
2022-03-15T00:00:00.000Z,51,146,42,490.27
2022-03-16T00:00:00.000Z,23,119,29,505.78
2022-03-17T00:00:00.000Z,51,148,24,540.91
2022-03-18T00:00:00.000Z,35,135,31,567.69
2022-03-19T00:00:00.000Z,55,165,39,574.95
2022-03-20T00:00:00.000Z,56,146,31,548.43
2022-03-21T00:00:00.000Z,42,121,25,565.3
2022-03-22T00:00:00.000Z,29,127,36,587.25
2022-03-23T00:00:00.000Z,34,137,33,570.92
2022-03-24T00:00:00.000Z,175,734,288,601
2022-03-25T00:00:00.000Z,213,953,417,580.7
2022-03-26T00:00:00.000Z,142,568,239,586.68
2022-03-27T00:00:00.000Z,136,533,232,594.82
2022-03-28T00:00:00.000Z,139,504,181,642.39
2022-03-29T00:00:00.000Z,106,414,163,650.94
2022-03-30T00:00:00.000Z,126,455,168,650.1
2022-03-31T00:00:00.000Z,163,594,247,616.38
2022-04-01T00:00:00.000Z,118,430,162,653.9
2022-04-02T00:00:00.000Z,100,363,149,650.37
2022-04-03T00:00:00.000Z,102,363,135,653.12
2022-04-04T00:00:00.000Z,80,287,101,634.69
2022-04-05T00:00:00.000Z,93,286,98,648.86
2022-04-06T00:00:00.000Z,81,288,101,591.4
2022-04-07T00:00:00.000Z,60,232,68,593.99
2022-04-08T00:00:00.000Z,59,228,73,599.16
2022-04-09T00:00:00.000Z,89,277,110,592.29
2022-04-10T00:00:00.000Z,73,247,94,602.71
2022-04-11T00:00:00.000Z,60,217,80,537.74
2022-04-12T00:00:00.000Z,51,195,72,534.65
2022-04-13T00:00:00.000Z,63,217,76,549.21
2022-04-14T00:00:00.000Z,66,437,304,532.77
2022-04-15T00:00:00.000Z,57,202,73,532.8
2022-04-16T00:00:00.000Z,57,214,80,528.24
2022-04-17T00:00:00.000Z,71,235,84,532.22
2022-04-18T00:00:00.000Z,65,230,71,522.22
2022-04-19T00:00:00.000Z,48,182,69,539.55
2022-04-20T00:00:00.000Z,43,151,50,530.25
2022-04-21T00:00:00.000Z,67,199,72,536.87
2022-04-22T00:00:00.000Z,43,158,63,516.65
2022-04-23T00:00:00.000Z,42,172,58,519.81
2022-04-24T00:00:00.000Z,57,198,69,509.65
2022-04-25T00:00:00.000Z,66,200,56,505.9
2022-04-26T00:00:00.000Z,55,227,82,494.79
2022-04-27T00:00:00.000Z,65,220,73,481.5
2022-04-28T00:00:00.000Z,66,190,54,495.21
2022-04-29T00:00:00.000Z,53,184,71,470.89
2022-04-30T00:00:00.000Z,46,189,74,466.22
2022-05-01T00:00:00.000Z,49,192,66,464.54
2022-05-02T00:00:00.000Z,64,223,69,468.14
2022-05-03T00:00:00.000Z,53,216,76,474.6
2022-05-04T00:00:00.000Z,57,218,66,483.21
2022-05-05T00:00:00.000Z,69,245,86,458.76
2022-05-06T00:00:00.000Z,65,241,81,444.73
2022-05-07T00:00:00.000Z,26,161,56,447.66
2022-05-08T00:00:00.000Z,70,245,96,421.18
2022-05-09T00:00:00.000Z,46,222,59,375.7
2022-05-10T00:00:00.000Z,54,221,66,387.85
2022-05-11T00:00:00.000Z,55,223,60,338.61
2022-05-12T00:00:00.000Z,70,252,78,288.27
2022-05-13T00:00:00.000Z,57,227,69,306.54
2022-05-14T00:00:00.000Z,39,195,65,304.48
2022-05-15T00:00:00.000Z,47,181,57,323.41
2022-05-16T00:00:00.000Z,53,177,54,303.64
2022-05-17T00:00:00.000Z,45,175,57,299.18
2022-05-18T00:00:00.000Z,49,182,54,289.93
2022-05-19T00:00:00.000Z,45,166,55,298.91
2022-05-20T00:00:00.000Z,49,146,47,286.47
2022-05-21T00:00:00.000Z,40,149,44,294.78
2022-05-22T00:00:00.000Z,54,170,48,302.36
2022-05-23T00:00:00.000Z,62,174,62,292.27
2022-05-24T00:00:00.000Z,26,125,37,295.41
2022-05-25T00:00:00.000Z,36,149,46,290.43
2022-05-26T00:00:00.000Z,34,137,38,277.92
2022-05-27T00:00:00.000Z,47,164,49,255.55
2022-05-28T00:00:00.000Z,43,190,70,268.76
2022-05-29T00:00:00.000Z,34,167,51,270.81
2022-05-30T00:00:00.000Z,57,209,53,315.05
2022-05-31T00:00:00.000Z,54,199,58,302.6
2022-06-01T00:00:00.000Z,51,202,71,286.24
2022-06-02T00:00:00.000Z,98,326,112,277.26
2022-06-03T00:00:00.000Z,65,248,87,268.85
2022-06-04T00:00:00.000Z,55,230,95,275.3
2022-06-05T00:00:00.000Z,60,239,88,279.63
2022-06-06T00:00:00.000Z,63,219,73,283.39
2022-06-07T00:00:00.000Z,41,140,42,274.77
2022-06-08T00:00:00.000Z,45,120,33,272.55
2022-06-09T00:00:00.000Z,26,104,35,268.33
2022-06-10T00:00:00.000Z,24,113,29,252.68
2022-06-11T00:00:00.000Z,25,128,36,232.73
2022-06-12T00:00:00.000Z,40,148,42,215.43
2022-06-13T00:00:00.000Z,55,231,74,184.89
2022-06-14T00:00:00.000Z,34,179,55,181.18
2022-06-15T00:00:00.000Z,65,200,46,157.75
2022-06-16T00:00:00.000Z,49,152,46,157.42
2022-06-17T00:00:00.000Z,35,131,24,160.47
2022-06-18T00:00:00.000Z,35,147,38,146.77
2022-06-19T00:00:00.000Z,49,191,55,166.58
2022-06-20T00:00:00.000Z,38,167,53,165.81
2022-06-21T00:00:00.000Z,41,157,47,165.73
2022-06-22T00:00:00.000Z,25,113,38,155.71
2022-06-23T00:00:00.000Z,43,134,46,168.37
2022-06-24T00:00:00.000Z,39,205,86,180.25
2022-06-25T00:00:00.000Z,35,160,54,175.8
2022-06-26T00:00:00.000Z,39,135,30,179.49
2022-06-27T00:00:00.000Z,30,121,43,173.36
2022-06-28T00:00:00.000Z,33,119,43,170.68
2022-06-29T00:00:00.000Z,36,129,30,161.18
2022-06-30T00:00:00.000Z,72,298,89,144.11
2022-07-01T00:00:00.000Z,138,482,177,123.9
2022-07-02T00:00:00.000Z,139,410,127,115.84
2022-07-03T00:00:00.000Z,128,368,101,110.15
2022-07-04T00:00:00.000Z,76,285,64,115.2
2022-07-05T00:00:00.000Z,153,377,119,110.66
2022-07-06T00:00:00.000Z,66,251,61,114.87
2022-07-07T00:00:00.000Z,88,265,72,119.68
2022-07-08T00:00:00.000Z,66,238,74,116.01
2022-07-09T00:00:00.000Z,36,211,49,116.48
2022-07-10T00:00:00.000Z,47,292,122,109.74
2022-07-11T00:00:00.000Z,55,270,77,106.07
2022-07-12T00:00:00.000Z,76,462,134,95.02
2022-07-13T00:00:00.000Z,53,307,88,94.23
2022-07-14T00:00:00.000Z,46,260,66,103.31
2022-07-15T00:00:00.000Z,42,253,77,102.7
2022-07-16T00:00:00.000Z,114,386,124,120.82
2022-07-17T00:00:00.000Z,51,311,78,111.24
2022-07-18T00:00:00.000Z,51,370,89,121.21
2022-07-19T00:00:00.000Z,48,308,78,130.44
2022-07-20T00:00:00.000Z,44,263,69,129.57
2022-07-21T00:00:00.000Z,38,303,70,125.26
2022-07-22T00:00:00.000Z,56,315,88,120.84
2022-07-23T00:00:00.000Z,48,277,70,114.02
2022-07-24T00:00:00.000Z,77,315,89,118.2
2022-07-25T00:00:00.000Z,46,363,164,108.97
2022-07-26T00:00:00.000Z,58,343,69,99.99
2022-07-27T00:00:00.000Z,63,342,93,115.73
2022-07-28T00:00:00.000Z,57,316,84,117.69
2022-07-29T00:00:00.000Z,57,331,80,121.43
2022-07-30T00:00:00.000Z,51,360,77,117.53
2022-07-31T00:00:00.000Z,57,364,103,117.52
2022-08-01T00:00:00.000Z,37,259,62,114.76
2022-08-02T00:00:00.000Z,39,291,66,115.3
2022-08-03T00:00:00.000Z,39,263,63,116.75
2022-08-04T00:00:00.000Z,28,343,77,112
2022-08-05T00:00:00.000Z,46,272,56,112.7
2022-08-06T00:00:00.000Z,47,273,65,113.39
2022-08-07T00:00:00.000Z,55,270,66,113.37
2022-08-08T00:00:00.000Z,59,350,111,112.4
2022-08-09T00:00:00.000Z,67,324,81,104.97
2022-08-10T00:00:00.000Z,66,301,64,111.85
2022-08-11T00:00:00.000Z,128,440,135,116.46
2022-08-12T00:00:00.000Z,61,279,63,117.19
2022-08-13T00:00:00.000Z,73,348,88,118.76
2022-08-14T00:00:00.000Z,56,304,67,113.77
2022-08-15T00:00:00.000Z,51,297,71,108.95
2022-08-16T00:00:00.000Z,52,315,75,106.94
2022-08-17T00:00:00.000Z,66,316,80,104.57
2022-08-18T00:00:00.000Z,49,256,65,104.62
2022-08-19T00:00:00.000Z,93,470,107,90.36
2022-08-20T00:00:00.000Z,112,447,103,92.26
2022-08-21T00:00:00.000Z,81,380,110,92.72
2022-08-22T00:00:00.000Z,60,359,79,90.44
2022-08-23T00:00:00.000Z,55,287,67,91
2022-08-24T00:00:00.000Z,70,303,76,89.79
2022-08-25T00:00:00.000Z,49,238,41,91.69
2022-08-26T00:00:00.000Z,63,329,73,83
2022-08-27T00:00:00.000Z,74,395,91,78.45
2022-08-28T00:00:00.000Z,58,326,69,77.76
2022-08-29T00:00:00.000Z,61,293,77,78.62
2022-08-30T00:00:00.000Z,50,268,46,77.28
2022-08-31T00:00:00.000Z,39,254,61,78.01
2022-09-01T00:00:00.000Z,61,343,103,77.09
2022-09-02T00:00:00.000Z,50,331,77,76.47
2022-09-03T00:00:00.000Z,52,319,86,75.13
2022-09-04T00:00:00.000Z,50,265,60,75.58
2022-09-05T00:00:00.000Z,48,293,71,75.54
2022-09-06T00:00:00.000Z,50,253,68,72.77
2022-09-07T00:00:00.000Z,63,302,58,71.91
2022-09-08T00:00:00.000Z,46,216,62,74.14
2022-09-09T00:00:00.000Z,39,231,53,78.38
2022-09-10T00:00:00.000Z,61,271,68,78.3
2022-09-11T00:00:00.000Z,54,286,63,78.6
2022-09-12T00:00:00.000Z,36,266,59,76.4
2022-09-13T00:00:00.000Z,43,342,73,71.04
2022-09-14T00:00:00.000Z,54,290,80,69.78
2022-09-15T00:00:00.000Z,69,399,109,67.94
2022-09-16T00:00:00.000Z,67,399,95,64.08
2022-09-17T00:00:00.000Z,60,306,65,64.12
2022-09-18T00:00:00.000Z,88,404,85,58.49
2022-09-19T00:00:00.000Z,88,516,111,56.08
2022-09-20T00:00:00.000Z,60,312,73,56.56
2022-09-21T00:00:00.000Z,49,290,60,56.91
2022-09-22T00:00:00.000Z,55,388,94,54.94
2022-09-23T00:00:00.000Z,43,274,52,55.28
2022-09-24T00:00:00.000Z,72,366,105,57.98
2022-09-25T00:00:00.000Z,47,274,66,56.41
2022-09-26T00:00:00.000Z,59,316,90,57.49
2022-09-27T00:00:00.000Z,50,290,75,57.16
2022-09-28T00:00:00.000Z,66,281,54,57.67
2022-09-29T00:00:00.000Z,42,272,63,56.39
2022-09-30T00:00:00.000Z,65,290,68,57.6
2022-10-01T00:00:00.000Z,65,293,82,56.16
2022-10-02T00:00:00.000Z,57,321,73,55.76
2022-10-03T00:00:00.000Z,48,290,72,56.16
2022-10-04T00:00:00.000Z,50,273,55,57.29
2022-10-05T00:00:00.000Z,51,256,58,56.15
2022-10-06T00:00:00.000Z,65,277,61,57.43
2022-10-07T00:00:00.000Z,53,237,56,55.99
2022-10-08T00:00:00.000Z,44,193,39,55.95
2022-10-09T00:00:00.000Z,43,292,60,54.87
2022-10-10T00:00:00.000Z,74,335,65,53.25
2022-10-11T00:00:00.000Z,77,311,67,52.32
2022-10-12T00:00:00.000Z,147,533,164,55.39
2022-10-13T00:00:00.000Z,146,520,143,56.27
2022-10-14T00:00:00.000Z,108,427,100,54.81
2022-10-15T00:00:00.000Z,77,294,75,53.46
2022-10-16T00:00:00.000Z,70,313,103,53.81
2022-10-17T00:00:00.000Z,43,259,59,54.59
2022-10-18T00:00:00.000Z,59,255,53,53.31
2022-10-19T00:00:00.000Z,65,254,57,52.14
2022-10-20T00:00:00.000Z,58,249,50,51.43
2022-10-21T00:00:00.000Z,58,262,56,52.23
2022-10-22T00:00:00.000Z,65,306,54,52.94
2022-10-23T00:00:00.000Z,93,425,97,57.25
2022-10-24T00:00:00.000Z,59,367,115,54.97
2022-10-25T00:00:00.000Z,74,323,87,58.93
2022-10-26T00:00:00.000Z,197,818,244,74
2022-10-27T00:00:00.000Z,120,492,124,67.77
2022-10-28T00:00:00.000Z,72,346,84,67.13
2022-10-29T00:00:00.000Z,95,420,111,68.74
2022-10-30T00:00:00.000Z,74,319,76,66.37
2022-10-31T00:00:00.000Z,58,300,58,66.33
2022-11-01T00:00:00.000Z,90,393,102,62.43
2022-11-02T00:00:00.000Z,84,481,168,61.64
2022-11-03T00:00:00.000Z,84,352,82,59.54
2022-11-04T00:00:00.000Z,95,368,81,65.68
2022-11-05T00:00:00.000Z,89,342,71,64.76
2022-11-06T00:00:00.000Z,75,330,77,63.12
2022-11-07T00:00:00.000Z,70,327,67,59.82
2022-11-08T00:00:00.000Z,149,583,113,51.7
2022-11-09T00:00:00.000Z,306,882,165,41.84
2022-11-10T00:00:00.000Z,273,765,131,49.8
2022-11-11T00:00:00.000Z,284,650,116,47.7
2022-11-12T00:00:00.000Z,351,800,126,45.6
2022-11-13T00:00:00.000Z,821,1241,170,44.16
2022-11-14T00:00:00.000Z,578,1009,146,44.69
2022-11-15T00:00:00.000Z,293,601,107,45.01
2022-11-16T00:00:00.000Z,267,594,108,43.29
2022-11-17T00:00:00.000Z,222,525,82,43.48
2022-11-18T00:00:00.000Z,162,407,72,43.38
2022-11-19T00:00:00.000Z,143,390,68,43.01
2022-11-20T00:00:00.000Z,158,450,89,40.7
2022-11-21T00:00:00.000Z,146,521,87,39.02
2022-11-22T00:00:00.000Z,135,488,98,39.18
2022-11-23T00:00:00.000Z,109,367,57,40.41
2022-11-24T00:00:00.000Z,102,388,65,41.73
2022-11-25T00:00:00.000Z,81,424,85,39.07
2022-11-26T00:00:00.000Z,98,470,135,39.43
2022-11-27T00:00:00.000Z,96,328,66,40.26
2022-11-28T00:00:00.000Z,92,386,83,38.46
2022-11-29T00:00:00.000Z,134,428,77,39.19
2022-11-30T00:00:00.000Z,126,477,95,41.16
2022-12-01T00:00:00.000Z,111,354,84,41.68
2022-12-02T00:00:00.000Z,99,366,63,42.08
2022-12-03T00:00:00.000Z,88,323,61,42.82
2022-12-04T00:00:00.000Z,205,623,137,44.45
2022-12-05T00:00:00.000Z,146,619,177,45.1
2022-12-06T00:00:00.000Z,94,323,70,44.36
2022-12-07T00:00:00.000Z,85,331,66,43.36
2022-12-08T00:00:00.000Z,98,433,85,43.18
2022-12-09T00:00:00.000Z,124,496,130,47.47
2022-12-10T00:00:00.000Z,99,329,60,46.93
2022-12-11T00:00:00.000Z,129,473,86,49.09
2022-12-12T00:00:00.000Z,210,614,120,46.58
2022-12-13T00:00:00.000Z,393,823,110,47.75
2022-12-14T00:00:00.000Z,252,545,95,48.85
2022-12-15T00:00:00.000Z,184,582,101,44.41
2022-12-16T00:00:00.000Z,204,596,97,41.34
2022-12-17T00:00:00.000Z,333,989,297,40.83
2022-12-18T00:00:00.000Z,201,507,82,41.01
2022-12-19T00:00:00.000Z,176,591,129,40.51
2022-12-20T00:00:00.000Z,133,449,86,40.89
2022-12-21T00:00:00.000Z,113,392,80,40.85
2022-12-22T00:00:00.000Z,96,356,80,39.41
2022-12-23T00:00:00.000Z,109,359,75,40.24
2022-12-24T00:00:00.000Z,81,267,53,40.26
2022-12-25T00:00:00.000Z,94,291,45,39.63
2022-12-26T00:00:00.000Z,78,303,64,40.04
2022-12-27T00:00:00.000Z,90,384,86,39.63
2022-12-28T00:00:00.000Z,95,342,83,39.4
2022-12-29T00:00:00.000Z,76,345,59,39.37
2022-12-30T00:00:00.000Z,90,358,69,38.57
2022-12-31T00:00:00.000Z,82,420,81,38.75
2023-01-01T00:00:00.000Z,88,347,79,38.45
2023-01-02T00:00:00.000Z,67,294,63,39.29
2023-01-03T00:00:00.000Z,177,391,83,38.34
2023-01-04T00:00:00.000Z,83,371,80,39.89
2023-01-05T00:00:00.000Z,83,336,68,39.35
2023-01-06T00:00:00.000Z,102,407,78,39.07
2023-01-07T00:00:00.000Z,93,409,90,39.55
2023-01-08T00:00:00.000Z,100,341,71,39.56
2023-01-09T00:00:00.000Z,107,451,94,44.09
2023-01-10T00:00:00.000Z,183,546,89,42.7
2023-01-11T00:00:00.000Z,283,802,188,46.87
2023-01-12T00:00:00.000Z,206,671,178,51.13
2023-01-13T00:00:00.000Z,172,552,147,51.91
2023-01-14T00:00:00.000Z,222,795,192,53.9
2023-01-15T00:00:00.000Z,153,527,127,52.79
2023-01-16T00:00:00.000Z,131,480,120,52.45
2023-01-17T00:00:00.000Z,132,470,106,54.18
2023-01-18T00:00:00.000Z,98,406,92,52.07
2023-01-19T00:00:00.000Z,98,347,71,50.44
2023-01-20T00:00:00.000Z,101,362,74,53.32
2023-01-21T00:00:00.000Z,159,527,133,56.69
2023-01-22T00:00:00.000Z,134,427,98,57.67
2023-01-23T00:00:00.000Z,202,699,163,61.6
2023-01-24T00:00:00.000Z,140,549,131,63.5
2023-01-25T00:00:00.000Z,110,404,97,59.53
2023-01-26T00:00:00.000Z,113,400,96,60.91
2023-01-27T00:00:00.000Z,137,499,130,62.53
2023-01-28T00:00:00.000Z,151,472,102,62.28
2023-01-29T00:00:00.000Z,182,718,242,67.83
2023-01-30T00:00:00.000Z,149,614,150,67.39
2023-01-31T00:00:00.000Z,104,467,98,68.07
2023-02-01T00:00:00.000Z,161,545,143,73.51
2023-02-02T00:00:00.000Z,320,972,256,84.57
2023-02-03T00:00:00.000Z,592,1877,650,94.98
2023-02-04T00:00:00.000Z,264,845,227,94.56
2023-02-05T00:00:00.000Z,250,835,237,86.76
2023-02-06T00:00:00.000Z,174,699,182,87.66
2023-02-07T00:00:00.000Z,174,643,129,91.99
2023-02-08T00:00:00.000Z,198,627,156,88.85
2023-02-09T00:00:00.000Z,171,653,152,74.18
2023-02-10T00:00:00.000Z,144,602,121,72.99
2023-02-11T00:00:00.000Z,130,493,93,75.87
2023-02-12T00:00:00.000Z,140,513,120,74.28
2023-02-13T00:00:00.000Z,151,525,93,70.79
2023-02-14T00:00:00.000Z,121,453,77,76.96
2023-02-15T00:00:00.000Z,143,509,106,84.13
2023-02-16T00:00:00.000Z,129,531,146,88.16
2023-02-17T00:00:00.000Z,136,477,92,85.93
2023-02-18T00:00:00.000Z,126,533,112,86.78
2023-02-19T00:00:00.000Z,127,463,99,84.13
2023-02-20T00:00:00.000Z,101,413,81,82.95
2023-02-21T00:00:00.000Z,107,419,84,80.08
2023-02-22T00:00:00.000Z,90,417,94,75.12
2023-02-23T00:00:00.000Z,94,375,80,76.93
2023-02-24T00:00:00.000Z,85,404,78,73.59
2023-02-25T00:00:00.000Z,95,416,99,71.98
2023-02-26T00:00:00.000Z,110,402,90,75.58
2023-02-27T00:00:00.000Z,93,344,72,73.32
2023-02-28T00:00:00.000Z,115,407,66,76.01
2023-03-01T00:00:00.000Z,161,561,120,83.56
2023-03-02T00:00:00.000Z,129,447,87,81.44
2023-03-03T00:00:00.000Z,116,418,72,80.37
2023-03-04T00:00:00.000Z,112,383,65,77.48
2023-03-05T00:00:00.000Z,104,358,55,77.05
2023-03-06T00:00:00.000Z,105,398,77,80.32
2023-03-07T00:00:00.000Z,155,568,118,75.63
2023-03-08T00:00:00.000Z,157,644,127,66.71
2023-03-09T00:00:00.000Z,127,579,115,61.58
2023-03-10T00:00:00.000Z,202,736,109,60.52
2023-03-11T00:00:00.000Z,156,516,71,62.08
2023-03-12T00:00:00.000Z,185,603,106,66.56
2023-03-13T00:00:00.000Z,145,519,127,70.23
2023-03-14T00:00:00.000Z,116,455,94,72.51
2023-03-15T00:00:00.000Z,170,686,277,67.09
2023-03-16T00:00:00.000Z,160,539,165,66.76
2023-03-17T00:00:00.000Z,153,522,123,72.1
2023-03-18T00:00:00.000Z,186,645,177,74.93
2023-03-19T00:00:00.000Z,118,487,151,73.56
2023-03-20T00:00:00.000Z,106,423,110,68.59
2023-03-21T00:00:00.000Z,84,376,90,70.18
2023-03-22T00:00:00.000Z,79,356,81,67.34
2023-03-23T00:00:00.000Z,121,409,89,68.64
2023-03-24T00:00:00.000Z,125,673,185,62.85
2023-03-25T00:00:00.000Z,154,815,165,60.3
2023-03-26T00:00:00.000Z,140,602,114,61.55
2023-03-27T00:00:00.000Z,167,681,152,55.93
2023-03-28T00:00:00.000Z,200,647,108,56.72
2023-03-29T00:00:00.000Z,161,551,119,59.9
2023-03-30T00:00:00.000Z,155,534,123,58.89
2023-03-31T00:00:00.000Z,104,445,79,59.99
2023-04-01T00:00:00.000Z,113,503,114,59.64
2023-04-02T00:00:00.000Z,94,442,99,58.68
2023-04-03T00:00:00.000Z,103,419,83,58.3
2023-04-04T00:00:00.000Z,93,366,58,59.55
2023-04-05T00:00:00.000Z,84,417,66,60.05
2023-04-06T00:00:00.000Z,86,385,69,60.04
2023-04-07T00:00:00.000Z,89,376,82,59.05
2023-04-08T00:00:00.000Z,74,334,65,58.96
2023-04-09T00:00:00.000Z,70,360,84,57.91
2023-04-10T00:00:00.000Z,98,401,92,59.08
2023-04-11T00:00:00.000Z,109,455,83,59.36
2023-04-12T00:00:00.000Z,84,373,96,59.63
2023-04-13T00:00:00.000Z,120,450,96,61.93
2023-04-14T00:00:00.000Z,102,423,91,63.06
2023-04-15T00:00:00.000Z,95,395,83,64.36
2023-04-16T00:00:00.000Z,84,364,84,64.88
2023-04-17T00:00:00.000Z,74,339,90,63.71
2023-04-18T00:00:00.000Z,68,321,68,63.36
2023-04-19T00:00:00.000Z,66,289,56,57
2023-04-20T00:00:00.000Z,65,311,74,56.21
2023-04-21T00:00:00.000Z,74,358,89,53.49
2023-04-22T00:00:00.000Z,58,277,47,53.91
2023-04-23T00:00:00.000Z,61,295,53,52.52
2023-04-24T00:00:00.000Z,80,347,56,51.46
2023-04-25T00:00:00.000Z,76,335,55,51.97
2023-04-26T00:00:00.000Z,64,304,61,52.22
2023-04-27T00:00:00.000Z,57,264,61,53.22
2023-04-28T00:00:00.000Z,49,314,59,52.37
2023-04-29T00:00:00.000Z,62,251,51,52.99
2023-04-30T00:00:00.000Z,55,300,71,53.05
2023-05-01T00:00:00.000Z,66,264,44,50.22
2023-05-02T00:00:00.000Z,59,222,38,50.71
2023-05-03T00:00:00.000Z,51,229,36,51.03
2023-05-04T00:00:00.000Z,56,276,49,49.74
2023-05-05T00:00:00.000Z,27,184,33,51.37
2023-05-06T00:00:00.000Z,46,211,35,48.93
2023-05-07T00:00:00.000Z,75,277,56,48.03
2023-05-08T00:00:00.000Z,58,310,75,46.48
2023-05-09T00:00:00.000Z,62,291,79,45.58
2023-05-10T00:00:00.000Z,46,270,50,45.72
2023-05-11T00:00:00.000Z,53,243,40,44.59
2023-05-12T00:00:00.000Z,53,296,57,44.95
2023-05-13T00:00:00.000Z,54,290,66,44.6
2023-05-14T00:00:00.000Z,63,338,57,45.04
2023-05-15T00:00:00.000Z,51,246,51,45.94
2023-05-16T00:00:00.000Z,44,237,45,45.56
2023-05-17T00:00:00.000Z,71,316,73,48.61
2023-05-18T00:00:00.000Z,67,308,81,46.84
2023-05-19T00:00:00.000Z,41,222,44,47.78
2023-05-20T00:00:00.000Z,42,242,55,47
2023-05-21T00:00:00.000Z,43,236,47,46.5
2023-05-22T00:00:00.000Z,46,222,35,46.95
2023-05-23T00:00:00.000Z,83,352,59,48.06
2023-05-24T00:00:00.000Z,61,282,55,47.34
2023-05-25T00:00:00.000Z,82,316,75,47.51
2023-05-26T00:00:00.000Z,61,264,49,47.53
2023-05-27T00:00:00.000Z,72,281,57,47.47
2023-05-28T00:00:00.000Z,65,290,66,49.48
2023-05-29T00:00:00.000Z,66,258,57,49.05
2023-05-30T00:00:00.000Z,63,411,62,49.71
2023-05-31T00:00:00.000Z,96,411,106,52.63
2023-06-01T00:00:00.000Z,124,477,105,55.01
2023-06-02T00:00:00.000Z,94,403,111,55.21
2023-06-03T00:00:00.000Z,66,316,79,53.24
2023-06-04T00:00:00.000Z,73,337,77,53.03
2023-06-05T00:00:00.000Z,141,462,77,50.52
2023-06-06T00:00:00.000Z,235,682,106,52.25
2023-06-07T00:00:00.000Z,322,695,102,48.63
2023-06-08T00:00:00.000Z,202,492,94,50.04
2023-06-09T00:00:00.000Z,169,503,129,49.28
2023-06-10T00:00:00.000Z,249,719,164,45.6
2023-06-11T00:00:00.000Z,172,1031,629,45.56
2023-06-12T00:00:00.000Z,160,464,99,44.8
2023-06-13T00:00:00.000Z,114,381,62,44.63
2023-06-14T00:00:00.000Z,105,450,72,44.74
2023-06-15T00:00:00.000Z,93,357,87,42.44
2023-06-16T00:00:00.000Z,103,325,51,44.98
2023-06-17T00:00:00.000Z,103,308,64,45.13
2023-06-18T00:00:00.000Z,90,337,73,45.37
2023-06-19T00:00:00.000Z,60,222,47,44.42
2023-06-20T00:00:00.000Z,91,351,117,44.71
2023-06-21T00:00:00.000Z,79,438,95,47.83
2023-06-22T00:00:00.000Z,64,318,73,46.52
2023-06-23T00:00:00.000Z,89,324,63,47.66
2023-06-24T00:00:00.000Z,101,419,144,46.8
2023-06-25T00:00:00.000Z,85,336,97,47.61
2023-06-26T00:00:00.000Z,63,283,62,46.22
2023-06-27T00:00:00.000Z,114,475,114,46.63
2023-06-28T00:00:00.000Z,77,294,72,43.87
2023-06-29T00:00:00.000Z,73,286,60,44.7
2023-06-30T00:00:00.000Z,75,289,66,45.84
2023-07-01T00:00:00.000Z,58,286,57,46.3
2023-07-02T00:00:00.000Z,95,420,84,46.11
2023-07-03T00:00:00.000Z,84,336,76,46.98
2023-07-04T00:00:00.000Z,74,394,65,45.68
2023-07-05T00:00:00.000Z,51,222,36,43.4
2023-07-06T00:00:00.000Z,81,302,67,41.55
2023-07-07T00:00:00.000Z,80,326,73,42.04
2023-07-08T00:00:00.000Z,75,352,60,39.41
2023-07-09T00:00:00.000Z,131,470,97,39.83
2023-07-10T00:00:00.000Z,85,350,63,40.68
2023-07-11T00:00:00.000Z,76,294,57,41.39
2023-07-12T00:00:00.000Z,64,360,43,40.99
2023-07-13T00:00:00.000Z,111,370,67,43.81
2023-07-14T00:00:00.000Z,104,386,67,42.71
2023-07-15T00:00:00.000Z,91,371,85,41.7
2023-07-16T00:00:00.000Z,108,335,66,41.06
2023-07-17T00:00:00.000Z,80,312,61,40.83
2023-07-18T00:00:00.000Z,91,388,68,40.68
2023-07-19T00:00:00.000Z,64,270,62,41.27
2023-07-20T00:00:00.000Z,73,286,54,41.69
2023-07-21T00:00:00.000Z,62,247,53,42.06
2023-07-22T00:00:00.000Z,71,248,58,41.52
2023-07-23T00:00:00.000Z,58,233,46,41.54
2023-07-24T00:00:00.000Z,64,287,50,39.77
2023-07-25T00:00:00.000Z,58,378,47,39.52
2023-07-26T00:00:00.000Z,54,252,42,39.58
2023-07-27T00:00:00.000Z,69,260,54,41.15
2023-07-28T00:00:00.000Z,61,272,70,42.52
2023-07-29T00:00:00.000Z,59,274,65,41.94
2023-07-30T00:00:00.000Z,60,278,67,41.5
2023-07-31T00:00:00.000Z,74,301,60,40.82
2023-08-01T00:00:00.000Z,77,323,60,40.33
2023-08-02T00:00:00.000Z,63,371,47,40.63
2023-08-03T00:00:00.000Z,115,352,87,43.19
2023-08-04T00:00:00.000Z,120,493,111,44.54
2023-08-05T00:00:00.000Z,109,450,118,45.99
2023-08-06T00:00:00.000Z,108,547,181,47.11
2023-08-07T00:00:00.000Z,83,315,64,45.63
2023-08-08T00:00:00.000Z,77,381,55,47.09
2023-08-09T00:00:00.000Z,74,294,52,46.61
2023-08-10T00:00:00.000Z,80,318,68,49.3
2023-08-11T00:00:00.000Z,143,529,146,53.64
2023-08-12T00:00:00.000Z,84,396,99,53.12
2023-08-13T00:00:00.000Z,66,281,67,51.51
2023-08-14T00:00:00.000Z,90,320,61,52.55
2023-08-15T00:00:00.000Z,63,300,72,48.99
2023-08-16T00:00:00.000Z,65,491,135,47.4
2023-08-17T00:00:00.000Z,392,704,392,45.28
2023-08-18T00:00:00.000Z,100,376,87,44.58
2023-08-19T00:00:00.000Z,62,325,65,45.2
2023-08-20T00:00:00.000Z,67,294,66,45.2
2023-08-21T00:00:00.000Z,58,262,59,44.56
2023-08-22T00:00:00.000Z,103,448,65,42.92
2023-08-23T00:00:00.000Z,108,345,73,44.2
2023-08-24T00:00:00.000Z,80,275,58,43.22
2023-08-25T00:00:00.000Z,63,241,49,42.35
2023-08-26T00:00:00.000Z,77,294,62,41.9
2023-08-27T00:00:00.000Z,75,251,43,42.5
2023-08-28T00:00:00.000Z,64,262,61,42.99
2023-08-29T00:00:00.000Z,77,313,81,44.73
2023-08-30T00:00:00.000Z,72,364,54,44.31
2023-08-31T00:00:00.000Z,77,310,64,42.66
2023-09-01T00:00:00.000Z,80,314,67,42.05
2023-09-02T00:00:00.000Z,54,264,51,41.77
2023-09-03T00:00:00.000Z,72,279,63,41.3
2023-09-04T00:00:00.000Z,82,418,143,41.09
2023-09-05T00:00:00.000Z,70,295,58,41.32
2023-09-06T00:00:00.000Z,74,377,68,40.81
2023-09-07T00:00:00.000Z,68,280,65,41.65
2023-09-08T00:00:00.000Z,54,268,57,41.29
2023-09-09T00:00:00.000Z,49,222,42,40.76
2023-09-10T00:00:00.000Z,56,258,48,40.05
2023-09-11T00:00:00.000Z,62,291,50,39.22
2023-09-12T00:00:00.000Z,77,288,47,39.94
2023-09-13T00:00:00.000Z,83,268,50,39.91
2023-09-14T00:00:00.000Z,80,276,67,40.28
2023-09-15T00:00:00.000Z,87,264,65,40.72
2023-09-16T00:00:00.000Z,71,296,68,41.54
2023-09-17T00:00:00.000Z,64,270,57,40.96
2023-09-18T00:00:00.000Z,61,272,69,40.65
2023-09-19T00:00:00.000Z,78,263,47,40.75
2023-09-20T00:00:00.000Z,60,298,89,40.7
2023-09-21T00:00:00.000Z,65,262,59,39.79
2023-09-22T00:00:00.000Z,62,260,49,39.66
2023-09-23T00:00:00.000Z,70,277,60,39.55
2023-09-24T00:00:00.000Z,78,280,58,39.04
2023-09-25T00:00:00.000Z,70,261,57,38.76
2023-09-26T00:00:00.000Z,53,235,40,38.86
2023-09-27T00:00:00.000Z,78,340,83,38.79
2023-09-28T00:00:00.000Z,85,294,65,40.02
2023-09-29T00:00:00.000Z,74,270,56,40.35
2023-09-30T00:00:00.000Z,79,300,78,39.92
2023-10-01T00:00:00.000Z,75,345,80,41.58
2023-10-02T00:00:00.000Z,65,244,60,40.29
2023-10-03T00:00:00.000Z,48,233,34,39.89
2023-10-04T00:00:00.000Z,59,304,61,39.4
2023-10-05T00:00:00.000Z,55,262,50,38.87
2023-10-06T00:00:00.000Z,55,263,57,39.66
2023-10-07T00:00:00.000Z,70,259,49,39.4
2023-10-08T00:00:00.000Z,50,235,47,39.16
2023-10-09T00:00:00.000Z,68,281,61,38.46
2023-10-10T00:00:00.000Z,119,451,147,40.12
2023-10-11T00:00:00.000Z,83,330,66,41.05
2023-10-12T00:00:00.000Z,69,329,85,39.27
2023-10-13T00:00:00.000Z,67,283,61,39.59
2023-10-14T00:00:00.000Z,56,248,53,39.77
2023-10-15T00:00:00.000Z,55,271,56,39.5
2023-10-16T00:00:00.000Z,55,264,52,40.2
2023-10-17T00:00:00.000Z,66,295,72,40.95
2023-10-18T00:00:00.000Z,76,303,67,39.26
2023-10-19T00:00:00.000Z,115,387,117,38.58
2023-10-20T00:00:00.000Z,78,407,160,39.55
2023-10-21T00:00:00.000Z,95,344,76,40.04
2023-10-22T00:00:00.000Z,80,359,69,40.78
2023-10-23T00:00:00.000Z,107,371,63,42.78
2023-10-24T00:00:00.000Z,126,618,125,46.93
2023-10-25T00:00:00.000Z,103,418,116,46.68
2023-10-26T00:00:00.000Z,114,413,85,49.48
2023-10-27T00:00:00.000Z,103,462,112,50.14
2023-10-28T00:00:00.000Z,68,344,93,49.16
2023-10-29T00:00:00.000Z,88,334,62,50.23
2023-10-30T00:00:00.000Z,59,318,54,49.12
2023-10-31T00:00:00.000Z,81,472,93,48.44
2023-11-01T00:00:00.000Z,67,356,88,49.8
2023-11-02T00:00:00.000Z,96,392,73,50.31
2023-11-03T00:00:00.000Z,109,511,123,57.25
2023-11-04T00:00:00.000Z,224,706,198,62.36
2023-11-05T00:00:00.000Z,374,1174,332,64.84
2023-11-06T00:00:00.000Z,219,741,224,66.37
2023-11-07T00:00:00.000Z,168,595,161,64.54
2023-11-08T00:00:00.000Z,383,1303,361,75.85
2023-11-09T00:00:00.000Z,545,1653,535,89.95
2023-11-10T00:00:00.000Z,429,1409,431,95.65
2023-11-11T00:00:00.000Z,341,1044,284,92.91
2023-11-12T00:00:00.000Z,280,839,206,89.85
2023-11-13T00:00:00.000Z,180,641,148,87.25
2023-11-14T00:00:00.000Z,170,588,131,84.91
2023-11-15T00:00:00.000Z,204,747,130,93.16
2023-11-16T00:00:00.000Z,189,639,160,84.62
2023-11-17T00:00:00.000Z,151,584,153,83.29
2023-11-18T00:00:00.000Z,180,553,107,87.21
2023-11-19T00:00:00.000Z,224,785,177,97.37
2023-11-20T00:00:00.000Z,350,1037,242,103.81
2023-11-21T00:00:00.000Z,355,1041,209,89.96
2023-11-22T00:00:00.000Z,348,1032,315,103.73
2023-11-23T00:00:00.000Z,214,661,154,98.8
2023-11-24T00:00:00.000Z,257,704,145,99.96
2023-11-25T00:00:00.000Z,319,885,168,108.04
2023-11-26T00:00:00.000Z,410,1091,203,116.97
2023-11-27T00:00:00.000Z,406,1125,260,114.13
2023-11-28T00:00:00.000Z,321,954,204,116.54
2023-11-29T00:00:00.000Z,265,901,176,109.07
2023-11-30T00:00:00.000Z,240,745,166,107.51
2023-12-01T00:00:00.000Z,230,726,172,108.13
2023-12-02T00:00:00.000Z,208,674,120,113.77
2023-12-03T00:00:00.000Z,235,850,301,109.18
2023-12-04T00:00:00.000Z,241,768,170,110.87
2023-12-05T00:00:00.000Z,240,739,166,110.33
2023-12-06T00:00:00.000Z,227,883,173,96.95
2023-12-07T00:00:00.000Z,262,843,180,102.8
2023-12-08T00:00:00.000Z,234,785,164,103.11
2023-12-09T00:00:00.000Z,371,1015,263,107.67
2023-12-10T00:00:00.000Z,286,871,208,107.51
2023-12-10T00:00:00.000Z,286,871,208,107.51
2023-12-11T00:00:00.000Z,260,794,201,99.05
2023-12-12T00:00:00.000Z,202,690,159,97.76
2023-12-13T00:00:00.000Z,199,830,210,99.32
2023-12-14T00:00:00.000Z,241,714,181,104.98
2023-12-15T00:00:00.000Z,165,562,142,93.6
2023-12-16T00:00:00.000Z,173,585,145,94.2