,Date,Volume USD,Price,Volume,Transc
2,2021-03-22T00:00:00.000Z,,,,
3,2021-03-23T00:00:00.000Z,,,,
4,2021-03-24T00:00:00.000Z,,,,
5,2021-03-25T00:00:00.000Z,,,,
6,2021-03-26T00:00:00.000Z,,,,
7,2021-03-27T00:00:00.000Z,,,,
8,2021-03-28T00:00:00.000Z,,,,
9,2021-03-29T00:00:00.000Z,,,,
10,2021-03-30T00:00:00.000Z,6208004.02,46.68,133004.48,25
11,2021-03-31T00:00:00.000Z,9771925.14,46.68,209360.34,45
12,2021-04-01T00:00:00.000Z,51618804.63,78.14,660607.61,157
13,2021-04-02T00:00:00.000Z,140201332.65,92.87,1509579.24,148
14,2021-04-03T00:00:00.000Z,714476.83,77.54,9214.42,4
15,2021-04-04T00:00:00.000Z,163558.41,81.78,2000,1
16,2021-04-05T00:00:00.000Z,1636607.15,100.43,16296.46,10
17,2021-04-06T00:00:00.000Z,961142.02,89.54,10733.72,5
18,2021-04-07T00:00:00.000Z,1543863.73,81.32,18985.65,7
19,2021-04-08T00:00:00.000Z,686631.89,87.99,7803.55,4
20,2021-04-09T00:00:00.000Z,871435.09,75.47,11546.63,4
21,2021-04-10T00:00:00.000Z,287960.35,88.79,3243.23,2
22,2021-04-11T00:00:00.000Z,575484.45,97.75,5887.15,4
23,2021-04-12T00:00:00.000Z,211802.3,87.15,2430.31,2
24,2021-04-13T00:00:00.000Z,121151.48,80.77,1500,1
25,2021-04-14T00:00:00.000Z,282240.62,80.41,3509.89,2
26,2021-04-15T00:00:00.000Z,112633.02,75.07,1500.3,1
27,2021-04-16T00:00:00.000Z,327406.32,71.63,4570.77,2
28,2021-04-17T00:00:00.000Z,341906.07,72.21,4734.74,2
29,2021-04-18T00:00:00.000Z,,69.38,,
30,2021-04-19T00:00:00.000Z,111754.38,63.08,1771.6,1
31,2021-04-20T00:00:00.000Z,965707.36,73.75,13094.94,6
32,2021-04-21T00:00:00.000Z,,69.07,,
33,2021-04-22T00:00:00.000Z,,70.01,,
34,2021-04-23T00:00:00.000Z,6405327.57,66.3,96615.57,6
35,2021-04-24T00:00:00.000Z,219485.74,64.52,3401.87,2
36,2021-04-25T00:00:00.000Z,103780.98,59.83,1734.63,1
37,2021-04-26T00:00:00.000Z,,67.25,,
38,2021-04-27T00:00:00.000Z,1227522.33,63.18,19428.76,3
39,2021-04-28T00:00:00.000Z,2153299.56,60.66,35497.8,13
40,2021-04-29T00:00:00.000Z,345845.11,62.2,5560.49,3
41,2021-04-30T00:00:00.000Z,104126.55,62.42,1668.29,1
42,2021-05-01T00:00:00.000Z,,69.85,,
43,2021-05-02T00:00:00.000Z,,65.55,,
44,2021-05-03T00:00:00.000Z,188949.25,63,2999,1
45,2021-05-04T00:00:00.000Z,696905.9,60.01,11612.44,2
46,2021-05-05T00:00:00.000Z,597577.25,65.54,9117.1,4
47,2021-05-06T00:00:00.000Z,,62.8,,
48,2021-05-07T00:00:00.000Z,,65.64,,
49,2021-05-08T00:00:00.000Z,,66.5,,
50,2021-05-09T00:00:00.000Z,,69.32,,
51,2021-05-10T00:00:00.000Z,,64.27,,
52,2021-05-11T00:00:00.000Z,105862.83,65.37,1619.46,1
53,2021-05-12T00:00:00.000Z,601938.85,65.59,9177.32,2
54,2021-05-13T00:00:00.000Z,728067.63,69.84,10424.48,4
55,2021-05-14T00:00:00.000Z,781157.25,85.74,9110.65,4
56,2021-05-15T00:00:00.000Z,740114.55,77.34,9569.26,4
57,2021-05-16T00:00:00.000Z,497736.63,77.98,6382.47,2
58,2021-05-17T00:00:00.000Z,673828.61,75.89,8879.11,4
59,2021-05-18T00:00:00.000Z,164650.44,80.95,2034.01,1
60,2021-05-19T00:00:00.000Z,1549976.69,62.92,24634.96,8
61,2021-05-20T00:00:00.000Z,260958.16,68.67,3800,2
62,2021-05-21T00:00:00.000Z,671929.85,59.87,11224.01,4
63,2021-05-22T00:00:00.000Z,,57.92,,
64,2021-05-23T00:00:00.000Z,101875.22,46.55,2188.65,1
65,2021-05-24T00:00:00.000Z,451196.89,61.64,7320.04,3
66,2021-05-25T00:00:00.000Z,7167191.42,58.76,121966.41,10
67,2021-05-26T00:00:00.000Z,,61.83,,
68,2021-05-27T00:00:00.000Z,4677064.82,59.77,78253.73,6
69,2021-05-28T00:00:00.000Z,1305723.48,54.43,23989.96,9
70,2021-05-29T00:00:00.000Z,542834.24,52.72,10295.85,3
71,2021-05-30T00:00:00.000Z,1466508.5,56.69,25868.01,7
72,2021-05-31T00:00:00.000Z,551579.09,63.02,8753.12,2
73,2021-06-01T00:00:00.000Z,,62.15,,
74,2021-06-02T00:00:00.000Z,298293.37,64.91,4595.42,1
75,2021-06-03T00:00:00.000Z,238513.22,66.4,3591.96,1
76,2021-06-04T00:00:00.000Z,,62.28,,
77,2021-06-05T00:00:00.000Z,263329.2,61.67,4269.86,2
78,2021-06-06T00:00:00.000Z,,63.02,,
79,2021-06-07T00:00:00.000Z,101379.58,61.01,1661.63,1
80,2021-06-08T00:00:00.000Z,587632.6,57.63,10197.41,3
81,2021-06-09T00:00:00.000Z,154863.97,60.41,2563.58,1
82,2021-06-10T00:00:00.000Z,425220.95,55.03,7726.72,2
83,2021-06-11T00:00:00.000Z,144248.15,48.08,3000,1
84,2021-06-12T00:00:00.000Z,,48.99,,
85,2021-06-13T00:00:00.000Z,,51.37,,
86,2021-06-14T00:00:00.000Z,496009.59,49.6,10000,4
87,2021-06-15T00:00:00.000Z,,52.46,,
88,2021-06-16T00:00:00.000Z,,48.38,,
89,2021-06-17T00:00:00.000Z,,49.07,,
90,2021-06-18T00:00:00.000Z,,43.13,,
91,2021-06-19T00:00:00.000Z,614266.04,39.88,15402.49,4
92,2021-06-20T00:00:00.000Z,137081.75,40.88,3353.08,1
93,2021-06-21T00:00:00.000Z,155513.66,31.1,5000,1
94,2021-06-22T00:00:00.000Z,,30.98,,
95,2021-06-23T00:00:00.000Z,,34.18,,
96,2021-06-24T00:00:00.000Z,,36.13,,
97,2021-06-25T00:00:00.000Z,,33.71,,
98,2021-06-26T00:00:00.000Z,,33,,
99,2021-06-27T00:00:00.000Z,273113.89,45.91,5949.03,2
100,2021-06-28T00:00:00.000Z,1818051.56,53.76,33815.27,6
101,2021-06-29T00:00:00.000Z,1080129.36,59.16,18258.38,6
102,2021-06-30T00:00:00.000Z,11683499.31,71.51,163379.36,23
103,2021-07-01T00:00:00.000Z,12110033.64,66.08,183272.13,48
104,2021-07-02T00:00:00.000Z,8444813.9,72.59,116341.95,29
105,2021-07-03T00:00:00.000Z,1501438.36,76.55,19613.92,11
106,2021-07-04T00:00:00.000Z,3578193.19,83.1,43059.64,12
107,2021-07-05T00:00:00.000Z,4470046.92,77.35,57788.89,21
108,2021-07-06T00:00:00.000Z,499841.4,80.14,6236.79,3
109,2021-07-07T00:00:00.000Z,1897743.32,78.18,24275.37,8
110,2021-07-08T00:00:00.000Z,685099.53,73.8,9283.06,2
111,2021-07-09T00:00:00.000Z,640003.54,77.3,8279.32,4
112,2021-07-10T00:00:00.000Z,13518274.99,95.7,141252.52,20
113,2021-07-11T00:00:00.000Z,1011800.18,100.19,10098.93,8
114,2021-07-12T00:00:00.000Z,18310154.9,112.64,162554.45,35
115,2021-07-13T00:00:00.000Z,5184990.71,105.25,49263.68,22
116,2021-07-14T00:00:00.000Z,3670993.31,112.06,32760.32,8
117,2021-07-15T00:00:00.000Z,9189119.33,108.3,84845.29,33
118,2021-07-16T00:00:00.000Z,5823572.78,96.87,60114.5,25
119,2021-07-17T00:00:00.000Z,5583948.43,102.85,54291.73,21
120,2021-07-18T00:00:00.000Z,1594180.72,96.57,16508.84,8
121,2021-07-19T00:00:00.000Z,3379373.65,89.15,37906.2,6
122,2021-07-20T00:00:00.000Z,807618.77,88.49,9126.85,7
123,2021-07-21T00:00:00.000Z,1805754.39,101.7,17756.2,2
124,2021-07-22T00:00:00.000Z,2332133.63,107.73,21648.49,8
125,2021-07-23T00:00:00.000Z,5852345.98,129.32,45253.77,30
126,2021-07-24T00:00:00.000Z,11060470.09,145.32,76111.47,32
127,2021-07-25T00:00:00.000Z,1791276.42,145.75,12290.43,7
128,2021-07-26T00:00:00.000Z,5525008.96,143.89,38397.25,18
129,2021-07-27T00:00:00.000Z,2607232.78,166.55,15654.06,11
130,2021-07-28T00:00:00.000Z,6097365.62,194.51,31347.12,35
131,2021-07-29T00:00:00.000Z,8584340.49,205.95,41681.81,39
132,2021-07-30T00:00:00.000Z,3671859.01,219.36,16739.12,15
133,2021-07-31T00:00:00.000Z,7058940.95,243.34,29008.28,18
134,2021-08-01T00:00:00.000Z,2041255.29,249.82,8171.06,12
135,2021-08-02T00:00:00.000Z,4353537.3,247.93,17559.77,18
136,2021-08-03T00:00:00.000Z,2137592.01,236.99,9019.69,9
137,2021-08-04T00:00:00.000Z,4585844.61,286.63,15999.08,16
138,2021-08-05T00:00:00.000Z,4094560.6,297.82,13748.43,23
139,2021-08-06T00:00:00.000Z,4516135.75,325.74,13864.34,11
140,2021-08-07T00:00:00.000Z,16653557.71,376.7,44209.37,40
141,2021-08-08T00:00:00.000Z,19610618.01,355.85,55109.66,44
142,2021-08-09T00:00:00.000Z,21021382.01,371.04,56654.85,34
143,2021-08-10T00:00:00.000Z,6699691.87,375.69,17832.79,28
144,2021-08-11T00:00:00.000Z,39919536.35,442.16,90282.21,80
145,2021-08-12T00:00:00.000Z,7135576.13,450.53,15838.31,28
146,2021-08-13T00:00:00.000Z,10461279.01,529.03,19774.36,32
147,2021-08-14T00:00:00.000Z,7365200.3,531.74,13851.01,32
148,2021-08-15T00:00:00.000Z,3401354.19,519.33,6549.45,21
149,2021-08-16T00:00:00.000Z,16848442.14,435.49,38688.72,58
150,2021-08-17T00:00:00.000Z,23358349.98,404.2,57789.05,92
151,2021-08-18T00:00:00.000Z,13050551.11,440.62,29618.8,53
152,2021-08-19T00:00:00.000Z,9094890.58,440.39,20652.06,27
153,2021-08-20T00:00:00.000Z,9458337.93,477.56,19805.67,24
154,2021-08-21T00:00:00.000Z,6529298.42,502.34,12997.84,32
155,2021-08-22T00:00:00.000Z,10018158.81,470.49,21293.21,28
156,2021-08-23T00:00:00.000Z,5026561.1,504.29,9967.64,22
157,2021-08-24T00:00:00.000Z,6055768.34,467.01,12967.1,23
158,2021-08-25T00:00:00.000Z,7751227.56,462.22,16769.7,27
159,2021-08-26T00:00:00.000Z,8257670.69,482.45,17115.94,32
160,2021-08-27T00:00:00.000Z,18957560.87,520.14,36447.38,41
161,2021-08-28T00:00:00.000Z,2254532.17,527.85,4271.16,13
162,2021-08-29T00:00:00.000Z,2598572.45,508.82,5107.01,11
163,2021-08-30T00:00:00.000Z,12742159.01,499.27,25521.63,32
164,2021-08-31T00:00:00.000Z,2344306.83,492.17,4763.19,14
165,2021-09-01T00:00:00.000Z,2339242,519.22,4505.33,14
166,2021-09-02T00:00:00.000Z,4963281.95,553.07,8974.07,15
167,2021-09-03T00:00:00.000Z,5718702.23,596.65,9584.62,28
168,2021-09-04T00:00:00.000Z,11258572.94,589.44,19100.37,22
169,2021-09-05T00:00:00.000Z,6126989.36,559.26,10955.46,13
170,2021-09-06T00:00:00.000Z,8369811.19,565.83,14792.19,18
171,2021-09-07T00:00:00.000Z,9990226.45,482.59,20701.2,39
172,2021-09-08T00:00:00.000Z,5580236.44,496.77,11233.1,12
173,2021-09-09T00:00:00.000Z,1567709.97,509.54,3076.71,11
174,2021-09-10T00:00:00.000Z,927840.16,470.73,1971.08,5
175,2021-09-11T00:00:00.000Z,1848472.39,472.67,3910.73,6
176,2021-09-12T00:00:00.000Z,591989.26,493.99,1198.39,4
177,2021-09-13T00:00:00.000Z,1895923.86,469.24,4040.45,10
178,2021-09-14T00:00:00.000Z,2823240.35,490.79,5752.48,13
179,2021-09-15T00:00:00.000Z,9095786.98,509.3,17859.54,22
180,2021-09-16T00:00:00.000Z,3954722.54,530.47,7455.19,11
181,2021-09-17T00:00:00.000Z,953072.11,517.53,1841.59,3
182,2021-09-18T00:00:00.000Z,1507972.25,513.26,2938.02,2
183,2021-09-19T00:00:00.000Z,3481261.92,500.43,6956.57,10
184,2021-09-20T00:00:00.000Z,3701228.99,453.17,8167.42,20
185,2021-09-21T00:00:00.000Z,5665333.84,436.73,12972.16,17
186,2021-09-22T00:00:00.000Z,113389356.49,550.21,206084.27,411
187,2021-09-23T00:00:00.000Z,52553118.86,578.37,90863.61,161
188,2021-09-24T00:00:00.000Z,14539487.1,503.84,28857.19,35
189,2021-09-25T00:00:00.000Z,11171038.78,506.39,22060.1,21
190,2021-09-26T00:00:00.000Z,6421887.11,527.21,12180.85,25
191,2021-09-27T00:00:00.000Z,6501677.59,511.2,12718.59,17
192,2021-09-28T00:00:00.000Z,11611162.63,484.88,23946.23,20
193,2021-09-29T00:00:00.000Z,9927268.92,467.47,21235.98,37
194,2021-09-30T00:00:00.000Z,8316350.01,500.92,16602.26,27
195,2021-10-01T00:00:00.000Z,2007149.33,541.45,3706.99,7
196,2021-10-02T00:00:00.000Z,6193158.18,581.51,10650.13,27
197,2021-10-03T00:00:00.000Z,6008398.41,584.05,10287.52,12
198,2021-10-04T00:00:00.000Z,9540628.7,572.6,16662.01,25
199,2021-10-05T00:00:00.000Z,7681408.9,595.49,12899.23,26
200,2021-10-06T00:00:00.000Z,31980453.37,673.16,47507.84,132
201,2021-10-07T00:00:00.000Z,11648259.14,674.97,17257.52,35
202,2021-10-08T00:00:00.000Z,2709937.4,671.41,4036.16,19
203,2021-10-09T00:00:00.000Z,8623587.64,686.5,12561.59,16
204,2021-10-10T00:00:00.000Z,8308488.06,660.09,12586.87,19
205,2021-10-11T00:00:00.000Z,12826307.07,644.98,19886.51,32
206,2021-10-12T00:00:00.000Z,4044082.5,621.16,6510.55,14
207,2021-10-13T00:00:00.000Z,8475833.35,630.74,13437.86,21
208,2021-10-14T00:00:00.000Z,14046859.87,695.17,20206.24,45
209,2021-10-15T00:00:00.000Z,2892959.44,713.53,4054.42,10
210,2021-10-16T00:00:00.000Z,4929592.06,736.52,6693.1,15
211,2021-10-17T00:00:00.000Z,4866476.88,721.85,6741.71,18
212,2021-10-18T00:00:00.000Z,7457251.37,714.48,10437.27,17
213,2021-10-19T00:00:00.000Z,3379263.31,728.79,4636.81,14
214,2021-10-20T00:00:00.000Z,11502436.33,789.78,14564.04,30
215,2021-10-21T00:00:00.000Z,6306804.2,779.96,8086.06,21
216,2021-10-22T00:00:00.000Z,4046477.74,781.83,5175.67,17
217,2021-10-23T00:00:00.000Z,6351130.69,805.94,7880.37,20
218,2021-10-24T00:00:00.000Z,7048358.62,786.58,8960.73,17
219,2021-10-25T00:00:00.000Z,3990994.82,850.59,4692.05,13
220,2021-10-26T00:00:00.000Z,8256475.24,866.17,9532.17,29
221,2021-10-27T00:00:00.000Z,7870832.22,827.19,9515.15,35
222,2021-10-28T00:00:00.000Z,5289707.91,905.36,5842.68,20
223,2021-10-29T00:00:00.000Z,8859612.76,959.77,9231.01,35
224,2021-10-30T00:00:00.000Z,29367209.46,1011.4,29036.29,78
225,2021-10-31T00:00:00.000Z,30725721.23,999.66,30736.21,86
226,2021-11-01T00:00:00.000Z,13153823.86,1021.83,12872.77,32
227,2021-11-02T00:00:00.000Z,36733539.88,1207.43,30422.86,71
228,2021-11-03T00:00:00.000Z,45873750.96,1212.71,37827.53,116
229,2021-11-04T00:00:00.000Z,20084811.78,1218.89,16477.9,35
230,2021-11-05T00:00:00.000Z,31785108.55,1318.3,24110.61,70
231,2021-11-06T00:00:00.000Z,21875010.14,1191.66,18356.77,41
232,2021-11-07T00:00:00.000Z,10108037.75,1225.05,8251.14,38
233,2021-11-08T00:00:00.000Z,10557490.77,1245.29,8477.94,25
234,2021-11-09T00:00:00.000Z,17785489.6,1235.8,14391.91,33
235,2021-11-10T00:00:00.000Z,9511520.61,1198.46,7936.46,29
236,2021-11-11T00:00:00.000Z,47387511.29,1161.63,40793.94,29
237,2021-11-12T00:00:00.000Z,13387908.28,1154.01,11601.23,48
238,2021-11-13T00:00:00.000Z,3908126.76,1159.93,3369.28,19
239,2021-11-14T00:00:00.000Z,6422873.46,1125.05,5708.95,22
240,2021-11-15T00:00:00.000Z,10496688.64,1135.79,9241.78,26
241,2021-11-16T00:00:00.000Z,11572131.14,1047.61,11046.18,36
242,2021-11-17T00:00:00.000Z,10398853.32,1043.33,9967,25
243,2021-11-18T00:00:00.000Z,6461869.48,991.93,6514.45,30
244,2021-11-19T00:00:00.000Z,24448471.56,1030.51,23724.61,45
245,2021-11-20T00:00:00.000Z,10930802.2,1005.44,10871.64,28
246,2021-11-21T00:00:00.000Z,19261094.77,1059.77,18174.73,54
247,2021-11-22T00:00:00.000Z,9637227.41,1062.89,9066.98,26
248,2021-11-23T00:00:00.000Z,21050433.71,1200.76,17530.91,70
249,2021-11-24T00:00:00.000Z,200111034.05,1453.88,137639.43,670
250,2021-11-25T00:00:00.000Z,153082197.35,1677.61,91250.36,407
251,2021-11-26T00:00:00.000Z,37399567.79,1477.59,25311.19,143
252,2021-11-27T00:00:00.000Z,14470791.79,1565.54,9243.33,53
253,2021-11-28T00:00:00.000Z,9664145.25,1477.13,6542.53,31
254,2021-11-29T00:00:00.000Z,31953626.61,1722.64,18549.25,86
255,2021-11-30T00:00:00.000Z,31972907.49,1849.95,17283.1,106
256,2021-12-01T00:00:00.000Z,39233504,1762.04,22265.96,87
257,2021-12-02T00:00:00.000Z,20294353.17,1599.83,12685.32,78
258,2021-12-03T00:00:00.000Z,41459044.56,1518.02,27311.31,92
259,2021-12-04T00:00:00.000Z,33679697.62,1342.28,25091.37,90
260,2021-12-05T00:00:00.000Z,34765144.01,1386.53,25073.5,86
261,2021-12-06T00:00:00.000Z,37039441.59,1326.72,27918.15,97
262,2021-12-07T00:00:00.000Z,17783545.76,1348.03,13192.25,53
263,2021-12-08T00:00:00.000Z,10059887.6,1356.22,7417.57,21
264,2021-12-09T00:00:00.000Z,8893459.72,1280.41,6945.81,34
265,2021-12-10T00:00:00.000Z,10520733.33,1211.41,8684.72,32
266,2021-12-11T00:00:00.000Z,4848163.5,1219.05,3977,24
267,2021-12-12T00:00:00.000Z,4311432.78,1274.89,3381.82,16
268,2021-12-13T00:00:00.000Z,15980137.05,1154.88,13837,36
269,2021-12-14T00:00:00.000Z,6346026.36,1080.14,5875.19,16
270,2021-12-15T00:00:00.000Z,4772441.45,1068.72,4465.58,17
271,2021-12-16T00:00:00.000Z,3631808.19,1181,3075.2,15
272,2021-12-17T00:00:00.000Z,9182964.17,1114.97,8236.06,25
273,2021-12-18T00:00:00.000Z,1533751.44,1138.23,1347.49,8
274,2021-12-19T00:00:00.000Z,9700230.46,1106.18,8769.16,28
275,2021-12-20T00:00:00.000Z,1395377.06,1069.73,1304.42,10
276,2021-12-21T00:00:00.000Z,5856729.57,1109.92,5276.72,15
277,2021-12-22T00:00:00.000Z,9337298.06,1139.56,8193.75,19
278,2021-12-23T00:00:00.000Z,7634331.22,1195.1,6388.03,27
279,2021-12-24T00:00:00.000Z,32903133.14,1208.73,27221.29,92
280,2021-12-25T00:00:00.000Z,5623405.63,1196.99,4697.94,16
281,2021-12-26T00:00:00.000Z,23894414.21,1155.9,20671.75,32
282,2021-12-27T00:00:00.000Z,62689199.49,1151.07,54461.87,25
283,2021-12-28T00:00:00.000Z,5130196.83,1057.18,4852.72,14
284,2021-12-29T00:00:00.000Z,12960468.83,1050.33,12339.41,25
285,2021-12-30T00:00:00.000Z,6525161.66,1012.89,6442.12,24
286,2021-12-31T00:00:00.000Z,8004599.94,1012.78,7903.63,30
287,2022-01-01T00:00:00.000Z,2857607.99,1029.92,2774.6,13
288,2022-01-02T00:00:00.000Z,1285230.46,1032.14,1245.21,4
289,2022-01-03T00:00:00.000Z,2576122.03,1016.87,2533.37,10
290,2022-01-04T00:00:00.000Z,20012420.51,1016.55,19686.64,53
291,2022-01-05T00:00:00.000Z,10948358.41,972.09,11262.67,28
292,2022-01-06T00:00:00.000Z,13827250.13,865.69,15972.58,36
293,2022-01-07T00:00:00.000Z,10025429.37,806.18,12435.67,15
294,2022-01-08T00:00:00.000Z,1307138.44,767.03,1704.16,9
295,2022-01-09T00:00:00.000Z,2894877.05,802.36,3607.95,15
296,2022-01-10T00:00:00.000Z,2257993.69,757.37,2981.38,10
297,2022-01-11T00:00:00.000Z,5693186.52,813.04,7002.39,19
298,2022-01-12T00:00:00.000Z,2346339.53,854.57,2745.64,12
299,2022-01-13T00:00:00.000Z,4977428.33,831.23,5987.99,12
300,2022-01-14T00:00:00.000Z,2073553.76,819.98,2528.79,7
301,2022-01-15T00:00:00.000Z,855409.57,847.26,1009.62,4
302,2022-01-16T00:00:00.000Z,4010606.48,861.52,4655.28,9
303,2022-01-17T00:00:00.000Z,5355162.71,800.26,6691.74,15
304,2022-01-18T00:00:00.000Z,2487376.82,770.32,3229,8
305,2022-01-19T00:00:00.000Z,1206192.42,773.93,1558.53,4
306,2022-01-20T00:00:00.000Z,2545222.28,784.81,3243.13,10
307,2022-01-21T00:00:00.000Z,2287927.04,669.77,3416,10
308,2022-01-22T00:00:00.000Z,2913237.96,563.86,5166.63,9
309,2022-01-23T00:00:00.000Z,589821.8,572.18,1030.83,4
310,2022-01-24T00:00:00.000Z,10606334.98,552.84,19185.04,16
311,2022-01-25T00:00:00.000Z,3220841.77,579.8,5555.13,13
312,2022-01-26T00:00:00.000Z,5134718.34,603,8515.35,15
313,2022-01-27T00:00:00.000Z,10668905.45,550.67,19374.3,19
314,2022-01-28T00:00:00.000Z,1280962.75,557.52,2297.59,5
315,2022-01-29T00:00:00.000Z,248645.84,580.99,427.97,2
316,2022-01-30T00:00:00.000Z,3660619.72,590.99,6194.03,17
317,2022-01-31T00:00:00.000Z,451896.11,603.59,748.68,3
318,2022-02-01T00:00:00.000Z,9315451.22,628.62,14818.97,9
319,2022-02-02T00:00:00.000Z,1268558.06,595.98,2128.52,5
320,2022-02-03T00:00:00.000Z,557066.07,574.62,969.45,4
321,2022-02-04T00:00:00.000Z,2019154.49,641.42,3147.95,8
322,2022-02-05T00:00:00.000Z,1995159.66,659.23,3026.52,6
323,2022-02-06T00:00:00.000Z,2950161.42,663.32,4447.56,15
324,2022-02-07T00:00:00.000Z,3681830.61,717.32,5132.77,20
325,2022-02-08T00:00:00.000Z,4217886.82,679.19,6210.13,14
326,2022-02-09T00:00:00.000Z,9219030.1,719.48,12813.41,14
327,2022-02-10T00:00:00.000Z,1517355.51,724.24,2095.09,11
328,2022-02-11T00:00:00.000Z,3531417.74,686.91,5141.04,7
329,2022-02-12T00:00:00.000Z,247659.14,650.41,380.77,2
330,2022-02-13T00:00:00.000Z,4018941.31,626.69,6413,11
331,2022-02-14T00:00:00.000Z,130098.34,628.42,207.02,1
332,2022-02-15T00:00:00.000Z,,672.03,,
333,2022-02-16T00:00:00.000Z,1177044.26,661.92,1778.24,7
334,2022-02-17T00:00:00.000Z,3790380.06,619.78,6115.64,17
335,2022-02-18T00:00:00.000Z,1017948.02,591.47,1721.04,3
336,2022-02-19T00:00:00.000Z,443653.68,577.12,768.74,1
337,2022-02-20T00:00:00.000Z,105564.75,550.42,191.79,1
338,2022-02-21T00:00:00.000Z,248494.88,550.02,451.79,2
339,2022-02-22T00:00:00.000Z,205835.19,536.82,383.44,2
340,2022-02-23T00:00:00.000Z,1520175.17,554.4,2742.04,3
341,2022-02-24T00:00:00.000Z,2217651.04,492.44,4503.36,8
342,2022-02-25T00:00:00.000Z,1274718.33,539.2,2364.11,2
343,2022-02-26T00:00:00.000Z,,561.17,,
344,2022-02-27T00:00:00.000Z,747985.65,560.71,1333.99,5
345,2022-02-28T00:00:00.000Z,2376199.7,565.09,4205,2
346,2022-03-01T00:00:00.000Z,,596.21,,
347,2022-03-02T00:00:00.000Z,609423.44,598.83,1017.69,5
348,2022-03-03T00:00:00.000Z,2025089.45,571.06,3546.22,9
349,2022-03-04T00:00:00.000Z,1332809.59,540.44,2466.15,4
350,2022-03-05T00:00:00.000Z,800312.79,538.14,1487.18,3
351,2022-03-06T00:00:00.000Z,36417196.45,523.38,69580.31,4
352,2022-03-07T00:00:00.000Z,807074.36,496.92,1624.16,4
353,2022-03-08T00:00:00.000Z,164170.66,509.35,322.31,1
354,2022-03-09T00:00:00.000Z,150198.61,532.75,281.93,1
355,2022-03-10T00:00:00.000Z,526962.79,507.66,1038.02,3
356,2022-03-11T00:00:00.000Z,329767.43,503.2,655.34,3
357,2022-03-12T00:00:00.000Z,275378.28,499.96,550.8,2
358,2022-03-13T00:00:00.000Z,190110.27,498.88,381.08,1
359,2022-03-14T00:00:00.000Z,3094469.31,487.33,6349.86,6
360,2022-03-15T00:00:00.000Z,882439.82,490.27,1799.89,2
361,2022-03-16T00:00:00.000Z,310036.56,505.78,612.98,2
362,2022-03-17T00:00:00.000Z,336570.96,540.91,622.23,2
363,2022-03-18T00:00:00.000Z,904781.38,567.69,1593.8,5
364,2022-03-19T00:00:00.000Z,692282.08,574.95,1204.08,5
365,2022-03-20T00:00:00.000Z,442720.07,548.43,807.25,4
366,2022-03-21T00:00:00.000Z,995262.54,565.3,1760.59,3
367,2022-03-22T00:00:00.000Z,,587.25,,
368,2022-03-23T00:00:00.000Z,5116946.55,570.92,8962.64,3
369,2022-03-24T00:00:00.000Z,9627625.71,601,16019.42,29
370,2022-03-25T00:00:00.000Z,13138096.53,580.7,22624.78,26
371,2022-03-26T00:00:00.000Z,1246580.15,586.68,2124.79,9
372,2022-03-27T00:00:00.000Z,2299221.45,594.82,3865.44,11
373,2022-03-28T00:00:00.000Z,6682116.89,642.39,10401.9,17
374,2022-03-29T00:00:00.000Z,6220252.34,650.94,9555.86,17
375,2022-03-30T00:00:00.000Z,8306811.36,650.1,12777.68,13
376,2022-03-31T00:00:00.000Z,4312186.87,616.38,6996.03,14
377,2022-04-01T00:00:00.000Z,4634197.87,653.9,7087.04,16
378,2022-04-02T00:00:00.000Z,976608.73,650.37,1501.63,5
379,2022-04-03T00:00:00.000Z,102443.35,653.12,156.85,1
380,2022-04-04T00:00:00.000Z,2118939.98,634.69,3338.53,8
381,2022-04-05T00:00:00.000Z,819590.69,648.86,1263.13,5
382,2022-04-06T00:00:00.000Z,5274004.25,591.4,8917.77,6
383,2022-04-07T00:00:00.000Z,1896084.55,593.99,3192.13,6
384,2022-04-08T00:00:00.000Z,,599.16,,
385,2022-04-09T00:00:00.000Z,744860.85,592.29,1257.59,1
386,2022-04-10T00:00:00.000Z,1524700.22,602.71,2529.74,3
387,2022-04-11T00:00:00.000Z,1361190.05,537.74,2531.3,5
388,2022-04-12T00:00:00.000Z,1701522.88,534.65,3182.5,9
389,2022-04-13T00:00:00.000Z,1465196.78,549.21,2667.83,6
390,2022-04-14T00:00:00.000Z,1452196.16,532.77,2725.73,5
391,2022-04-15T00:00:00.000Z,1666131.48,532.8,3127.14,4
392,2022-04-16T00:00:00.000Z,770983.71,528.24,1459.53,2
393,2022-04-17T00:00:00.000Z,,532.22,,
394,2022-04-18T00:00:00.000Z,1347106.16,522.22,2579.59,7
395,2022-04-19T00:00:00.000Z,840545.3,539.55,1557.88,3
396,2022-04-20T00:00:00.000Z,212098.05,530.25,400,2
397,2022-04-21T00:00:00.000Z,1497871.76,536.87,2790.02,4
398,2022-04-22T00:00:00.000Z,1832016.16,516.65,3545.98,6
399,2022-04-23T00:00:00.000Z,,519.81,,
400,2022-04-24T00:00:00.000Z,637061.19,509.65,1250,2
401,2022-04-25T00:00:00.000Z,766411.84,505.9,1514.96,5
402,2022-04-26T00:00:00.000Z,5108543.13,494.79,10324.71,11
403,2022-04-27T00:00:00.000Z,243381.58,481.5,505.46,2
404,2022-04-28T00:00:00.000Z,977907.91,495.21,1974.75,6
405,2022-04-29T00:00:00.000Z,1388825.11,470.89,2949.38,5
406,2022-04-30T00:00:00.000Z,559399.3,466.22,1199.87,2
407,2022-05-01T00:00:00.000Z,1117039.87,464.54,2404.62,5
408,2022-05-02T00:00:00.000Z,3766063.36,468.14,8044.73,3
409,2022-05-03T00:00:00.000Z,1312239.08,474.6,2764.95,4
410,2022-05-04T00:00:00.000Z,946349.79,483.21,1958.48,4
411,2022-05-05T00:00:00.000Z,2659814.72,458.76,5797.78,9
412,2022-05-06T00:00:00.000Z,2202360.86,444.73,4952.1,7
413,2022-05-07T00:00:00.000Z,535022.39,447.66,1195.15,1
414,2022-05-08T00:00:00.000Z,1014766.52,421.18,2409.35,4
415,2022-05-09T00:00:00.000Z,3041394.93,375.7,8095.31,14
416,2022-05-10T00:00:00.000Z,2848107.45,387.85,7343.37,8
417,2022-05-11T00:00:00.000Z,6179644.35,338.61,18250.21,15
418,2022-05-12T00:00:00.000Z,1644798.24,288.27,5705.78,7
419,2022-05-13T00:00:00.000Z,466229.35,306.54,1520.95,2
420,2022-05-14T00:00:00.000Z,1395380.59,304.48,4582.85,5
421,2022-05-15T00:00:00.000Z,,323.41,,
422,2022-05-16T00:00:00.000Z,1372733.65,303.64,4520.89,4
423,2022-05-17T00:00:00.000Z,318025.91,299.18,1063,2
424,2022-05-18T00:00:00.000Z,192723.75,289.93,664.72,1
425,2022-05-19T00:00:00.000Z,148029.65,298.91,495.23,1
426,2022-05-20T00:00:00.000Z,,286.47,,
427,2022-05-21T00:00:00.000Z,415023.01,294.78,1407.9,2
428,2022-05-22T00:00:00.000Z,141899.15,302.36,469.3,1
429,2022-05-23T00:00:00.000Z,120371.08,292.27,411.85,1
430,2022-05-24T00:00:00.000Z,,295.41,,
431,2022-05-25T00:00:00.000Z,,290.43,,
432,2022-05-26T00:00:00.000Z,821942.83,277.92,2957.51,4
433,2022-05-27T00:00:00.000Z,,255.55,,
434,2022-05-28T00:00:00.000Z,,268.76,,
435,2022-05-29T00:00:00.000Z,593865.53,270.81,2192.91,2
436,2022-05-30T00:00:00.000Z,4977440.57,315.05,15798.71,14
437,2022-05-31T00:00:00.000Z,950174.79,302.6,3140,3
438,2022-06-01T00:00:00.000Z,384865.81,286.24,1344.55,3
439,2022-06-02T00:00:00.000Z,4123761.04,277.26,14873.47,10
440,2022-06-03T00:00:00.000Z,636141.8,268.85,2366.14,2
441,2022-06-04T00:00:00.000Z,323432.29,275.3,1174.84,1
442,2022-06-05T00:00:00.000Z,,279.63,,
443,2022-06-06T00:00:00.000Z,773904.61,283.39,2730.88,4
444,2022-06-07T00:00:00.000Z,925914.66,274.77,3369.77,4
445,2022-06-08T00:00:00.000Z,590206.4,272.55,2165.49,3
446,2022-06-09T00:00:00.000Z,,268.33,,
447,2022-06-10T00:00:00.000Z,,252.68,,
448,2022-06-11T00:00:00.000Z,154317.82,232.73,663.07,1
449,2022-06-12T00:00:00.000Z,,215.43,,
450,2022-06-13T00:00:00.000Z,427399.28,184.89,2311.66,2
451,2022-06-14T00:00:00.000Z,405532.99,181.18,2238.26,2
452,2022-06-15T00:00:00.000Z,,157.75,,
453,2022-06-16T00:00:00.000Z,952407.54,157.42,6050.08,3
454,2022-06-17T00:00:00.000Z,112318.51,160.47,699.95,1
455,2022-06-18T00:00:00.000Z,154301.52,146.77,1051.29,1
456,2022-06-19T00:00:00.000Z,675620.15,166.58,4055.77,4
457,2022-06-20T00:00:00.000Z,675360.95,165.81,4073.22,3
458,2022-06-21T00:00:00.000Z,103014.38,165.73,621.6,1
459,2022-06-22T00:00:00.000Z,227021.9,155.71,1458,2
460,2022-06-23T00:00:00.000Z,,168.37,,
461,2022-06-24T00:00:00.000Z,105250.14,180.25,583.92,1
462,2022-06-25T00:00:00.000Z,632838.6,175.8,3599.7,2
463,2022-06-26T00:00:00.000Z,101467.15,179.49,565.31,1
464,2022-06-27T00:00:00.000Z,,173.36,,
465,2022-06-28T00:00:00.000Z,416280.42,170.68,2438.89,2
466,2022-06-29T00:00:00.000Z,624670881.3,161.18,3875508.67,1
467,2022-06-30T00:00:00.000Z,4274939.42,144.11,29663.44,20
468,2022-07-01T00:00:00.000Z,9349795.89,123.9,75462.36,25
469,2022-07-02T00:00:00.000Z,2242541.81,115.84,19359.04,6
470,2022-07-03T00:00:00.000Z,671543.78,110.15,6096.56,4
471,2022-07-04T00:00:00.000Z,156962.81,115.2,1362.51,1
472,2022-07-05T00:00:00.000Z,983347.38,110.66,8886.13,6
473,2022-07-06T00:00:00.000Z,505361.61,114.87,4399.53,4
474,2022-07-07T00:00:00.000Z,674900.73,119.68,5639.44,5
475,2022-07-08T00:00:00.000Z,216200.02,116.01,1863.58,2
476,2022-07-09T00:00:00.000Z,518427.03,116.48,4450.7,2
477,2022-07-10T00:00:00.000Z,2246318.12,109.74,20469.76,6
478,2022-07-11T00:00:00.000Z,1458597.04,106.07,13750.74,7
479,2022-07-12T00:00:00.000Z,2010171.42,95.02,21154.35,12
480,2022-07-13T00:00:00.000Z,555996.13,94.23,5900.35,3
481,2022-07-14T00:00:00.000Z,154217052.57,103.31,1492766.99,10
482,2022-07-15T00:00:00.000Z,255889.98,102.7,2491.71,2
483,2022-07-16T00:00:00.000Z,8577054.78,120.82,70988.55,38
484,2022-07-17T00:00:00.000Z,572863.91,111.24,5149.78,4
485,2022-07-18T00:00:00.000Z,4934674.76,121.21,40711.84,10
486,2022-07-19T00:00:00.000Z,2697182.5,130.44,20677.78,8
487,2022-07-20T00:00:00.000Z,4342741.71,129.57,33515.6,13
488,2022-07-21T00:00:00.000Z,3694078.74,125.26,29491.28,13
489,2022-07-22T00:00:00.000Z,2810452.98,120.84,23257.26,14
490,2022-07-23T00:00:00.000Z,523484.83,114.02,4591.06,3
491,2022-07-24T00:00:00.000Z,454183.12,118.2,3842.51,4
492,2022-07-25T00:00:00.000Z,113168.63,108.97,1038.49,1
493,2022-07-26T00:00:00.000Z,3981420.06,99.99,39818.21,12
494,2022-07-27T00:00:00.000Z,1777355.43,115.73,15357.57,4
495,2022-07-28T00:00:00.000Z,4702137.85,117.69,39952.24,17
496,2022-07-29T00:00:00.000Z,5455332.75,121.43,44925.93,12
497,2022-07-30T00:00:00.000Z,2138178.89,117.53,18192.94,9
498,2022-07-31T00:00:00.000Z,1692500.27,117.52,14401.3,5
499,2022-08-01T00:00:00.000Z,2498834.96,114.76,21773.62,13
500,2022-08-02T00:00:00.000Z,2109262.14,115.3,18293.76,9
501,2022-08-03T00:00:00.000Z,1655845.35,116.75,14183.37,5
502,2022-08-04T00:00:00.000Z,4017453.52,112,35871.43,12
503,2022-08-05T00:00:00.000Z,1052435.22,112.7,9338.67,4
504,2022-08-06T00:00:00.000Z,2395026.62,113.39,21121.14,6
505,2022-08-07T00:00:00.000Z,1781864.94,113.37,15717.49,2
506,2022-08-08T00:00:00.000Z,8684483.92,112.4,77265.66,28
507,2022-08-09T00:00:00.000Z,557300.31,104.97,5309.38,3
508,2022-08-10T00:00:00.000Z,835467.24,111.85,7469.29,4
509,2022-08-11T00:00:00.000Z,1697253.42,116.46,14573.18,8
510,2022-08-12T00:00:00.000Z,744524.43,117.19,6353.31,5
511,2022-08-13T00:00:00.000Z,2405694.25,118.76,20256.39,10
512,2022-08-14T00:00:00.000Z,478441.67,113.77,4205.5,2
513,2022-08-15T00:00:00.000Z,5263714.01,108.95,48312.28,23
514,2022-08-16T00:00:00.000Z,825913.12,106.94,7722.98,5
515,2022-08-17T00:00:00.000Z,2015668.19,104.57,19276.65,5
516,2022-08-18T00:00:00.000Z,186215.48,104.62,1779.95,1
517,2022-08-19T00:00:00.000Z,1511225.58,90.36,16724.12,7
518,2022-08-20T00:00:00.000Z,587337.21,92.26,6365.96,4
519,2022-08-21T00:00:00.000Z,,92.72,,
520,2022-08-22T00:00:00.000Z,1966089.92,90.44,21738.74,11
521,2022-08-23T00:00:00.000Z,2052387.57,91,22553,3
522,2022-08-24T00:00:00.000Z,360666.91,89.79,4016.82,2
523,2022-08-25T00:00:00.000Z,464318.56,91.69,5064.19,2
524,2022-08-26T00:00:00.000Z,1903123.98,83,22929.12,11
525,2022-08-27T00:00:00.000Z,145057.36,78.45,1849.1,1
526,2022-08-28T00:00:00.000Z,2006288.91,77.76,25800.32,6
527,2022-08-29T00:00:00.000Z,1100984.14,78.62,14004.25,6
528,2022-08-30T00:00:00.000Z,1275597.93,77.28,16505.63,3
529,2022-08-31T00:00:00.000Z,3172984.33,78.01,40673.09,7
530,2022-09-01T00:00:00.000Z,2831334.12,77.09,36728.87,9
531,2022-09-02T00:00:00.000Z,1590137.78,76.47,20795.03,8
532,2022-09-03T00:00:00.000Z,897245.01,75.13,11943,3
533,2022-09-04T00:00:00.000Z,373489.73,75.58,4941.42,3
534,2022-09-05T00:00:00.000Z,1353136.75,75.54,17912.24,8
535,2022-09-06T00:00:00.000Z,1088886.21,72.77,14964.08,2
536,2022-09-07T00:00:00.000Z,518280.88,71.91,7206.96,4
537,2022-09-08T00:00:00.000Z,325586.03,74.14,4391.41,2
538,2022-09-09T00:00:00.000Z,,78.38,,
539,2022-09-10T00:00:00.000Z,145613.37,78.3,1859.66,1
540,2022-09-11T00:00:00.000Z,1631552.79,78.6,20757.18,7
541,2022-09-12T00:00:00.000Z,728371.72,76.4,9533.15,2
542,2022-09-13T00:00:00.000Z,1199071.94,71.04,16878.45,8
543,2022-09-14T00:00:00.000Z,706437.1,69.78,10124.11,3
544,2022-09-15T00:00:00.000Z,5284290.9,67.94,77778.82,11
545,2022-09-16T00:00:00.000Z,1833845.77,64.08,28616.01,6
546,2022-09-17T00:00:00.000Z,2486622.24,64.12,38779.26,16
547,2022-09-18T00:00:00.000Z,745497.13,58.49,12745.33,7
548,2022-09-19T00:00:00.000Z,603361.25,56.08,10758.72,5
549,2022-09-20T00:00:00.000Z,684501.64,56.56,12102.95,4
550,2022-09-21T00:00:00.000Z,449065.54,56.91,7890.75,2
551,2022-09-22T00:00:00.000Z,3072264.38,54.94,55917.08,11
552,2022-09-23T00:00:00.000Z,103089.92,55.28,1865.02,1
553,2022-09-24T00:00:00.000Z,1587320.89,57.98,27377.93,6
554,2022-09-25T00:00:00.000Z,2063699.27,56.41,36581.34,7
555,2022-09-26T00:00:00.000Z,1138478.5,57.49,19804.5,4
556,2022-09-27T00:00:00.000Z,742823.27,57.16,12995.86,6
557,2022-09-28T00:00:00.000Z,519063.14,57.67,9000,1
558,2022-09-29T00:00:00.000Z,4297567.04,56.39,76215.74,8
559,2022-09-30T00:00:00.000Z,425407.73,57.6,7385.8,1
560,2022-10-01T00:00:00.000Z,256584.93,56.16,4568.55,1
561,2022-10-02T00:00:00.000Z,494989.65,55.76,8877.18,4
562,2022-10-03T00:00:00.000Z,,56.16,,
563,2022-10-04T00:00:00.000Z,876478.77,57.29,15300.29,3
564,2022-10-05T00:00:00.000Z,232711.32,56.15,4144.17,2
565,2022-10-06T00:00:00.000Z,,57.43,,
566,2022-10-07T00:00:00.000Z,,55.99,,
567,2022-10-08T00:00:00.000Z,,55.95,,
568,2022-10-09T00:00:00.000Z,3729254.06,54.87,67967.1,11
569,2022-10-10T00:00:00.000Z,473274.66,53.25,8888.12,3
570,2022-10-11T00:00:00.000Z,368259.31,52.32,7037.93,3
571,2022-10-12T00:00:00.000Z,4701536.44,55.39,84886.49,26
572,2022-10-13T00:00:00.000Z,2673969.96,56.27,47520.92,13
573,2022-10-14T00:00:00.000Z,6692592.1,54.81,122115.66,27
574,2022-10-15T00:00:00.000Z,3325857.13,53.46,62212.34,9
575,2022-10-16T00:00:00.000Z,693840.89,53.81,12893.27,6
576,2022-10-17T00:00:00.000Z,1214660.57,54.59,22252.02,9
577,2022-10-18T00:00:00.000Z,1158226.08,53.31,21727.35,6
578,2022-10-19T00:00:00.000Z,1577618.66,52.14,30258.04,7
579,2022-10-20T00:00:00.000Z,532469.91,51.43,10353.6,5
580,2022-10-21T00:00:00.000Z,493430.58,52.23,9446.77,4
581,2022-10-22T00:00:00.000Z,980927.24,52.94,18529.55,8
582,2022-10-23T00:00:00.000Z,3146174.71,57.25,54958.3,21
583,2022-10-24T00:00:00.000Z,3122914.31,54.97,56807.51,17
584,2022-10-25T00:00:00.000Z,2344143.58,58.93,39781.62,12
585,2022-10-26T00:00:00.000Z,15335498.4,74,207242.04,60
586,2022-10-27T00:00:00.000Z,19163876.3,67.77,282785.25,22
587,2022-10-28T00:00:00.000Z,2416758.1,67.13,36000.39,10
588,2022-10-29T00:00:00.000Z,2799052.43,68.74,40720.75,12
589,2022-10-30T00:00:00.000Z,1277700.18,66.37,19251.1,9
590,2022-10-31T00:00:00.000Z,932523.25,66.33,14059.48,5
591,2022-11-01T00:00:00.000Z,6726244.5,62.43,107745.11,21
592,2022-11-02T00:00:00.000Z,2763798.66,61.64,44836.53,9
593,2022-11-03T00:00:00.000Z,243951.14,59.54,4097,1
594,2022-11-04T00:00:00.000Z,761312.52,65.68,11591.43,4
595,2022-11-05T00:00:00.000Z,,64.76,,
596,2022-11-06T00:00:00.000Z,3393049.54,63.12,53757.99,9
597,2022-11-07T00:00:00.000Z,5714981.47,59.82,95529.79,25
598,2022-11-08T00:00:00.000Z,3739416.63,51.7,72322.22,13
599,2022-11-09T00:00:00.000Z,2481933.31,41.84,59318.85,9
600,2022-11-10T00:00:00.000Z,3240338.49,49.8,65071.76,13
601,2022-11-11T00:00:00.000Z,2691768.1,47.7,56426.84,7
602,2022-11-12T00:00:00.000Z,1413773.42,45.6,31004.93,8
603,2022-11-13T00:00:00.000Z,515411.3,44.16,11671.92,2
604,2022-11-14T00:00:00.000Z,528379.14,44.69,11822.85,2
605,2022-11-15T00:00:00.000Z,180901.52,45.01,4018.84,1
606,2022-11-16T00:00:00.000Z,745950.21,43.29,17233.26,5
607,2022-11-17T00:00:00.000Z,537114.36,43.48,12352.08,4
608,2022-11-18T00:00:00.000Z,390295.49,43.38,8997.55,3
609,2022-11-19T00:00:00.000Z,1769600.39,43.01,41148.31,5
610,2022-11-20T00:00:00.000Z,,40.7,,
611,2022-11-21T00:00:00.000Z,1437677.44,39.02,36841.6,7
612,2022-11-22T00:00:00.000Z,981341.2,39.18,25049.16,5
613,2022-11-23T00:00:00.000Z,905262.4,40.41,22399.85,2
614,2022-11-24T00:00:00.000Z,523405.11,41.73,12542.86,1
615,2022-11-25T00:00:00.000Z,4756575.62,39.07,121745.79,8
616,2022-11-26T00:00:00.000Z,684350.82,39.43,17353.93,3
617,2022-11-27T00:00:00.000Z,120794.48,40.26,3000,1
618,2022-11-28T00:00:00.000Z,1113389.66,38.46,28950.59,4
619,2022-11-29T00:00:00.000Z,196021.88,39.19,5002.45,1
620,2022-11-30T00:00:00.000Z,,41.16,,
621,2022-12-01T00:00:00.000Z,281053.04,41.68,6743.49,1
622,2022-12-02T00:00:00.000Z,431178.39,42.08,10247.3,4
623,2022-12-03T00:00:00.000Z,501820.84,42.82,11720.17,2
624,2022-12-04T00:00:00.000Z,4763715.87,44.45,107165.95,19
625,2022-12-05T00:00:00.000Z,7779769.67,45.1,172483.54,14
626,2022-12-06T00:00:00.000Z,963616.02,44.36,21721.33,4
627,2022-12-07T00:00:00.000Z,486293.11,43.36,11215.71,2
628,2022-12-08T00:00:00.000Z,4192533.95,43.18,97104.25,13
629,2022-12-09T00:00:00.000Z,1678037.44,47.47,35350.37,8
630,2022-12-10T00:00:00.000Z,412063.67,46.93,8780.23,3
631,2022-12-11T00:00:00.000Z,2631275.95,49.09,53601.77,12
632,2022-12-12T00:00:00.000Z,5068232.06,46.58,108809.26,11
633,2022-12-13T00:00:00.000Z,2950422.15,47.75,61792.45,10
634,2022-12-14T00:00:00.000Z,2724660.11,48.85,55774.69,8
635,2022-12-15T00:00:00.000Z,829136.25,44.41,18669.48,6
636,2022-12-16T00:00:00.000Z,329310.64,41.34,7966.24,1
637,2022-12-17T00:00:00.000Z,1235349.69,40.83,30258.18,8
638,2022-12-18T00:00:00.000Z,486397.57,41.01,11861.22,3
639,2022-12-19T00:00:00.000Z,2434786.89,40.51,60104.88,13
640,2022-12-20T00:00:00.000Z,,40.89,,
641,2022-12-21T00:00:00.000Z,441841.43,40.85,10816.36,4
642,2022-12-22T00:00:00.000Z,,39.41,,
643,2022-12-23T00:00:00.000Z,225502.77,40.24,5603.68,2
644,2022-12-24T00:00:00.000Z,609995.89,40.26,15149.72,4
645,2022-12-25T00:00:00.000Z,,39.63,,
646,2022-12-26T00:00:00.000Z,,40.04,,
647,2022-12-27T00:00:00.000Z,934798.11,39.63,23587,4
648,2022-12-28T00:00:00.000Z,,39.4,,
649,2022-12-29T00:00:00.000Z,262720.43,39.37,6672.68,1
650,2022-12-30T00:00:00.000Z,,38.57,,
651,2022-12-31T00:00:00.000Z,129803.69,38.75,3350,1
652,2023-01-01T00:00:00.000Z,,38.45,,
653,2023-01-02T00:00:00.000Z,,39.29,,
654,2023-01-03T00:00:00.000Z,348714.08,38.34,9095.89,2
655,2023-01-04T00:00:00.000Z,448212.42,39.89,11237.52,3
656,2023-01-05T00:00:00.000Z,2135816,39.35,54271.08,6
657,2023-01-06T00:00:00.000Z,2421430.81,39.07,61977.19,6
658,2023-01-07T00:00:00.000Z,847905.26,39.55,21437,1
659,2023-01-08T00:00:00.000Z,,39.56,,
660,2023-01-09T00:00:00.000Z,6458514.04,44.09,146479.88,3
661,2023-01-10T00:00:00.000Z,800931.13,42.7,18755.73,4
662,2023-01-11T00:00:00.000Z,2257790.03,46.87,48175.96,12
663,2023-01-12T00:00:00.000Z,4069819.17,51.13,79591.44,14
664,2023-01-13T00:00:00.000Z,770041.07,51.91,14833.42,3
665,2023-01-14T00:00:00.000Z,1793589.75,53.9,33277.63,9
666,2023-01-15T00:00:00.000Z,853356.7,52.79,16163.8,4
667,2023-01-16T00:00:00.000Z,812562.44,52.45,15493.03,5
668,2023-01-17T00:00:00.000Z,130615.88,54.18,2410.58,1
669,2023-01-18T00:00:00.000Z,226898.62,52.07,4357.58,2
670,2023-01-19T00:00:00.000Z,275944.82,50.44,5471.15,1
671,2023-01-20T00:00:00.000Z,839453.29,53.32,15742.7,5
672,2023-01-21T00:00:00.000Z,1410819.27,56.69,24885.77,5
673,2023-01-22T00:00:00.000Z,,57.67,,
674,2023-01-23T00:00:00.000Z,1829024.77,61.6,29692.09,8
675,2023-01-24T00:00:00.000Z,2163795.19,63.5,34077.35,8
676,2023-01-25T00:00:00.000Z,954260.88,59.53,16029.81,4
677,2023-01-26T00:00:00.000Z,1065156.81,60.91,17486.13,3
678,2023-01-27T00:00:00.000Z,1047317.86,62.53,16749.24,4
679,2023-01-28T00:00:00.000Z,,62.28,,
680,2023-01-29T00:00:00.000Z,4526527.7,67.83,66732.39,6
681,2023-01-30T00:00:00.000Z,3829371.15,67.39,56826.45,12
682,2023-01-31T00:00:00.000Z,2982972.2,68.07,43820.1,15
683,2023-02-01T00:00:00.000Z,3489546.63,73.51,47469.14,16
684,2023-02-02T00:00:00.000Z,6948497.43,84.57,82159.15,34
685,2023-02-03T00:00:00.000Z,33090967.86,94.98,348387.79,83
686,2023-02-04T00:00:00.000Z,6033702.99,94.56,63805.9,22
687,2023-02-05T00:00:00.000Z,5788471.93,86.76,66714.56,15
688,2023-02-06T00:00:00.000Z,7087420.33,87.66,80849.86,16
689,2023-02-07T00:00:00.000Z,5262659.02,91.99,57208.94,22
690,2023-02-08T00:00:00.000Z,4790306.48,88.85,53916.1,18
691,2023-02-09T00:00:00.000Z,3401210.8,74.18,45849.7,8
692,2023-02-10T00:00:00.000Z,5105153.67,72.99,69941.26,11
693,2023-02-11T00:00:00.000Z,1752466.65,75.87,23097.7,8
694,2023-02-12T00:00:00.000Z,8754188.19,74.28,117849.1,10
695,2023-02-13T00:00:00.000Z,1240555.26,70.79,17523.8,7
696,2023-02-14T00:00:00.000Z,591610.2,76.96,7686.78,2
697,2023-02-15T00:00:00.000Z,2024994,84.13,24070.42,4
698,2023-02-16T00:00:00.000Z,2708006.87,88.16,30717.17,12
699,2023-02-17T00:00:00.000Z,2419041.98,85.93,28149.87,12
700,2023-02-18T00:00:00.000Z,3217787.83,86.78,37079.63,9
701,2023-02-19T00:00:00.000Z,1849021.08,84.13,21978.22,10
702,2023-02-20T00:00:00.000Z,3615294.38,82.95,43584.43,8
703,2023-02-21T00:00:00.000Z,3217031.79,80.08,40170.5,5
704,2023-02-22T00:00:00.000Z,1642690.39,75.12,21868.62,8
705,2023-02-23T00:00:00.000Z,1193970.15,76.93,15519.44,5
706,2023-02-24T00:00:00.000Z,1839649.22,73.59,24999.85,5
707,2023-02-25T00:00:00.000Z,1150854.89,71.98,15988.47,7
708,2023-02-26T00:00:00.000Z,460369.02,75.58,6091.53,3
709,2023-02-27T00:00:00.000Z,2104004.83,73.32,28697.27,9
710,2023-02-28T00:00:00.000Z,4972333.99,76.01,65419.98,17
711,2023-03-01T00:00:00.000Z,10510607.64,83.56,125784.45,42
712,2023-03-02T00:00:00.000Z,4127119.25,81.44,50679.25,17
713,2023-03-03T00:00:00.000Z,4976644.2,80.37,61921.02,17
714,2023-03-04T00:00:00.000Z,437988.66,77.48,5652.67,2
715,2023-03-05T00:00:00.000Z,1231998.66,77.05,15989.9,8
716,2023-03-06T00:00:00.000Z,4133604.61,80.32,51461.34,16
717,2023-03-07T00:00:00.000Z,6253850.89,75.63,82686.76,25
718,2023-03-08T00:00:00.000Z,5220077.8,66.71,78253.57,22
719,2023-03-09T00:00:00.000Z,1395351.39,61.58,22658.29,7
720,2023-03-10T00:00:00.000Z,2215853.14,60.52,36613.09,8
721,2023-03-11T00:00:00.000Z,1556473.5,62.08,25072.14,6
722,2023-03-12T00:00:00.000Z,1323803.65,66.56,19888.91,5
723,2023-03-13T00:00:00.000Z,1846651.6,70.23,26295.58,9
724,2023-03-14T00:00:00.000Z,2356388.52,72.51,32495.79,8
725,2023-03-15T00:00:00.000Z,1140079.79,67.09,16994.29,4
726,2023-03-16T00:00:00.000Z,4024851.97,66.76,60287.28,7
727,2023-03-17T00:00:00.000Z,3283568.61,72.1,45540.94,7
728,2023-03-18T00:00:00.000Z,3484843.68,74.93,46509.48,16
729,2023-03-19T00:00:00.000Z,2867469.65,73.56,38982.53,10
730,2023-03-20T00:00:00.000Z,1901399.42,68.59,27719.57,8
731,2023-03-21T00:00:00.000Z,1882241.01,70.18,26819,6
732,2023-03-22T00:00:00.000Z,747544.86,67.34,11100.97,4
733,2023-03-23T00:00:00.000Z,3086916.46,68.64,44975,6
734,2023-03-24T00:00:00.000Z,2068077.38,62.85,32907.48,10
735,2023-03-25T00:00:00.000Z,4910595.12,60.3,81437.34,12
736,2023-03-26T00:00:00.000Z,464375.35,61.55,7545.18,3
737,2023-03-27T00:00:00.000Z,6209197.52,55.93,111023.97,14
738,2023-03-28T00:00:00.000Z,1819728.87,56.72,32082.83,8
739,2023-03-29T00:00:00.000Z,1110400.11,59.9,18536.33,5
740,2023-03-30T00:00:00.000Z,1129895.71,58.89,19185.8,6
741,2023-03-31T00:00:00.000Z,716019.04,59.99,11935.91,3
742,2023-04-01T00:00:00.000Z,1509816.19,59.64,25315.61,2
743,2023-04-02T00:00:00.000Z,762083.39,58.68,12987.34,2
744,2023-04-03T00:00:00.000Z,157409.32,58.3,2699.92,1
745,2023-04-04T00:00:00.000Z,511526.24,59.55,8589.93,2
746,2023-04-05T00:00:00.000Z,854364.78,60.05,14228.08,3
747,2023-04-06T00:00:00.000Z,118369.43,60.04,1971.36,1
748,2023-04-07T00:00:00.000Z,1811916.26,59.05,30682.28,4
749,2023-04-08T00:00:00.000Z,456094.6,58.96,7735.39,4
750,2023-04-09T00:00:00.000Z,232026.99,57.91,4006.86,2
751,2023-04-10T00:00:00.000Z,920117.67,59.08,15575.21,6
752,2023-04-11T00:00:00.000Z,6634356.8,59.36,111773.03,14
753,2023-04-12T00:00:00.000Z,476480.73,59.63,7990.99,2
754,2023-04-13T00:00:00.000Z,889149.43,61.93,14357.92,5
755,2023-04-14T00:00:00.000Z,1677577.24,63.06,26603.78,8
756,2023-04-15T00:00:00.000Z,,64.36,,
757,2023-04-16T00:00:00.000Z,1552514.81,64.88,23928.93,5
758,2023-04-17T00:00:00.000Z,1380973.19,63.71,21676.98,4
759,2023-04-18T00:00:00.000Z,,63.36,,
760,2023-04-19T00:00:00.000Z,815115.27,57,14299.36,4
761,2023-04-20T00:00:00.000Z,462037.7,56.21,8219.55,4
762,2023-04-21T00:00:00.000Z,1180053.23,53.49,22063.21,4
763,2023-04-22T00:00:00.000Z,935139.94,53.91,17347.62,4
764,2023-04-23T00:00:00.000Z,1036972.54,52.52,19745,6
765,2023-04-24T00:00:00.000Z,623866.06,51.46,12122.64,3
766,2023-04-25T00:00:00.000Z,308227.07,51.97,5930.85,2
767,2023-04-26T00:00:00.000Z,1059131.93,52.22,20283.7,4
768,2023-04-27T00:00:00.000Z,708736.76,53.22,13318.1,4
769,2023-04-28T00:00:00.000Z,2767283.35,52.37,52843.72,8
770,2023-04-29T00:00:00.000Z,172229.56,52.99,3250,1
771,2023-04-30T00:00:00.000Z,,53.05,,
772,2023-05-01T00:00:00.000Z,436233.72,50.22,8686.17,2
773,2023-05-02T00:00:00.000Z,300172.02,50.71,5919.08,3
774,2023-05-03T00:00:00.000Z,1241952.39,51.03,24336.89,4
775,2023-05-04T00:00:00.000Z,1543605.57,49.74,31034.73,4
776,2023-05-05T00:00:00.000Z,3767985.08,51.37,73343.24,6
777,2023-05-06T00:00:00.000Z,370832.62,48.93,7578.32,2
778,2023-05-07T00:00:00.000Z,,48.03,,
779,2023-05-08T00:00:00.000Z,712382.22,46.48,15326.9,4
780,2023-05-09T00:00:00.000Z,370581.73,45.58,8130.03,3
781,2023-05-10T00:00:00.000Z,168170.98,45.72,3678.67,1
782,2023-05-11T00:00:00.000Z,820628.86,44.59,18403.73,4
783,2023-05-12T00:00:00.000Z,237088.66,44.95,5274.75,2
784,2023-05-13T00:00:00.000Z,,44.6,,
785,2023-05-14T00:00:00.000Z,1022074.15,45.04,22692.92,2
786,2023-05-15T00:00:00.000Z,237287.74,45.94,5165.41,2
787,2023-05-16T00:00:00.000Z,,45.56,,
788,2023-05-17T00:00:00.000Z,1443497.26,48.61,29694.44,7
789,2023-05-18T00:00:00.000Z,111330.69,46.84,2376.84,1
790,2023-05-19T00:00:00.000Z,384563.66,47.78,8048.77,2
791,2023-05-20T00:00:00.000Z,1419947.19,47,30213.66,6
792,2023-05-21T00:00:00.000Z,,46.5,,
793,2023-05-22T00:00:00.000Z,108709.23,46.95,2315.28,1
794,2023-05-23T00:00:00.000Z,44162470.65,48.06,918918.92,6
795,2023-05-24T00:00:00.000Z,43190860.75,47.34,912410.78,7
796,2023-05-25T00:00:00.000Z,85789843.51,47.51,1805564.16,53
797,2023-05-26T00:00:00.000Z,765674.32,47.53,16110.97,3
798,2023-05-27T00:00:00.000Z,1007940.29,47.47,21232.77,2
799,2023-05-28T00:00:00.000Z,,49.48,,
800,2023-05-29T00:00:00.000Z,237482.64,49.05,4841.69,2
801,2023-05-30T00:00:00.000Z,3215339.35,49.71,64687.17,5
802,2023-05-31T00:00:00.000Z,3407574.92,52.63,64745.65,8
803,2023-06-01T00:00:00.000Z,2457070.69,55.01,44665.03,13
804,2023-06-02T00:00:00.000Z,1579575.49,55.21,28612.59,7
805,2023-06-03T00:00:00.000Z,275049.32,53.24,5166.38,2
806,2023-06-04T00:00:00.000Z,383015.55,53.03,7222.5,3
807,2023-06-05T00:00:00.000Z,3380425.42,50.52,66915.3,20
808,2023-06-06T00:00:00.000Z,3616065.89,52.25,69210.1,15
809,2023-06-07T00:00:00.000Z,3476747.5,48.63,71495.7,10
810,2023-06-08T00:00:00.000Z,5038088.74,50.04,100683.14,10
811,2023-06-09T00:00:00.000Z,709831.42,49.28,14404.02,4
812,2023-06-10T00:00:00.000Z,116604.85,45.6,2557.4,1
813,2023-06-11T00:00:00.000Z,1222108.56,45.56,26822.03,3
814,2023-06-12T00:00:00.000Z,1145929.3,44.8,25580.13,4
815,2023-06-13T00:00:00.000Z,106725.26,44.63,2391.33,1
816,2023-06-14T00:00:00.000Z,1322074.98,44.74,29548.79,6
817,2023-06-15T00:00:00.000Z,,42.44,,
818,2023-06-16T00:00:00.000Z,2374741.04,44.98,52795.64,9
819,2023-06-17T00:00:00.000Z,,45.13,,
820,2023-06-18T00:00:00.000Z,548796.16,45.37,12095.85,2
821,2023-06-19T00:00:00.000Z,558001.16,44.42,12563.01,3
822,2023-06-20T00:00:00.000Z,1533769.9,44.71,34301.77,1
823,2023-06-21T00:00:00.000Z,235151.71,47.83,4916.35,2
824,2023-06-22T00:00:00.000Z,2636996.24,46.52,56684.23,6
825,2023-06-23T00:00:00.000Z,999836.63,47.66,20978.75,5
826,2023-06-24T00:00:00.000Z,489399.81,46.8,10458.02,4
827,2023-06-25T00:00:00.000Z,629181.99,47.61,13214.84,4
828,2023-06-26T00:00:00.000Z,445671.97,46.22,9642.37,1
829,2023-06-27T00:00:00.000Z,,46.63,,
830,2023-06-28T00:00:00.000Z,11075441.44,43.87,252448.65,2
831,2023-06-29T00:00:00.000Z,178804.37,44.7,4000,1
832,2023-06-30T00:00:00.000Z,1371527.92,45.84,29918.41,2
833,2023-07-01T00:00:00.000Z,957540.57,46.3,20680.34,5
834,2023-07-02T00:00:00.000Z,557899.58,46.11,12100.43,2
835,2023-07-03T00:00:00.000Z,4584607.12,46.98,97581.51,3
836,2023-07-04T00:00:00.000Z,10878089.02,45.68,238127.37,19
837,2023-07-05T00:00:00.000Z,237991.08,43.4,5483.21,1
838,2023-07-06T00:00:00.000Z,3886371.89,41.55,93542.49,6
839,2023-07-07T00:00:00.000Z,2778662.1,42.04,66096.66,4
840,2023-07-08T00:00:00.000Z,2342816.15,39.41,59448.93,5
841,2023-07-09T00:00:00.000Z,2440112.3,39.83,61260.33,5
842,2023-07-10T00:00:00.000Z,3762583.3,40.68,92486.02,7
843,2023-07-11T00:00:00.000Z,1099845.96,41.39,26572.46,7
844,2023-07-12T00:00:00.000Z,481572.91,40.99,11749.72,2
845,2023-07-13T00:00:00.000Z,150154.02,43.81,3427.48,1
846,2023-07-14T00:00:00.000Z,4241229.14,42.71,99296.45,26
847,2023-07-15T00:00:00.000Z,783614.05,41.7,18790.73,5
848,2023-07-16T00:00:00.000Z,526388.81,41.06,12819.28,4
849,2023-07-17T00:00:00.000Z,540706.41,40.83,13241.66,3
850,2023-07-18T00:00:00.000Z,156430.96,40.68,3845.16,1
851,2023-07-19T00:00:00.000Z,1080658.91,41.27,26182.05,5
852,2023-07-20T00:00:00.000Z,2305585.3,41.69,55298.62,10
853,2023-07-21T00:00:00.000Z,1194986.53,42.06,28409.86,4
854,2023-07-22T00:00:00.000Z,,41.52,,
855,2023-07-23T00:00:00.000Z,131212.65,41.54,3158.35,1
856,2023-07-24T00:00:00.000Z,1169441.44,39.77,29407.48,6
857,2023-07-25T00:00:00.000Z,129386.01,39.52,3273.86,1
858,2023-07-26T00:00:00.000Z,,39.58,,
859,2023-07-27T00:00:00.000Z,3218405.41,41.15,78220.46,4
860,2023-07-28T00:00:00.000Z,1989243.79,42.52,46779.16,7
861,2023-07-29T00:00:00.000Z,378359.72,41.94,9022.35,3
862,2023-07-30T00:00:00.000Z,,41.5,,
863,2023-07-31T00:00:00.000Z,419069.39,40.82,10265.59,2
864,2023-08-01T00:00:00.000Z,,40.33,,
865,2023-08-02T00:00:00.000Z,606587.19,40.63,14928.69,2
866,2023-08-03T00:00:00.000Z,303617.96,43.19,7029.71,1
867,2023-08-04T00:00:00.000Z,1584803.89,44.54,35583.49,9
868,2023-08-05T00:00:00.000Z,1546583.38,45.99,33626.48,8
869,2023-08-06T00:00:00.000Z,2314640.22,47.11,49130.25,16
870,2023-08-07T00:00:00.000Z,4318208.63,45.63,94628.68,14
871,2023-08-08T00:00:00.000Z,4842759.39,47.09,102843.14,14
872,2023-08-09T00:00:00.000Z,530385.02,46.61,11379.88,4
873,2023-08-10T00:00:00.000Z,3122549.29,49.3,63334.12,13
874,2023-08-11T00:00:00.000Z,4384679.29,53.64,81744.95,20
875,2023-08-12T00:00:00.000Z,1481489.57,53.12,27891.29,10
876,2023-08-13T00:00:00.000Z,2219411.93,51.51,43088.58,14
877,2023-08-14T00:00:00.000Z,2268554.8,52.55,43166.14,7
878,2023-08-15T00:00:00.000Z,2297803.46,48.99,46902.23,8
879,2023-08-16T00:00:00.000Z,886967.85,47.4,18713.11,3
880,2023-08-17T00:00:00.000Z,6638105.07,45.28,146610.22,9
881,2023-08-18T00:00:00.000Z,653543.65,44.58,14661.35,2
882,2023-08-19T00:00:00.000Z,4778361.7,45.2,105704.31,10
883,2023-08-20T00:00:00.000Z,716498.82,45.2,15853.25,5
884,2023-08-21T00:00:00.000Z,,44.56,,
885,2023-08-22T00:00:00.000Z,328505.63,42.92,7653.39,2
886,2023-08-23T00:00:00.000Z,178127.36,44.2,4030.29,1
887,2023-08-24T00:00:00.000Z,,43.22,,
888,2023-08-25T00:00:00.000Z,255936.87,42.35,6043.7,2
889,2023-08-26T00:00:00.000Z,283823.61,41.9,6773.13,2
890,2023-08-27T00:00:00.000Z,982028.18,42.5,23107.73,4
891,2023-08-28T00:00:00.000Z,,42.99,,
892,2023-08-29T00:00:00.000Z,362408.39,44.73,8102.73,2
893,2023-08-30T00:00:00.000Z,169293.51,44.31,3820.82,1
894,2023-08-31T00:00:00.000Z,1153624.87,42.66,27043.29,2
895,2023-09-01T00:00:00.000Z,103904.22,42.05,2470.99,1
896,2023-09-02T00:00:00.000Z,332961.89,41.77,7972.15,2
897,2023-09-03T00:00:00.000Z,,41.3,,
898,2023-09-04T00:00:00.000Z,167875.1,41.09,4085.53,1
899,2023-09-05T00:00:00.000Z,206603.06,41.32,5000,2
900,2023-09-06T00:00:00.000Z,590584.83,40.81,14472.17,3
901,2023-09-07T00:00:00.000Z,464756.2,41.65,11158.52,3
902,2023-09-08T00:00:00.000Z,355202.26,41.29,8603.37,2
903,2023-09-09T00:00:00.000Z,392683.71,40.76,9634.93,3
904,2023-09-10T00:00:00.000Z,344180.46,40.05,8593.37,2
905,2023-09-11T00:00:00.000Z,470618.54,39.22,12000,4
906,2023-09-12T00:00:00.000Z,,39.94,,
907,2023-09-13T00:00:00.000Z,535445.4,39.91,13416.72,4
908,2023-09-14T00:00:00.000Z,,40.28,,
909,2023-09-15T00:00:00.000Z,114179.91,40.72,2804.32,1
910,2023-09-16T00:00:00.000Z,1698922.62,41.54,40899.55,4
911,2023-09-17T00:00:00.000Z,686200.38,40.96,16752.52,3
912,2023-09-18T00:00:00.000Z,203244.26,40.65,5000,1
913,2023-09-19T00:00:00.000Z,1001759.83,40.75,24581.61,5
914,2023-09-20T00:00:00.000Z,378468.89,40.7,9299,1
915,2023-09-21T00:00:00.000Z,358484.11,39.79,9008.76,2
916,2023-09-22T00:00:00.000Z,255144.02,39.66,6433.36,2
917,2023-09-23T00:00:00.000Z,245179.52,39.55,6199.16,2
918,2023-09-24T00:00:00.000Z,301446.01,39.04,7721.96,1
919,2023-09-25T00:00:00.000Z,2068412.18,38.76,53368.12,3
920,2023-09-26T00:00:00.000Z,117326.78,38.86,3019.57,1
921,2023-09-27T00:00:00.000Z,,38.79,,
922,2023-09-28T00:00:00.000Z,,40.02,,
923,2023-09-29T00:00:00.000Z,215670.27,40.35,5344.86,2
924,2023-09-30T00:00:00.000Z,2121952.9,39.92,53156.52,3
925,2023-10-01T00:00:00.000Z,258995.49,41.58,6228.27,2
926,2023-10-02T00:00:00.000Z,221563.05,40.29,5499.23,2
927,2023-10-03T00:00:00.000Z,470977.59,39.89,11805.9,3
928,2023-10-04T00:00:00.000Z,,39.4,,
929,2023-10-05T00:00:00.000Z,,38.87,,
930,2023-10-06T00:00:00.000Z,,39.66,,
931,2023-10-07T00:00:00.000Z,,39.4,,
932,2023-10-08T00:00:00.000Z,122245.72,39.16,3121.95,1
933,2023-10-09T00:00:00.000Z,219479.15,38.46,5706.29,2
934,2023-10-10T00:00:00.000Z,1378673.98,40.12,34366.54,6
935,2023-10-11T00:00:00.000Z,249455.11,41.05,6077.34,2
936,2023-10-12T00:00:00.000Z,1884036.74,39.27,47977.92,5
937,2023-10-13T00:00:00.000Z,,39.59,,
938,2023-10-14T00:00:00.000Z,157427.87,39.77,3958.76,1
939,2023-10-15T00:00:00.000Z,,39.5,,
940,2023-10-16T00:00:00.000Z,,40.2,,
941,2023-10-17T00:00:00.000Z,2025212.01,40.95,49453.44,7
942,2023-10-18T00:00:00.000Z,1891936.7,39.26,48193.53,7
943,2023-10-19T00:00:00.000Z,1827520.74,38.58,47365.18,7
944,2023-10-20T00:00:00.000Z,992601.28,39.55,25094.54,8
945,2023-10-21T00:00:00.000Z,247241.83,40.04,6175.05,2
946,2023-10-22T00:00:00.000Z,131153.75,40.78,3216.39,1
947,2023-10-23T00:00:00.000Z,1080248.32,42.78,25249.42,5
948,2023-10-24T00:00:00.000Z,5139119.21,46.93,109508.86,10
949,2023-10-25T00:00:00.000Z,548636.94,46.68,11754.2,4
950,2023-10-26T00:00:00.000Z,14500526.95,49.48,293082.21,15
951,2023-10-27T00:00:00.000Z,474067.8,50.14,9455.17,2
952,2023-10-28T00:00:00.000Z,117994,49.16,2400,1
953,2023-10-29T00:00:00.000Z,,50.23,,
954,2023-10-30T00:00:00.000Z,796663.79,49.12,16217.16,5
955,2023-10-31T00:00:00.000Z,162675.71,48.44,3358.15,1
956,2023-11-01T00:00:00.000Z,612558.41,49.8,12299.39,3
957,2023-11-02T00:00:00.000Z,445716.13,50.31,8859.05,3
958,2023-11-03T00:00:00.000Z,2310175.17,57.25,40349,12
959,2023-11-04T00:00:00.000Z,13777068.1,62.36,220926.15,15
960,2023-11-05T00:00:00.000Z,5290235.51,64.84,81589.69,13
961,2023-11-06T00:00:00.000Z,24819599.75,66.37,373944.41,21
962,2023-11-07T00:00:00.000Z,4868242.06,64.54,75434.87,18
963,2023-11-08T00:00:00.000Z,23712207.82,75.85,312637.35,57
964,2023-11-09T00:00:00.000Z,30044070.28,89.95,334023.19,90
965,2023-11-10T00:00:00.000Z,38303176.91,95.65,400466.03,103
966,2023-11-11T00:00:00.000Z,17736249.95,92.91,190905.16,45
967,2023-11-12T00:00:00.000Z,8562587.76,89.85,95295.54,19
968,2023-11-13T00:00:00.000Z,6827419.48,87.25,78250.52,29
969,2023-11-14T00:00:00.000Z,6728728.58,84.91,79243.5,19
970,2023-11-15T00:00:00.000Z,9811058.17,93.16,105316.48,24
971,2023-11-16T00:00:00.000Z,6214077.37,84.62,73437.68,26
972,2023-11-17T00:00:00.000Z,2533573.46,83.29,30418.31,13
973,2023-11-18T00:00:00.000Z,4073086.81,87.21,46705.54,20
974,2023-11-19T00:00:00.000Z,10700871.3,97.37,109900.13,31
975,2023-11-20T00:00:00.000Z,15694136.3,103.81,151184.94,62
976,2023-11-21T00:00:00.000Z,4264994.86,89.96,47410.2,13
977,2023-11-22T00:00:00.000Z,18499882.37,103.73,178338.8,37
978,2023-11-23T00:00:00.000Z,10264287.09,98.8,103889.91,25
979,2023-11-24T00:00:00.000Z,11595201.7,99.96,115997.07,25
980,2023-11-25T00:00:00.000Z,9706947.72,108.04,89846.15,34
981,2023-11-26T00:00:00.000Z,13076424.34,116.97,111789.42,40
982,2023-11-27T00:00:00.000Z,15516835.15,114.13,135956.36,52
983,2023-11-28T00:00:00.000Z,20350587.42,116.54,174618.92,55
984,2023-11-29T00:00:00.000Z,8326068.61,109.07,76337.68,24
985,2023-11-30T00:00:00.000Z,8206401.5,107.51,76329.97,25
986,2023-12-01T00:00:00.000Z,2337848.79,108.13,21620.1,9
987,2023-12-02T00:00:00.000Z,855438.08,113.77,7519.05,6
988,2023-12-03T00:00:00.000Z,6675206.79,109.18,61141.48,17
989,2023-12-04T00:00:00.000Z,9061665.06,110.87,81735.29,31
990,2023-12-05T00:00:00.000Z,8111007.25,110.33,73518.55,19
991,2023-12-06T00:00:00.000Z,7601712.62,96.95,78404.88,24
992,2023-12-07T00:00:00.000Z,6491244.16,102.8,63145.89,16
993,2023-12-08T00:00:00.000Z,7522409.08,103.11,72957.95,27
994,2023-12-09T00:00:00.000Z,8482141.45,107.67,78778.21,35
995,2023-12-10T00:00:00.000Z,9648102.37,107.51,89740.11,33
996,2023-12-10T00:00:00.000Z,9648102.37,107.51,89740.11,33
997,2023-12-10T00:00:00.000Z,9648102.37,107.51,89740.11,33
998,2023-12-10T00:00:00.000Z,9648102.37,107.51,89740.11,33
999,2023-12-10T00:00:00.000Z,9648102.37,107.51,89740.11,33
1000,2023-12-10T00:00:00.000Z,9648102.37,107.51,89740.11,33
1001,2023-12-10T00:00:00.000Z,9648102.37,107.51,89740.11,33
1002,2023-12-10T00:00:00.000Z,9648102.37,107.51,89740.11,33
1003,2023-12-11T00:00:00.000Z,738407.29,99.05,7454.66,3
1004,2023-12-12T00:00:00.000Z,4818498.63,97.76,49290.54,15
1005,2023-12-13T00:00:00.000Z,2281584.54,99.32,22971.63,11
1006,2023-12-14T00:00:00.000Z,5525530.82,104.98,52636.16,16
1007,2023-12-15T00:00:00.000Z,1725895.77,93.6,18439.79,8
1008,2023-12-16T00:00:00.000Z,3127898.62,94.2,33204.2,10
